"Store ID","Store Name","Ownership Type","Country","City","Region","ZIP Code","Address","Coordinates","Phone Number","Opening Hours"
"4893","Plaza Hollywood Cancun","Licensed Store","Mexico","Cancún","Quintana Roo","77500","Av Coba Palenque Y, Cancun","[21.15560,-86.83466]","",""
"4896","Vasconcelos","Licensed Store","Mexico","San Pedro Garza García","Nuevo Leon","66226","Av Vasconcelos No 804, Monterrey","[25.65711,-100.38979]","",""
"4898","Lopez Mateos 1","Licensed Store","Mexico","Celaya","Guanajuato","38060","Av Lopez Mateos No1025, Celaya","[20.51965,-100.82902]","",""
"4899","Playacar","Licensed Store","Mexico","Playa del Carmen","Quintana Roo","77710","Paseo Xaman-Ha Lt 19, Playa del Carmen","[20.60890,-87.09130]","",""
"4900","Arboledas","Licensed Store","Mexico","Ciudad López Mateos","State of Mexico","52950","Calz De Los Jinetes, Mexico City","[19.55877,-99.21735]","",""
"4901","Magnocentro","Licensed Store","Mexico","Huixquilucan de Degollado","State of Mexico","52760","Ex-Hacienda De Jesus Del, Mexico City","[19.40658,-99.27183]","",""
"4907","Tecnologico Metepec","Licensed Store","Mexico","San Salvador Tizatlalli","State of Mexico","52172","Av Tecnologico No1600 Y, Toluca","[19.27349,-99.57449]","",""
"4908","Garcia Salinas","Licensed Store","Mexico","Zacatecas","Zacatecas","98097","Calz Francisco Garcia Salinas, Zacatecas","[22.75984,-102.54514]","",""
"4910","Galerias Laguna","Licensed Store","Mexico","Torreón","Coahuila","27018","Av Periferico Raul Lopez, Torreon","[25.58148,-103.40398]","",""
"4911","Galerias Pachuca","Licensed Store","Mexico","Pachuca","Hidalgo","42084","CC Galerias Pachuca Loc, Pachuca","[20.09819,-98.76750]","",""
"4920","Marina Los Cabos","Licensed Store","Mexico","Cabo San Lucas","Baja California Sur","23450","Blvd Marina Sn Lt, Los Cabos","[22.88676,-109.91130]","",""
"4923","Zona Financiera","Licensed Store","Mexico","Guadalajara","Jalisco","44610","Av Prol Americas No, Guadalajara","[20.70321,-103.37646]","",""
"4925","Valle Real Guadalajara","Licensed Store","Mexico","Zapopan","Jalisco","45136","Prol Av Santa Margarita, Guadalajara","[20.73043,-103.44172]","",""
"4928","T2 Planta Alta","Licensed Store","Mexico","Mexico City","Mexico City","15620","Aicm Terminal 2 Loc, Mexico City","[19.42175,-99.07732]","",""
"4929","Triangulo","Licensed Store","Mexico","Puebla","Puebla","72400","Av 39 Poniente No, Puebla","[19.04373,-98.23559]","",""
"4890","Valle Plaza 401 Monterrey","Licensed Store","Mexico","San Pedro Garza García","Nuevo Leon","66220","Calz Del Valle No, Monterrey","[25.65529,-100.36135]","",""
"4892","La Isla Cancun I","Licensed Store","Mexico","Cancún","Quintana Roo","77500","Blvd Kulkulkan Mz 52, Cancun","[21.11069,-86.76418]","",""
"4894","Toluca Colon","Licensed Store","Mexico","Toluca","State of Mexico","50120","Av Venustiano Carranza No, Toluca","[19.27928,-99.66134]","",""
"4895","Costa Azul","Licensed Store","Mexico","Acapulco","Guerrero","39850","Ave Costera Miguel Aleman, Acapulco","[16.84692,-99.85000]","",""
"4897","Paseo Triunfo de la Republica","Licensed Store","Mexico","Ciudad Juárez","Chihuahua","32310","Av Paseo Triunfo De La, Ciudad Juarez","[31.73687,-106.44345]","",""
"4903","Universidad Anahuac","Licensed Store","Mexico","Naucalpan de Juárez","State of Mexico","52786","Av Lomas Anahuac Sn, Mexico City","[19.40280,-99.26382]","",""
"4905","T1 Puerta 3 D8","Licensed Store","Mexico","Mexico City","Mexico City","15620","Aicm P B Loc, Mexico City","[19.43443,-99.08497]","",""
"4906","Cholula","Licensed Store","Mexico","Cholula de Rivadavia","Puebla","72810","Av 5 De Mayo, Puebla","[19.05923,-98.29564]","",""
"4912","Pachuca San Javier","Licensed Store","Mexico","Pachuca","Hidalgo","42064","Blvd Everardo Marquez No1100, Pachuca","[20.11308,-98.74690]","",""
"4913","MM Garza Sada","Licensed Store","Mexico","Monterrey","Nuevo Leon","64700","CC Paseo Tec Av, Monterrey","[25.65439,-100.29387]","",""
"4915","La Salle","Licensed Store","Mexico","Mexico City","Mexico City","06170","Benjamin Franklin No47 Col, Mexico City","[19.40790,-99.18150]","",""
"4918","Forum Tepic","Licensed Store","Mexico","Tepic","Nayarit","63000","Av Luis Donaldo Colosio, Tepic","[21.49178,-104.86613]","",""
"4921","Torre Scotiabank","Licensed Store","Mexico","Mexico City","Mexico City","11000","Blvd Manuel Avila Camacho, Mexico City","[19.42842,-99.20330]","",""
"4922","Fiesta Americana Reforma","Licensed Store","Mexico","Mexico City","Mexico City","06600","Av Paseo De La, Mexico City","[19.43258,-99.15459]","",""
"4924","Amberes","Licensed Store","Mexico","Mexico City","Mexico City","06600","Amberes No 1 Loc, Mexico City","[19.42712,-99.16622]","",""
"4930","Gran Sur","Licensed Store","Mexico","Mexico City","Mexico City","04700","Av Iman No 151, Mexico City","[19.30647,-99.16659]","",""
"4931","Plaza Delta","Licensed Store","Mexico","Mexico City","Mexico City","03000","Av Cuauhtemoc Esq Obrero, Mexico City","[19.40327,-99.15382]","",""
"4932","T1 Aeropuerto Internacional II","Licensed Store","Mexico","Mexico City","Mexico City","15620","Aicm Loc 66 1Er, Mexico City","[19.43580,-99.08200]","",""
"4940","Centro Magno","Licensed Store","Mexico","Guadalajara","Jalisco","44130","Av Vallarta No 2425, Guadalajara","[20.67389,-103.38046]","",""
"4941","Palmas","Licensed Store","Mexico","Mexico City","Mexico City","11000","Av De La Palmas, Mexico City","[19.42935,-99.21611]","",""
"4942","Antara","Licensed Store","Mexico","Mexico City","Mexico City","11520","Av Ejercito Nacional No, Mexico City","[19.43900,-99.20271]","",""
"4944","Mazaryk Spencer","Licensed Store","Mexico","Mexico City","Mexico City","11560","Presidente Mazaryk No 39, Mexico City","[19.43150,-99.18267]","",""
"4945","Metropoli Patriotismo","Licensed Store","Mexico","Mexico City","Mexico City","03800","Av Patriotismo No 229, Mexico City","[19.39602,-99.18039]","",""
"4946","Bugambilias Guadalajara","Licensed Store","Mexico","Zapopan","Jalisco","45237","Blvd Bugambilias No 2299, Guadalajara","[20.60094,-103.44762]","",""
"4950","Puebla Masarik","Licensed Store","Mexico","Tlaxcalancingo","Puebla","72830","Blvd Atlixcayotl No 1501, Puebla","[19.02701,-98.23650]","",""
"4952","Santa Fe 2","Licensed Store","Mexico","Mexico City","Mexico City","01376","Guillermo Gonzalez Camarena No, Mexico City","[19.36531,-99.26573]","",""
"4953","Bellavista","Licensed Store","Mexico","Tlalnepantla de Baz","State of Mexico","54054","Av De Las Fuentes, Mexico City","[19.51891,-99.24697]","",""
"4954","Aeropuerto II Sala Bravo","Licensed Store","Mexico","Mexico City","Mexico City","15620","Aicm Nacional 1Er Piso, Mexico City","[19.43320,-99.08621]","",""
"4955","Chapultepec Guadalajara","Licensed Store","Mexico","Guadalajara","Jalisco","44150","Av Lopez Cotilla No, Guadalajara","[20.67366,-103.36901]","",""
"4957","Asuncion","Licensed Store","Mexico","Aguascalientes","Aguascalientes","20280","Blvd Jose Ma Chavez, Aguascalientes","[21.85829,-102.29369]","",""
"4958","Blvd Ortiz Mena Chihuahua","Licensed Store","Mexico","Chihuahua","Chihuahua","31205","Blvd Antonio Ortiz Mena, Chihuahua","[28.64105,-106.09957]","",""
"4959","Manzanillo Blvd Madrid","Licensed Store","Mexico","Manzanillo","Colima","28869","Blvd Miguel De La, Manzanillo","[19.10477,-104.33289]","",""
"4960","Division del Norte","Licensed Store","Mexico","Mexico City","Mexico City","04120","Callejon Cororco No6 Col, Mexico City","[19.35399,-99.15178]","",""
"4964","Nuevo Leon","Licensed Store","Mexico","Mexico City","Mexico City","06760","Tlaxcala No 207 Y, Mexico City","[19.40655,-99.17170]","",""
"4966","Tecos","Licensed Store","Mexico","Zapopan","Jalisco","45110","Plaza Universidad Av Patria, Guadalajara","[20.69131,-103.41485]","",""
"4970","Galerias Atizapan","Licensed Store","Mexico","Ciudad López Mateos","State of Mexico","52977","Av Ruiz Cortines No, Mexico City","[19.54884,-99.27424]","",""
"4934","Mariano Otero","Licensed Store","Mexico","Guadalajara","Jalisco","44535","Mariano Otero No 3295, Guadalajara","[20.65266,-103.39485]","",""
"4935","Altavista-Mexico","Licensed Store","Mexico","Mexico City","Mexico City","01060","Av Altavista No 147, Mexico City","[19.34899,-99.19591]","",""
"4938","16 de Septiembre","Licensed Store","Mexico","Mexico City","Mexico City","06000","16 De Septiembre No, Mexico City","[19.43194,-99.13512]","",""
"4939","Gran Plaza","Licensed Store","Mexico","Zapopan","Jalisco","45049","Av Vallarta No 3959, Guadalajara","[20.67455,-103.40469]","",""
"4943","Santa Fe IMAX","Licensed Store","Mexico","Mexico City","Mexico City","05348","Autopista Mexico-Toluca No 1235, Mexico City","[19.35933,-99.27470]","",""
"4947","Condesa","Licensed Store","Mexico","Mexico City","Mexico City","06170","Michoacan No 139 Esq, Mexico City","[19.41161,-99.17727]","",""
"4948","Insurgentes Relox","Licensed Store","Mexico","Mexico City","Mexico City","01070","Insurgentes Sur No 2374, Mexico City","[19.33998,-99.19019]","",""
"4951","Galerias Las Animas","Licensed Store","Mexico","Puebla","Puebla","72400","Circ Int Juan Pablo, Puebla","[19.04427,-98.23475]","",""
"4956","San Marcos","Licensed Store","Mexico","Cuautitlán Izcalli","State of Mexico","54720","Av Chalma Sn Esq Autopista, Cuautitlan Izcalli","[19.67089,-99.20313]","",""
"4961","Anahuac","Licensed Store","Mexico","San Nicolás de los Garza","Nuevo Leon","66450","Av Universidad No100 Col, Monterrey","[25.73805,-100.30306]","",""
"4962","Mazatlan Lomas","Licensed Store","Mexico","Mazatlan","Sinaloa","82110","Av Paseo Lomas De, Mazatlan","[23.24362,-106.44852]","",""
"4965","Echegaray","Licensed Store","Mexico","Naucalpan de Juárez","State of Mexico","53310","Blvd Hacienda De La, Mexico City","[19.48702,-99.23291]","",""
"4967","Constitucion","Licensed Store","Mexico","Monterrey","Nuevo Leon","64060","Av Constitucion Pte No1804-B, Monterrey","[25.66921,-100.33959]","",""
"4968","Galerias Hipodroma","Licensed Store","Mexico","Tijuana","Baja California","22024","Blvd Agua Caliente No, Tijuana","[32.50900,-116.99278]","",""
"4969","CM Coapa","Licensed Store","Mexico","Mexico City","Mexico City","14380","Calle Puente No186 Col, Mexico City","[19.28448,-99.13730]","",""
"4979","Forum Culiacan","Licensed Store","Mexico","Culiacán","Sinaloa","80020","Blvd Diego Valadez Esq Enrique, Culiacan","[24.81456,-107.40063]","",""
"4983","Tec Guadalajara","Licensed Store","Mexico","Zapopan","Jalisco","45201","Av General Ramon Corona, Zapopan","[20.73490,-103.45492]","",""
"4984","Rodriguez","Licensed Store","Mexico","Hermosillo","Sonora","83016","Nayarit Sn Col Cruz, Hermosillo","[29.09571,-110.95294]","",""
"4985","San Miguel Centro","Licensed Store","Mexico","San Miguel de Allende","Guanajuato","37700","Canal No3 Esq Hidalgo, San Miguel de Allende","[20.91443,-100.74426]","",""
"4987","Lienzo","Licensed Store","Mexico","Mexicali","Baja California","21240","Calz Manuel Gomez Morin, Mexicali","[32.65486,-115.41176]","",""
"4988","La Rosita","Licensed Store","Mexico","Torreón","Coahuila","27250","Blvd Paseo De La, Torreon","[25.51827,-103.41571]","",""
"4990","Camelinas","Licensed Store","Mexico","Morelia","Michoacán","58290","Av Camelinas No1494 Col, Morelia","[19.68117,-101.17856]","",""
"4991","Plaza Fiesta San Agustin Inter","Licensed Store","Mexico","San Pedro Garza García","Nuevo Leon","66260","Batallon De San Patricio, San Pedro Garza Garcia","[25.64839,-100.33669]","",""
"4997","Plaza Boulevares","Licensed Store","Mexico","Santiago de Querétaro","Querétaro","76169","Plaza Blvdes Loc 15, Santiago de Queretaro","[20.61505,-100.38892]","",""
"4998","Playas de Tijuana","Licensed Store","Mexico","Tijuana","Baja California","22500","Paseo Pedregal No1302 Fracc, Tijuana","[32.52989,-117.11660]","",""
"5001","Angel","Licensed Store","Mexico","Mexico City","Mexico City","06500","Paseo De La Reforma, Mexico City","[19.42796,-99.16684]","",""
"5002","Olivar de los Padres","Licensed Store","Mexico","Mexico City","Mexico City","01780","Av Olivar De Los, Mexico City","[19.33729,-99.23758]","",""
"5004","Las Aguilas","Licensed Store","Mexico","Mexico City","Mexico City","01010","Calz De Los Leones, Mexico City","[19.36122,-99.19739]","",""
"5009","Pedregal","Licensed Store","Mexico","Mexico City","Mexico City","01900","Crater No 709 Loc, Mexico City","[19.31645,-99.21069]","",""
"5011","Plaza Inn","Licensed Store","Mexico","Mexico City","Mexico City","01020","Insurgentes Sur No 1971, Mexico City","[19.35170,-99.18654]","",""
"4971","Guadalupe","Licensed Store","Mexico","Zapopan","Jalisco","45070","Av Guadalupe No6000 Loc, Guadalupe","[20.65876,-103.43690]","",""
"4973","Castorena","Licensed Store","Mexico","Mexico City","Mexico City","05260","Jose Ma Castorena No320, Mexico City","[19.36075,-99.29168]","",""
"4975","Periferico de la Juventud","Licensed Store","Mexico","Chihuahua","Chihuahua","31000","Blvd Periferico De La, Chihuahua","[28.62915,-106.12030]","",""
"4978","Tres Rios","Licensed Store","Mexico","Culiacán","Sinaloa","80020","Jose Diego Valadez Rios, Culiacan","[24.81560,-107.39924]","",""
"4980","Plaza del Sol - Chihuahua","Licensed Store","Mexico","Chihuahua","Chihuahua","31215","Periferico De La Juventud, Chihuahua","[28.62225,-106.11468]","",""
"4982","Parque Tezontle 2","Licensed Store","Mexico","Mexico City","Mexico City","09020","Canal De Tezontle No1512, Mexico City","[19.38249,-99.08327]","",""
"4989","Copernico","Licensed Store","Mexico","Zapopan","Jalisco","45070","Av Carnero No5435 Esq, Guadalajara","[20.62982,-103.42248]","",""
"4992","Lomas","Licensed Store","Mexico","San Luis Potosi","San Luis Potosi","78210","Montes Blancos No180 Esq, San Luis Potosi","[22.14312,-101.02246]","",""
"4999","Independencia Boulevard","Licensed Store","Mexico","Torreón","Coahuila","27140","Blvd Independencia No751 Col, Torreon","[25.55455,-103.44117]","",""
"5006","Plaza Santa Teresa","Licensed Store","Mexico","Mexico City","Mexico City","01900","Blvd Adolfo Lopez Mateos, Mexico City","[19.30948,-99.21316]","",""
"5008","Prado Norte","Licensed Store","Mexico","Mexico City","Mexico City","11000","Prado Norte No 324, Mexico City","[19.42775,-99.20917]","",""
"5010","Campos Eliseos","Licensed Store","Mexico","Mexico City","Mexico City","11550","Galileo No 8, Mexico City","[19.42843,-99.19340]","",""
"5013","Embassy Suites Hotel","Licensed Store","Mexico","Mexico City","Mexico City","06030","Paseo De La Reforma, Mexico City","[19.43355,-99.15438]","",""
"5014","Horacio","Licensed Store","Mexico","Mexico City","Mexico City","11530","Horacio No 326, Mexico City","[19.43300,-99.18663]","",""
"5015","Parque Lindavista 1","Licensed Store","Mexico","Mexico City","Mexico City","07760","Colectores 13 No 280, Mexico City","[19.48628,-99.13115]","",""
"5016","Parque Lindavista 2","Licensed Store","Mexico","Mexico City","Mexico City","07760","Colectores 13 No 280, Mexico City","[19.48650,-99.13058]","",""
"5017","Lomas Plaza","Licensed Store","Mexico","Mexico City","Mexico City","11000","Blvd Manuel Avila Camacho, Mexico City","[19.43015,-99.20675]","",""
"5018","Terranova","Licensed Store","Mexico","Guadalajara","Jalisco","44647","Av Terranova No 1025, Guadalajara","[20.69197,-103.38673]","",""
"5020","Jardines Vallarta","Licensed Store","Mexico","Zapopan","Jalisco","45027","Juan Palomar Y Arias, Guadalajara","[20.68191,-103.42840]","",""
"5022","Irrigacion","Licensed Store","Mexico","Mexico City","Mexico City","11500","Miguel De Cervantes Saavedra, Mexico City","[19.44110,-99.20657]","",""
"5023","Miguel Angel Quevedo 2","Licensed Store","Mexico","Mexico City","Mexico City","04000","Av Miguel Angel De, Mexico City","[19.34485,-99.16523]","",""
"5024","Landmark","Licensed Store","Mexico","Zapopan","Jalisco","45116","Av Mexico No 3300, Guadalajara","[20.70741,-103.41372]","",""
"5029","Centro Comercial Santa Fe 2","Licensed Store","Mexico","Mexico City","Mexico City","05348","Av Vasco De Quiroga, Mexico City","[19.36177,-99.27614]","",""
"5032","Morelia Campestre","Licensed Store","Mexico","Morelia","Michoacán","58260","Enrique Ramirez Miguel No, Morelia","[19.69055,-101.15961]","",""
"5036","Galerias del Valle","Licensed Store","Mexico","Mexicali","Baja California","21185","Blvd Lazaro Cardenas No2200, Mexicali","[32.62245,-115.50816]","",""
"5039","Circuito Colonias","Licensed Store","Mexico","Merida","Yucatan","97125","Calle 31 No102 X, Merida","[20.99785,-89.61233]","",""
"5041","La Isla Acapulco","Licensed Store","Mexico","Acapulco","Guerrero","39897","Blvd De Las Naciones, Acapulco","[16.77273,-99.77671]","",""
"5044","Guanajuato Centro","Licensed Store","Mexico","Guanajuato","Guanajuato","36000","Jardin De La Union, Guanajuato","[21.01582,-101.25267]","",""
"5046","Parques Polanco","Licensed Store","Mexico","Mexico City","Mexico City","11520","Av Mariano Escobedo Esq, Mexico City","[19.44030,-99.18505]","",""
"5056","Cuidad Jardin","Licensed Store","Mexico","Ciudad Jardín","State of Mexico","57205","Av Bordo De Xochiaca, Mexico City","[19.42430,-99.02443]","",""
"5058","Tepepan","Licensed Store","Mexico","Mexico City","Mexico City","14600","Periferico Sur No 4991, Mexico City","[19.28179,-99.14304]","",""
"5061","Santa Fe","Licensed Store","Mexico","Mexico City","Mexico City","05348","Guillermo Gonzalez Camarena No, Mexico City","[19.36177,-99.27605]","",""
"5063","Herradura","Licensed Store","Mexico","Naucalpan de Juárez","State of Mexico","52783","Av Bosque De Minas, Huixquilucan","[19.42264,-99.26003]","",""
"5021","Obelisco","Licensed Store","Mexico","Mexico City","Mexico City","11550","Campos Eliseos No 247, Mexico City","[19.42784,-99.19513]","",""
"5026","ITESM Mexico City Campus","Licensed Store","Mexico","Ciudad López Mateos","State of Mexico","52926","Carr Lago De Guadalupe, Mexico City","[19.59760,-99.22649]","",""
"5027","La Calma","Licensed Store","Mexico","Zapopan","Jalisco","45070","Av Mariano Otero 3602, Monterrey","[20.63906,-103.41886]","",""
"5028","Domingo Diez","Licensed Store","Mexico","Cuernavaca","Morelos","62250","Av Domingo Diez No, Cuernavaca","[18.95551,-99.23701]","",""
"5031","Galerias Guadalajara 2","Licensed Store","Mexico","Zapopan","Jalisco","45030","CC Galerias Loc O-5, Guadalajara","[20.67733,-103.43279]","",""
"5034","Plaza La Hacienda","Licensed Store","Mexico","Mexico City","Mexico City","14300","Prol Division Del Norte, Mexico City","[19.29824,-99.13111]","",""
"5035","Andares","Licensed Store","Mexico","Zapopan","Jalisco","45116","Blvd Puerta De Hierrro, Guadalajara","[20.71046,-103.41201]","",""
"5038","Misiones","Licensed Store","Mexico","Ciudad Juárez","Chihuahua","32617","Blvd Paseo De La, Ciudad Juarez","[31.68645,-106.40669]","",""
"5040","Colima Sevilla","Licensed Store","Mexico","Colima","Colima","28017","Av Felipe Sevilla Del, Colima","[19.25294,-103.71229]","",""
"5043","Paseo Tabasco","Licensed Store","Mexico","Villahermosa","Tabasco","86035","Av Prol Paseo Tabasco, Villahermosa","[17.99710,-92.94219]","",""
"5045","Apto Sala Intl despues de filt","Licensed Store","Mexico","Zapote del Valle","Jalisco","45672","Carretera Gdl - Chapala, Guadalajara","[20.52551,-103.30172]","",""
"5047","Churubusco","Licensed Store","Mexico","Monterrey","Nuevo Leon","64590","Av Miguel Aleman No4120-1, Monterrey","[25.68578,-100.26719]","",""
"5050","Plaza Cumbres Cancun","Licensed Store","Mexico","Cancún","Quintana Roo","77560","Blvd Luis Donaldo Colosio, Cancun","[21.11238,-86.84021]","",""
"5051","Boulevard Centenario","Licensed Store","Mexico","Los Mochis","Sinaloa","81289","Blvd Antonio Rosales No 985, Los Mochis","[25.78444,-109.00386]","",""
"5054","Hidago Tampico","Licensed Store","Mexico","Tampico","Tamaulipas","89330","Av Hidalgo Sn Col, Tampico","[22.27197,-97.87377]","",""
"5055","Gabriel Mancera","Licensed Store","Mexico","Mexico City","Mexico City","04100","Eje 2 Pte Gabriel, Mexico City","[19.34981,-99.16169]","",""
"5057","Corporativo Polanco","Licensed Store","Mexico","Mexico City","Mexico City","11510","Av Jaime Balmes No, Mexico City","[19.43771,-99.20982]","",""
"5060","Alameda","Licensed Store","Mexico","Mexico City","Mexico City","06050","Av Juarez No 76, Mexico City","[19.43511,-99.14725]","",""
"8603200","Outlet Puebla Premier","Licensed Store","Mexico","San Francisco Ocotlán","Puebla","72680","PUMA, San Francisco Ocotln","[19.13260,-98.26704]","",""
"8603300","Epic Norponiente","Licensed Store","Mexico","Santiago de Querétaro","Querétaro","76235","Avenida Sonterra, Santiago de Quertaro","[20.61107,-100.49191]","",""
"8603500","Paseo Akia Apatzingan","Licensed Store","Mexico","Apatzingán de la Constitución","Michoacán","60667","Avenida Jos Mara Morelos y Pavn P, Apatzingan","[19.08829,-102.37384]","",""
"18854","Malecon las Americas","Licensed Store","Mexico","Cancún","Quintana Roo","77500","Av Bonampak Sn Lt1, Cancun","[21.14698,-86.82388]","",""
"18859","Plaza Lilas","Licensed Store","Mexico","Mexico City","Mexico City","11910","Bosque De Lilas No, Mexico City","[19.38774,-99.24774]","",""
"18877","Felix Cuevas","Licensed Store","Mexico","Mexico City","Mexico City","03200","Eje 7 Sur Felix, Mexico City","[19.37399,-99.17849]","",""
"18853","CM Los Cabos","Licensed Store","Mexico","San José del Cabo","Baja California Sur","23400","Blvd Mauricio Castro No4650, Los Cabos","[23.04347,-109.70459]","",""
"18855","Luna Parc","Licensed Store","Mexico","Cuautitlán Izcalli","State of Mexico","54740","Av 1 De Mayo, Cuautitlan Izcalli","[19.65729,-99.21042]","",""
"18927","Via Acoxpa","Licensed Store","Mexico","Mexico City","Mexico City","14340","Calz Acoxpa No438 Col, Mexico City","[19.29865,-99.13790]","",""
"19202","Parque Duraznos","Licensed Store","Mexico","Mexico City","Mexico City","11700","Bosque De Duraznos No39, Mexico City","[19.40321,-99.24248]","",""
"19223","Reforma Rio Marne","Licensed Store","Mexico","Mexico City","Mexico City","06500","Av Paseo De La, Mexico City","[19.43052,-99.16113]","",""
"19229","Culiacan Cinepolis","Licensed Store","Mexico","Culiacán","Sinaloa","80100","Blvd Pedro Infante Cruz, Culiacan","[24.80056,-107.41352]","",""
"19260","Samara I","Licensed Store","Mexico","Mexico City","Mexico City","01376","Av Santa Fe No94, Mexico City","[19.36780,-99.25836]","",""
"19321","Coapa Chedraui","Licensed Store","Mexico","Mexico City","Mexico City","04940","Calz De Hueso No670, Mexico City","[19.30425,-99.12002]","",""
"19322","Mariano Escobedo","Licensed Store","Mexico","Leon","Guanajuato","37480","Blvd Mariano Escobedo No2502, Leon","[21.10848,-101.66495]","",""
"19327","Plaza Lomas Verdes","Licensed Store","Mexico","Naucalpan de Juárez","State of Mexico","53140","Colina De La Paz, Naucalpan","[19.49486,-99.24673]","",""
"20126","Tuxtla Belisario Dominguez","Licensed Store","Mexico","Tuxtla Gutiérrez","Chiapas","29060","Blvd Belisario Dominguez No2535, Tuxtla Gutierrez","[16.75463,-93.14132]","",""
"20144","Macroplaza Tijuana","Licensed Store","Mexico","Tijuana","Baja California","22226","Blvd Insurgentes No18003 Interior, Tijuana","[32.49370,-116.93214]","",""
"20200","Park Plaza I","Licensed Store","Mexico","Mexico City","Mexico City","01376","CC Park Plaza Javier, Mexico City","[19.36504,-99.25884]","",""
"20312","Amsterdam","Licensed Store","Mexico","Mexico City","Mexico City","06100","Av Sonora No180 Loc, Mexico City","[19.41317,-99.16736]","",""
"65764","Torre WTC","Licensed Store","Mexico","Mexico City","Mexico City","03800","Calle Montecitos No 38, Mexico City","[19.39455,-99.17357]","",""
"68710","Bonampak -DT","Licensed Store","Mexico","Cancún","Quintana Roo","77500","Av Bonampak Mza20 Lt, Cancun","[21.15887,-86.82062]","",""
"68876","C.C. Plaza Satelite","Licensed Store","Mexico","Naucalpan de Juárez","State of Mexico","53100","Circuito Centro Comercila 2251, Naucalpan","[19.51029,-99.23338]","",""
"69038","Prisma Insurgentes","Licensed Store","Mexico","Mexico City","Mexico City","03900","Loc Pb Ubicado En, Mexico City","[19.36254,-99.18282]","",""
"68934","Plaza Aragon","Licensed Store","Mexico","Ecatepec de Morelos","State of Mexico","55149","Av Carlos Hank Gonzalez, Ecatepec","[19.53062,-99.02721]","",""
"69527","Hospital Angeles Interlomas","Licensed Store","Mexico","Jesús del Monte","State of Mexico","52763","Av Vialidad De La, Mexico","[19.39421,-99.28105]","",""
"69535","Eduardo Molina","Licensed Store","Mexico","Mexico City","Mexico City","07450","Calz San Juan De, Mexico City","[19.47960,-99.09606]","",""
"69540","Paseo Montejo","Licensed Store","Mexico","Merida","Yucatan","97000","Paseo Montejo No 465, Merida","[20.98498,-89.61810]","",""
"69533","Plaza Carso SLP","Licensed Store","Mexico","San Luis Potosi","San Luis Potosi","78215","Blvd Antonio Rocha Cordero, San Luis Potosi","[22.12751,-101.03072]","",""
"69539","Plaza Luis Cabrera","Licensed Store","Mexico","Mexico City","Mexico City","06700","Loc A Ubicado En, Mexico City","[19.41670,-99.15971]","",""
"88710","Plaza Las Palmas","Licensed Store","Mexico","Aguascalientes","Aguascalientes","20127","Av Universidad Esq San, Aguascalientes","[21.90807,-102.30975]","",""
"91736","Juarez 32","Licensed Store","Mexico","Mexico City","Mexico City","06050","Av Juarez 32 ColCentro, Mexico City","[19.43428,-99.14318]","",""
"91740","Corp. Coyoacan","Licensed Store","Mexico","Mexico City","Mexico City","03104","Av Coyoacan No 1622, Mexico City","[19.36584,-99.17221]","",""
"91716","Paseo Interlomas","Licensed Store","Mexico","Huixquilucan","State of Mexico","52779","Av Vialidad De La, Huixquilucan","[19.39668,-99.28179]","",""
"92494","Portal Churbusco","Licensed Store","Mexico","Mexico City","Mexico City","09060","Rio Churubusco 583 Col, Mexico City","[19.36885,-99.12077]","",""
"92489","Chapultepec Reforma","Licensed Store","Mexico","Mexico City","Mexico City","11850","Secc 1 Acceso A, Mexico City","[19.42424,-99.18448]","",""
"92495","Constituyentes Qro","Licensed Store","Mexico","Santiago de Querétaro","Querétaro","76030","Av Constituyentes No57 Int, Queretaro","[20.58409,-100.39329]","",""
"92699","Galerias Coapa","Licensed Store","Mexico","Mexico City","Mexico City","14300","Av Canal De Miramontes, Mexico City","[19.30285,-99.12304]","",""
"113961","Sendero Toluca","Licensed Store","Mexico","Lerma de Villada","State of Mexico","52000","Blvd Apto Miguel Aleman, Toluca","[19.28860,-99.55441]","",""
"114001","Alfonso Reyes","Licensed Store","Mexico","Mexico City","Mexico City","06760","Av Alfonso Reyes No218, Mexico City","[19.40750,-99.17380]","",""
"1005674","Galerias Campeche","Licensed Store","Mexico","Campeche","Campeche","24014","Pedro Sainz De Baranda, CAMPECHE","[19.85699,-90.52222]","",""
"1005832","Espacio Vista del Valle","Licensed Store","Mexico","Naucalpan de Juárez","State of Mexico","52323","Av Circunvalacion Poniente No189, Estado de Mexico","[19.47730,-99.26870]","",""
"8692400","Juarez 70","Licensed Store","Mexico","Toluca","State of Mexico","50130","Calle Francisco Murgua, Toluca de Lerdo","[19.28111,-99.65384]","",""
"1006291","Galerias Mazatlan","Licensed Store","Mexico","Mazatlan","Sinaloa","82103","Av De La Marina, MAZATLAN","[23.27890,-106.44930]","",""
"1006343","Las Juntas","Licensed Store","Mexico","Las Juntas","Jalisco","48291","Parcela 158 Zona 1, Puerto Vallarta","[20.68932,-105.24967]","",""
"1006351","Plaza Del Parque Oaxaca","Licensed Store","Mexico","Oaxaca","Oaxaca","68050","Calz Porfirio Diaz N258, Oaxaca","[17.07876,-96.71906]","",""
"1006748","Picacho","Licensed Store","Mexico","Mexico City","Mexico City","14240","Carretera Picacho Ajusco 557, Mexico","[19.29168,-99.21710]","",""
"1006754","Xalapa Animas","Licensed Store","Mexico","Xalapa","Veracruz","91180","Carretera Federal Paseo De, Xalapa Enriquez","[19.52030,-96.88282]","",""
"1007356","Patio Claveria","Licensed Store","Mexico","Mexico City","Mexico City","02080","Egipto 142 Col Claveria, Mexico","[19.46377,-99.18193]","",""
"1007357","Plaza Mallorca","Licensed Store","Mexico","Villahermosa","Tabasco","86035","Periferico Carlos Pellicer Camara, Villahermosa","[18.00385,-92.95578]","",""
"1007332","Mexicali Plaza del Valle","Licensed Store","Mexico","Mexicali","Baja California","21290","Blvd Lazaro Cardenas No, Mexicali","[32.62471,-115.45818]","",""
"1008338","Montecitos WTC","Licensed Store","Mexico","Mexico City","Mexico City","03800","Montecitos No 38 Col, Mexico City","[19.39480,-99.17397]","",""
"1008426","Gomez Palacio","Licensed Store","Mexico","Gomez Palacio","Durango","35080","Blvd Miguel Aleman No, Gomez Palacio","[25.55432,-103.49953]","",""
"1008452","Plaza Rio San Joaquin","Licensed Store","Mexico","Mexico City","Mexico City","11250","Calz Legaria 549 Pb-01, Mexico","[19.44780,-99.20685]","",""
"1008455","Nuevo Sur","Licensed Store","Mexico","Monterrey","Nuevo Leon","64830","CC Nuevo Sur Loc, Monterrey","[25.65335,-100.27447]","",""
"1008525","Carretera Mexico-Toluca KM 42","Licensed Store","Mexico","Colonia Ortiz Rubio","State of Mexico","52743","Carretera  Toluca Sn, Toluca","[19.28779,-99.44593]","",""
"1008526","Monte Pelvoux","Licensed Store","Mexico","Mexico City","Mexico City","11000","Monte Pelvoux Esq Montes, Mexico","[19.42519,-99.20442]","",""
"1009452","Tuxpan 53","Licensed Store","Mexico","Mexico City","Mexico City","06760","Tuxpan 53-A Col Roma, Mexico City","[19.40421,-99.16746]","",""
"1009451","Blvd. Morelos","Licensed Store","Mexico","Hermosillo","Sonora","83144","Blvd Jose Maria Morelos, Hermosillo","[29.11998,-110.95076]","",""
"1009497","Adagio","Licensed Store","Mexico","Tlaxcalancingo","Puebla","63011","Gran Blvd Lomas Loc, PUEBLA","[18.99423,-98.27674]","",""
"8810000","Plaza Tepozan","Licensed Store","Mexico","La Paz","State of Mexico","56428","Nutrisa, Los Reyes Acaquilpan","[19.36301,-98.98941]","",""
"1010287","Jolie Place","Licensed Store","Mexico","Mexico City","Mexico City","01900","Av De Las Fuentes, Mexico City","[19.32008,-99.21049]","",""
"1011317","Plaza Aragon II","Licensed Store","Mexico","Ecatepec de Morelos","State of Mexico","55149","Av Carlos Hank Gonzalez, Ecatepec, Edo. de Mex.","[19.53010,-99.02731]","",""
"1011327","ANDAMAR","Licensed Store","Mexico","Heroica Veracruz","Veracruz","94293","Blvd Ruiz Cortinez Kiosco, BOCA DEL RIO VERACRUZ","[19.13922,-96.10214]","",""
"1011462","Apto Mty TA SUE","Licensed Store","Mexico","Aeropuerto Internacional de Monterrey","Nuevo Leon","66629","Carr Miguel Aleman Km24, Monterrey","[25.77872,-100.11378]","",""
"1011731","Apto Gdl Llegadas Nacionales","Licensed Store","Mexico","Zapote del Valle","Jalisco","45672","Carretera Guadalajara Chapala 145, Guadalajara","[20.52526,-103.30074]","",""
"1012170","Parque Toreo II","Licensed Store","Mexico","Naucalpan de Juárez","State of Mexico","53390","Blvd Manuel Avila Camacho, Mexico","[19.45466,-99.21902]","",""
"1012248","City Express Aguascalientes","Licensed Store","Mexico","Aguascalientes","Aguascalientes","20280","Jose Maria Chavez Comercio, Aguascalientes","[21.84165,-102.29077]","",""
"1012301","Esfera City Center","Licensed Store","Mexico","Monterrey","Nuevo Leon","64988","Carretera Nacional Km 268, Monterrey","[25.57777,-100.24381]","",""
"1012263","Ciudad Granjas","Licensed Store","Mexico","Zapopan","Jalisco","45010","Calz Norte  7195, Guadalajara","[20.68318,-103.44680]","",""
"1012346","Metropolitan","Licensed Store","Mexico","San Pedro Garza García","Nuevo Leon","66269","Av Diego Rivera Loc, Monterrey","[25.65014,-100.33336]","",""
"1012349","Apto Mty TB SUE","Licensed Store","Mexico","Aeropuerto Internacional de Monterrey","Nuevo Leon","66629","Carretera Miguel Aleman Loc, Monterrey","[25.77438,-100.11132]","",""
"1012347","Ciudad Lazaro Cardenas","Licensed Store","Mexico","Lázaro Cárdenas","Michoacán","60954","Av Palmas Fs-01 1559, Lazaro Cardenas","[17.97700,-102.21271]","",""
"1012892","Plaza Central Mx","Licensed Store","Mexico","Mexico City","Mexico City","09040","Av Canal Rio Churubusco, Mexico City","[19.37671,-99.09551]","",""
"1012938","Centenario Azcapotzalco","Licensed Store","Mexico","Mexico City","Mexico City","02000","Av. Aquiles Serdan, Mexico","[19.47849,-99.18848]","",""
"1012918","Torre BBVA Reforma","Licensed Store","Mexico","Mexico City","Mexico City","06500","Paseo De La Reforma, Mexico","[19.42312,-99.17477]","",""
"1012921","Paseo Quintana","Licensed Store","Mexico","Santiago de Querétaro","Querétaro","76160","Blvd Bernardo Quintana Loc, Queretaro","[20.61059,-100.38215]","",""
"1013595","5a Av Playa del Carmen","Licensed Store","Mexico","Playa del Carmen","Quintana Roo","77720","5 Av Loc 5, Playa del Carmen","[20.63255,-87.06812]","",""
"1013980","Plaza Cibeles","Licensed Store","Mexico","Irapuato","Guanajuato","36643","Blvd Villas De Irapuato, Irapuato","[20.68119,-101.38125]","",""
"1013986","Moliere 222 II","Licensed Store","Mexico","Mexico City","Mexico City","11550","Moliere Kiosco 15 Nivel, Mexico City","[19.43555,-99.20221]","",""
"1014006","Galerias Las Torres","Licensed Store","Mexico","Leon","Guanajuato","37210","Blvd Juan Alonso Torres, Leon","[21.14793,-101.64803]","",""
"1014046","CUN - Cancun Int Airport T3 PA","Licensed Store","Mexico","Parque Industrial Santa Anna","Quintana Roo","77567","Apto Internacional De Cancun, Cancun","[21.03986,-86.87412]","",""
"1014053","Madero II","Licensed Store","Mexico","Mexico City","Mexico City","06000","Bolivar Fraccion 2 23, Mexico","[19.43363,-99.13848]","",""
"1014420","Arcos Bosques II","Licensed Store","Mexico","Mexico City","Mexico City","05120","Paseo De Tamarindos No90, Mexico DF","[19.38706,-99.25192]","",""
"1014435","Carretera Queretaro-Mexico","Licensed Store","Mexico","Santiago de Querétaro","Querétaro","76246","Autp Queretaro Loc 1, Queretaro","[20.58706,-100.35319]","",""
"1014494","Monclova","Licensed Store","Mexico","Monclova","Coahuila","25730","Blvd Harold R Pape, Monclova","[26.92384,-101.42028]","",""
"1014672","Galerias Celaya","Licensed Store","Mexico","Celaya","Guanajuato","38080","Av Nor-Oriente Loc 140, Celaya","[20.53165,-100.77815]","",""
"1014719","Acapulco Diamante - Relocation","Licensed Store","Mexico","Acapulco","Guerrero","39887","Blvd De Las Naciones, Acapulco","[16.79695,-99.81224]","",""
"1014982","Kukulcan Cancun","Licensed Store","Mexico","Cancún","Quintana Roo","77500","Blvd Kukulcan Km 35, Cancun","[21.14780,-86.79281]","",""
"1015006","Urban Center La Rioja","Licensed Store","Mexico","Los Gavilanes","Jalisco","45645","Av Lopez Mateos Loc-01, Guadalajara","[20.56903,-103.45739]","",""
"1015007","La Huerta","Licensed Store","Mexico","Morelia","Michoacán","58050","Calz La Huerta 2, Morelia","[19.68147,-101.21688]","",""
"1015079","Puerta Oeste","Licensed Store","Mexico","Hermosillo","Sonora","83224","Blvd Luis Donaldo Colosio, Hermosillo","[29.08236,-111.01305]","",""
"1015393","Paseo Ventura","Licensed Store","Mexico","Ecatepec de Morelos","State of Mexico","55076","Av Insurgentes 20 Esqpaseo, Mexico","[19.58118,-99.01869]","",""
"1015477","Reforma 180","Licensed Store","Mexico","Mexico City","Mexico City","06600","Av Paseo De La, Mexico DF","[19.42984,-99.16050]","",""
"1015482","Paseo La Fe","Licensed Store","Mexico","San Nicolás de los Garza","Nuevo Leon","66470","Av Miguel Aleman Loc, Monterrey","[25.71983,-100.21863]","",""
"1015789","Pabellon M","Licensed Store","Mexico","Monterrey","Nuevo Leon","64000","Av Juarez Nivel 1, Monterrey","[25.66548,-100.31715]","",""
"1015790","Salamanca Power Town","Licensed Store","Mexico","Salamanca","Guanajuato","36766","Av Camino A Mancera, Salamanca","[20.58393,-101.22989]","",""
"1015811","Plaza Exhibimex","Licensed Store","Mexico","Mexico City","Mexico City","01180","Ferrocarril De Cuernavaca 132, Mexico DF","[19.38841,-99.19115]","",""
"1015778","Hipodromo Caliente","Licensed Store","Mexico","Tijuana","Baja California","22024","Blvd Agua Caliente Loces, Tijuana","[32.50758,-116.99643]","",""
"1015798","Pabellon Metepec","Licensed Store","Mexico","San Jorge Pueblo Nuevo","State of Mexico","52169","Blvd Toluca Metepec Loc, Metepec","[19.26020,-99.62884]","",""
"1015862","Puerto Cancun","Licensed Store","Mexico","Cancún","Quintana Roo","77500","Blvd Kukulcan Km15 Zona, Cancun","[21.16057,-86.80878]","",""
"1016316","Torre Diana","Licensed Store","Mexico","Mexico City","Mexico City","06500","Rio Lerma Pb-5 323, Estado de Mexico","[19.42677,-99.17236]","",""
"1016776","Corporativo Banamex","Licensed Store","Mexico","Mexico City","Mexico City","01376","Av Vasco De Quiroga, Mexico City","[19.37448,-99.25929]","",""
"1016779","Cetram 4 caminos","Licensed Store","Mexico","Naucalpan de Juárez","State of Mexico","53370","Transmiciones Militares No 30, Estado de Mexico","[19.45712,-99.21559]","",""
"1016778","PLAZA ORIENTE II","Licensed Store","Mexico","Mexico City","Mexico City","09020","Sin Direccion, MEXICO","[19.38426,-99.07800]","",""
"1016780","Fashion Mall Tampico","Licensed Store","Mexico","Tampico","Tamaulipas","89130","Prol Ejercito Mexicano Sn, Tampico","[22.24946,-97.86489]","",""
"1017203","Galerias Leon","Licensed Store","Mexico","Leon","Guanajuato","37500","Blvd. Francisco Villa, Leon","[21.11372,-101.65383]","",""
"1017226","Puebla Avanza","Licensed Store","Mexico","Santa Ana Xalmimilulco","Puebla","74169","Autopista Mexico -Puebla Km, Puebla","[19.22017,-98.36186]","",""
"1017239","Ubika Milenio","Licensed Store","Mexico","Santiago de Querétaro","Querétaro","76060","Camino Real De Carretas, Queretaro","[20.59299,-100.34950]","",""
"1017241","Orizaba","Licensed Store","Mexico","Orizaba","Veracruz","94344","Av Oriente 6 Esq, Orizaba","[18.84959,-97.08941]","",""
"1017242","Villamarino","Licensed Store","Mexico","Cancún","Quintana Roo","77535","Calle 135 Mza 7, Cancun","[21.12729,-86.87711]","",""
"1017294","C.C. Cuaunahuac","Licensed Store","Mexico","Jiutepec","Morelos","62550","Carr Federal Cuernavaca-Cuautla Km, Cuernavaca Jiutepec","[18.90371,-99.17592]","",""
"1017296","Aragon Multiplaza Bosques","Licensed Store","Mexico","Ciudad Nezahualcóyotl","State of Mexico","57170","Manzana 647 Lote 43107, Estado de Mexico","[19.46509,-99.05701]","",""
"1017297","Uptown Merida","Licensed Store","Mexico","Merida","Yucatan","97130","Calle 17 No 106, Merida","[21.01255,-89.58320]","",""
"1017682","Isla Vallarta","Licensed Store","Mexico","Puerto Vallarta","Jalisco","48333","Av Ruiz Cortines Sn, Puerto Vallarta","[20.64486,-105.23823]","",""
"1017683","Forum Cuernavaca","Licensed Store","Mexico","Cuernavaca","Morelos","62376","Av Paseo Cuauhnahuac Sn, Cuernavaca","[18.92608,-99.19826]","",""
"1017820","EL DORADO SLP","Licensed Store","Mexico","San Luis Potosi","San Luis Potosi","78200","Nereo Rodriguez Barragan 450, San Luis Potosi","[22.15489,-101.00606]","",""
"1017818","Averanda","Licensed Store","Mexico","Cuernavaca","Morelos","62374","Km 875 Autopista Acapulco-Mexico, Cuernavaca","[18.93366,-99.19756]","",""
"1018223","Parque Puebla PA","Licensed Store","Mexico","Puebla","Puebla","72220","Ignacio Zaragoza 410 San, Puebla","[19.07020,-98.17216]","",""
"1018717","Gran Hotel Merida","Licensed Store","Mexico","Merida","Yucatan","97000","Calle 60 496 Col, Merida","[20.96820,-89.62252]","",""
"1018720","Tec Santa Fe","Licensed Store","Mexico","Mexico City","Mexico City","01389","Av De Los Poetas, Mexico City","[19.35944,-99.25811]","",""
"1018733","Biblioteca ITESM Mty II","Licensed Store","Mexico","Monterrey","Nuevo Leon","64700","Av Eugenio Garza Sada, Monterrey","[25.65017,-100.28959]","",""
"1019131","Manacar","Licensed Store","Mexico","Mexico City","Mexico City","03920","Av De Los Insurgentes, Mexico City","[19.36884,-99.18154]","",""
"1019137","Gran Plaza Merida-","Licensed Store","Mexico","Merida","Yucatan","97115","Calle 50 460 Gonzalo, Yucatan","[21.02965,-89.62401]","",""
"1019244","Galerias Tlaxcala","Licensed Store","Mexico","San Sebastián Atlahapa","Tlaxcala","90111","Libramiento Poniente De Tlaxcala, Tlaxcala","[19.29052,-98.22939]","",""
"1019335","El Molino","Licensed Store","Mexico","Toluca","State of Mexico","50080","Av. Sebastian Lerdo de Tejada PTE #305, Toluca","[19.29188,-99.66224]","",""
"1019361","Piedras Negras","Licensed Store","Mexico","Piedras Negras","Coahuila","26080","Ave Manuel Perez Trevino, Coahuila","[28.68668,-100.55760]","",""
"1019365","Parque Puebla PB","Licensed Store","Mexico","Puebla","Puebla","72220","Ignacio Zaragoza 410 San, Puebla","[19.06964,-98.17203]","",""
"1019688","Salamanca Mazda","Licensed Store","Mexico","Salamanca","Guanajuato","36875","Carretera Federal 45 Sn, Salamanca","[20.60360,-101.24520]","",""
"1019728","Galerias Pachuca PA","Licensed Store","Mexico","Pachuca","Hidalgo","42084","Camino Real Dela Plata, Pachuca","[20.09878,-98.76861]","",""
"1020216","Periferico de Puebla II","Licensed Store","Mexico","Tlaxcalancingo","Puebla","72820","Periferico Ecologico, Puebla","[19.02202,-98.26696]","",""
"1020227","Corporativo Santander","Licensed Store","Mexico","Mexico City","Mexico City","01219","Paseo De La Reforma, Ciudad de Mexico","[19.37653,-99.25613]","",""
"1020448","Rio Tijuana","Licensed Store","Mexico","Tijuana","Baja California","22104","Via Rapida Poniente 14455, Tijuana","[32.51025,-116.96502]","",""
"1020449","Star Medica Napoles","Licensed Store","Mexico","Mexico City","Mexico City","03800","Viaducto Rio Becerra 97, Ciudad de Mexico","[19.39623,-99.17966]","",""
"1020462","Matamoros DT","Licensed Store","Mexico","Matamoros","Tamaulipas","87390","Av Pedro Cardenas Sn, Matamoros","[25.84705,-97.50707]","",""
"1020482","Artz Pedregal Reserve","Licensed Store","Mexico","Mexico City","Mexico City","01900","Blvd Adolfo Ruiz Cortines, Mexico","[19.31336,-99.21872]","",""
"1020713","Apto Hermosillo","Licensed Store","Mexico","Hermosillo","Sonora","83229","Carretera Bahia De Kino, Hermosillo","[29.08948,-111.05196]","",""
"1020767","Artz Pedregal PB CC","Licensed Store","Mexico","Mexico City","Mexico City","01900","Blvd Adolfo Ruiz Cortines, Mexico","[19.31338,-99.21918]","",""
"1020822","Apto Salidas Nacionales Puerta","Licensed Store","Mexico","Fraccionamiento Las Asturias","Jalisco","45649","Apto Int De Guadalajara, Guadalajara","[20.52441,-103.29965]","",""
"1021228","Las Antenas PA","Licensed Store","Mexico","Mexico City","Mexico City","09910","Av Canal De Garay, Mexico City","[19.31403,-99.07614]","",""
"1021257","ATRIOS","Licensed Store","Mexico","Tierra Larga","Morelos","62757","Autp Cuautla-Oaxtepec Km 31900, Cuautla","[18.86749,-98.95131]","",""
"1021260","Carretera Saltillo Monterrey","Licensed Store","Mexico","Saltillo","Coahuila","25230","Blvd Venustiano Carranza 4100, Saltillo","[25.49602,-100.96533]","",""
"1021318","Starmedica Queretaro","Licensed Store","Mexico","Santiago de Querétaro","Querétaro","76090","Blvd Bernardo Quintana Arrioja, Queretaro","[20.61739,-100.40741]","",""
"1021656","Plaza Tepeyac","Licensed Store","Mexico","Mexico City","Mexico City","07840","Calz De Guadalupe 431, Mexico","[19.47182,-99.12015]","",""
"1021665","Aeropuerto Acapulco","Licensed Store","Mexico","Acapulco","Guerrero","39899","Blvrd de las Naciones, Aeropuerto, Acapulco","[16.76150,-99.75417]","",""
"1022058","Aeropuerto Chihuahua","Licensed Store","Mexico","Rancho Enmedio","Chihuahua","31376","C.P., Blvd. Juan Pablo II Km. 14,, Chihuahua","[28.70401,-105.96906]","",""
"1022060","Aeropuerto Mazatlan","Licensed Store","Mexico","Parque Industrial Mazatlán","Sinaloa","82204","Aeropuerto Rafael Buelna,, Mazatlan","[23.16322,-106.26732]","",""
"1022504","Metrocentro","Licensed Store","Mexico","Hermosillo","Sonora","83250","Blvd. Luis Donaldo Colosio Murrieta #450, Hermosillo","[29.08405,-110.98334]","",""
"1022841","Explanada Pachuca","Licensed Store","Mexico","Pachuca","Hidalgo","42119","Autopista Mex-Pachuca 6201, Pachuca de Soto","[20.03738,-98.79608]","",""
"1023307","Tapachula DT","Licensed Store","Mexico","Tapachula","Chiapas","30797","Carretera a Puerto Madera km 3.5, Tapachula","[14.87538,-92.28534]","",""
"1023314","Carretera 57 SLP Sur","Licensed Store","Mexico","San Luis Potosi","San Luis Potosi","78399","Carretera 57 Sur S/N, San Luis Potosi","[22.13618,-100.93559]","",""
"1023852","Cinemex Artz Pedregal","Licensed Store","Mexico","Mexico City","Mexico City","01900","Adolfo Ruiz Cortines 3720 Pedregal, Ciudad de Mexico","[19.31374,-99.21885]","",""
"1023994","Mundo E II","Licensed Store","Mexico","Tlalnepantla de Baz","State of Mexico","54050","Boulevard Manuel Avila Camacho #1007, Tlalnepantla","[19.52522,-99.22832]","",""
"1023997","Apto MTY TA II","Licensed Store","Mexico","Aeropuerto Internacional de Monterrey","Nuevo Leon","66629","Av. Miguel Alemn, Paseo de las Flores,, Monterrey","[25.77820,-100.11304]","",""
"1024003","Torre Zentrum II","Licensed Store","Mexico","Mexico City","Mexico City","05348","Ave Santa Fe 495, Mexico City","[19.35846,-99.27342]","",""
"1023970","Hospital Angeles Valle Oriente","Licensed Store","Mexico","San Pedro Garza García","Nuevo Leon","66260","Av.Circuito Frida Kahlo 180, Monterrey","[25.64525,-100.32038]","",""
"1024175","Galerias Perinorte","Licensed Store","Mexico","Cuautitlán Izcalli","State of Mexico","54769","Hac. Sierra Vieja 2, CDMX","[19.60194,-99.19128]","",""
"1024228","Carretera Queretaro-Celaya","Licensed Store","Mexico","El Pueblito","Querétaro","76930","Carretera Federal 45 D, Corregidora","[20.57602,-100.44458]","",""
"1024230","ITESM Queretaro","Licensed Store","Mexico","Santiago de Querétaro","Querétaro","76159","Epigmenio Gonzalez #500, Queretaro","[20.61291,-100.40379]","",""
"4993","Irapuato 1","Licensed Store","Mexico","Irapuato","Guanajuato","36670","Blvd Villas De Irapuato, Irapuato","[20.68233,-101.38094]","",""
"4995","Playa Basico","Licensed Store","Mexico","Playa del Carmen","Quintana Roo","77710","5A Av Norte Mz21, Playa del Carmen","[20.62671,-87.07228]","",""
"4994","Himalaya","Licensed Store","Mexico","San Luis Potosi","San Luis Potosi","78216","Cordillera Himalaya No 609, San Luis Potosi","[22.14126,-101.03178]","",""
"1024831","Downtown Santa Fe Kiosk II","Licensed Store","Mexico","Mexico City","Mexico City","05348","Av. Santa Fe 449 Col. Lomas de Santa Fe, Ciudad de Mexico","[19.36131,-99.26612]","",""
"1024834","San Miguel Izcalli","Licensed Store","Mexico","Cuautitlán Izcalli","State of Mexico","54715","Avenida Huehuetoca lote 1 manzana 23, Cuautitlan Izcalli, Estado de Mxic","[19.68840,-99.21397]","",""
"1025100","Plaza San Mateo","Licensed Store","Mexico","Naucalpan de Juárez","State of Mexico","53150","Av. Adolfo Lopez Mateos #201, NAUCALPAN DE JUAREZ","[19.48452,-99.25004]","",""
"1025295","Zacatecas Centro de Gobierno","Licensed Store","Mexico","Zacatecas","Zacatecas","98160","Heroes de Chapultepec 1703, Zacatecas","[22.77482,-102.60622]","",""
"19178","Puebla Zavaleta","Licensed Store","Mexico","Puebla","Puebla","72150","Calz Zavaleta No3916 Loc, Puebla","[19.04922,-98.24864]","",""
"20295","San Jose Insurgentes","Licensed Store","Mexico","Mexico City","Mexico City","03900","Loc Lc-03 Ubicado En, Mexico City","[19.36378,-99.18318]","",""
"20306","C.M Mixcoac","Licensed Store","Mexico","Mexico City","Mexico City","03730","Loc Sa-02 En Mega, Mexico City","[19.38053,-99.18593]","",""
"69707","Hospital Angeles Puebla","Licensed Store","Mexico","Puebla","Puebla","72190","Loc En El Hospital, Puebla","[19.02125,-98.23466]","",""
"87729","Parque Interlomas","Licensed Store","Mexico","Huixquilucan","State of Mexico","52763","Exhda Jesus Del Monte, Huixquilucan","[19.39576,-99.28835]","",""
"116325","Gandhi","Licensed Store","Mexico","Mexico City","Mexico City","01050","Av Miguel An Gel, Mexico City","[19.34718,-99.18236]","",""
"116329","Pestalozzi","Licensed Store","Mexico","Mexico City","Mexico City","03100","Pestalozzi No 1166 Col, Mexico City","[19.37927,-99.16132]","",""
"1011673","Real Center","Licensed Store","Mexico","Zapopan","Jalisco","45136","Av Santa Margarita R-04, Guadalajara","[20.73246,-103.42983]","",""
"1012891","Plaza Basica","Licensed Store","Mexico","Mexico City","Mexico City","09040","Av Leyes De Reforma, Mexico DF","[19.38019,-99.08731]","",""
"1015442","Plaza el Meson","Licensed Store","Mexico","Puebla","Puebla","72020","Blvd Hermanos Serdan 810, Puebla","[19.09352,-98.22949]","",""
"1022594","Centro Jacarandas","Licensed Store","Mexico","Irapuato","Guanajuato","36520","Av De Las Arboledas, Irapuato","[20.67476,-101.37139]","",""
"1022726","Explanada Puebla","Licensed Store","Mexico","Cholula","Puebla","72771","Alejandra S/N, Santiago Momoxpan, San Pedro Cholula","[19.07246,-98.27726]","",""
"1023920","Alameda Otay","Licensed Store","Mexico","Tijuana","Baja California","22425","Av. Gral. Lazaro Cardenas #2171, Tijuana","[32.53007,-116.95012]","",""
"1025941","Zona Romantica","Licensed Store","Mexico","Puerto Vallarta","Jalisco","48380","Bacilio Badillo esq Pino Suarez, Puerto Vallarta","[20.60212,-105.23663]","",""
"1026013","Estacion Las Brujas II","Licensed Store","Mexico","Entrada al Cerro de las Brujas","Guanajuato","38195","Parcela 220 Z1 P1/17 SN, Apaseo el Grande","[20.53183,-100.65113]","",""
"1026064","Plaza La Marina","Licensed Store","Mexico","Leon","Guanajuato","37130","Blvd. Jose Maria Morelos PTE. #702, Leon","[21.17113,-101.67909]","",""
"1026067","Huayacan DT","Licensed Store","Mexico","Cancún","Quintana Roo","77533","Av. Huayacan S/N, Cancun","[21.11720,-86.84657]","",""
"1026350","Centrito las Pintas Gdl","Licensed Store","Mexico","Tlaquepaque","Jalisco","45619","Carretera a Chapala, El Salto Jalisco, Guadalajara","[20.58522,-103.31951]","",""
"1027048","Aeropuerto Int'l Queretaro","Licensed Store","Mexico","Navajas","Querétaro","76246","Carretera Estatal #200 lote 22500, Queretaro","[20.62553,-100.19032]","",""
"1027299","Estacion Las Brujas I","Licensed Store","Mexico","Los Julianes","Guanajuato","38195","Carretera Queretaro-Celaya, Apaseo El Grande","[20.53271,-100.64728]","",""
"1027968","Campestre DT","Licensed Store","Mexico","Merida","Yucatan","97119","Prol Paseo Montejo 345, Merida","[21.02096,-89.62056]","",""
"1027991","Terracota Aguascalientes","Licensed Store","Mexico","Aguascalientes","Aguascalientes","20130","Independencia 1402, Aguascalientes","[21.90782,-102.29717]","",""
"1027982","Gran Patio Guanajuato","Licensed Store","Mexico","Yerbabuena","Guanajuato","36259","Carr. Guanajuato - Juventino Rosas 27, Guanajuato","[20.97405,-101.27878]","",""
"1027992","Paseo Tolloacan","Licensed Store","Mexico","Santa Ana Tlapaltitlán","State of Mexico","50160","Km 63.5 Carr.Toluca-Mexico, Toluca","[19.28742,-99.62771]","",""
"1028670","Foro 4 Leon","Licensed Store","Mexico","Leon","Guanajuato","37128","Bulevard Manuel J. Clouthier, Leon","[21.16455,-101.69256]","",""
"1044943","Universidad Panamericana","Licensed Store","Mexico","Mexico City","Mexico City","03920","Calle Augusto Rodin 498, CdMx Insurgentes Mixcoac","[19.37296,-99.18308]","",""
"1032490","Apto Cd Juarez SUE","Licensed Store","Mexico","Ciudad Juárez","Chihuahua","32698","carretera panamericana KM 18.5, Juarez","[31.63520,-106.43502]","",""
"1033259","AIFA Llegadas Nacionales AMB","Licensed Store","Mexico","Los Reyes Acozac","State of Mexico","55640","Circuito Exterior Mexiquense Km33, Zumpango","[19.75624,-99.00067]","",""
"1033328","Novena DT","Licensed Store","Mexico","Mexicali","Baja California","21226","Calle Novena 1598, Mexicali","[32.64020,-115.38626]","",""
"1033340","Carretera Aguascalientes Zacat","Licensed Store","Mexico","Aguascalientes","Aguascalientes","20120","Boulevard a Zacatecas km 4.6, Aguascalientes","[21.94070,-102.29035]","",""
"1033349","AIFA SUE Nacional","Licensed Store","Mexico","Los Reyes Acozac","State of Mexico","55640","Circuito Exterior Mexiquense Km 33, Zumpango","[19.75621,-99.00066]","",""
"1033713","T1 APTO Ciudad de Mexico PTA 2","Licensed Store","Mexico","Mexico City","Mexico City","15620","Av. Capitan Carlos Len S/N, Venustiano Carranza","[19.43357,-99.08590]","",""
"1033755","VIA RAPIDA DT","Licensed Store","Mexico","Tijuana","Baja California","22226","Blvd. Insurgentes, Tijuana","[32.50402,-116.95352]","",""
"1043482","Patio Tapachula","Licensed Store","Mexico","Tapachula","Chiapas","30799","4TA Avenida Sur, Tapachula","[14.89062,-92.27665]","",""
"1043534","Starmedica Merida","Licensed Store","Mexico","Merida","Yucatan","97130","Calle 26, Fraccionamiento San Carlos","[21.01616,-89.58510]","",""
"1043584","ANAHUAC MERIDA","Licensed Store","Mexico","Yucatán Country Club","Yucatan","97308","Universidad del Mayab, Merida","[21.11067,-89.61120]","",""
"1043794","PACHUCA II DT","Licensed Store","Mexico","Pachuca","Hidalgo","42083","Boulevard Nuevo Hidalgo, Pachuca de Soto","[20.09439,-98.76145]","",""
"1043795","Colima II","Licensed Store","Mexico","Villa de Álvarez","Colima","28979","Avenida Mara Ahumada de Gmez, Villa de lvarez","[19.27381,-103.73874]","",""
"1044261","Centro Sur Queretaro DT","Licensed Store","Mexico","Santiago de Querétaro","Querétaro","76090","Boulevard Bernardo Quintana Arrioja, Quertaro","[20.56362,-100.35606]","",""
"1044321","Mitikah II","Licensed Store","Mexico","Mexico City","Mexico City","03330","Calle Real Mayorazgo, Xoco","[19.36086,-99.17031]","",""
"1044772","Epicentra DT","Licensed Store","Mexico","Zapopan","Jalisco","45019","MEX-15 7793, San Juan de Ocotn","[20.70530,-103.46363]","",""
"1044838","Universidad Anahuac Queretaro","Licensed Store","Mexico","Zibatá","Querétaro","76269","Cto. Universidades I, Fraccin 2, Queretaro","[20.68064,-100.31253]","",""
"1045334","Terraza T2 AMB","Licensed Store","Mexico","Mexico City","Mexico City","15620","Av. Capitn Carlos Leon, Mxico Lic. Benito Jurez","[19.42101,-99.07795]","",""
"1049325","DISTRITO HEXUS","Licensed Store","Mexico","Hermosillo","Sonora","83249","Boulevard Juan Navarrete, Fracc Residencial Santa Fe","[29.08825,-110.99689]","",""
"1051328","Carretera Toluca-Atlacomulco D","Licensed Store","Mexico","San Cayetano Morelos","State of Mexico","50295","MEX-55, San Cayetano Morelos","[19.39342,-99.70947]","",""
"1051880","Avandaro","Licensed Store","Mexico","Valle de Bravo","State of Mexico","51200","Avenida del Carmen, Avandaro","[19.16510,-100.12504]","",""
"1052011","Belisario Dominguez DT","Licensed Store","Mexico","Tuxtla Gutiérrez","Chiapas","29020","Boulevard Doctor Belisario Domnguez, Fraccionamiento Jardines de Tuxtla","[16.75580,-93.15245]","",""
"1052542","Lazaro Cardenas Mty","Licensed Store","Mexico","Monterrey","Nuevo Leon","64910","Avenida Lzaro Crdenas, Fraccionamiento Mirador Residencial","[25.62525,-100.29266]","",""
"1052540","Las Americas Chetumal","Licensed Store","Mexico","Chetumal","Quintana Roo","77024","Avenida Insurgentes, Jardines de Payo Obispo","[18.51905,-88.32346]","",""
"1052921","Parque Tepeyac II","Licensed Store","Mexico","Mexico City","Mexico City","07460","Eje 3 Oriente 6912, Granjas Modernas","[19.47702,-99.09956]","",""
"1052930","Las Americas Playa del Carmen","Licensed Store","Mexico","Playa del Carmen","Quintana Roo","77723","Avenida 45, Ejidal","[20.64662,-87.08104]","",""
"1053027","Las Americas Merida","Licensed Store","Mexico","Merida","Yucatan","97220","Calle 21 331, Roma","[20.99058,-89.64887]","",""
"1053028","Hospital Angeles Centro Sur Qr","Licensed Store","Mexico","Santiago de Querétaro","Querétaro","76090","BOULEVARD BERNARDO QUINTANA ARRIOJA, Queretaro","[20.56401,-100.35841]","",""
"1053032","Ocampo Corner","Licensed Store","Mexico","Monterrey","Nuevo Leon","64000","Calle Melchor Ocampo Poniente, Nuevo Centro de Monterrey","[25.66690,-100.32064]","",""
"1053911","Tecnologico Ciudad Juarez","Licensed Store","Mexico","Ciudad Juárez","Chihuahua","32520","Calle Chinameca 11201, Fraccionamiento Cuernavaca","[31.71350,-106.42472]","",""
"1055075","Apto Cozumel SUE","Licensed Store","Mexico","San Miguel de Cozumel","Quintana Roo","77609","Avenida Antonio Gonzlez Fernndez, Emiliano Zapata","[20.51072,-86.93092]","",""
"1055121","Juarez II Puebla","Licensed Store","Mexico","Puebla","Puebla","72090","Av Juarez 2502, La Paz","[19.05169,-98.21811]","",""
"1055172","Epic Center Zakia","Licensed Store","Mexico","Zakia","Querétaro","76269","Av. Paseo de Zakia Pte. 4100, Zaka","[20.64560,-100.30967]","",""
"1055170","Parque Vinedos","Licensed Store","Mexico","Torreón","Coahuila","27023","Boulevard Ejrcito Mexicano, Fraccionamiento Los Viedos","[25.57513,-103.38925]","",""
"1055175","Paseo Azahares","Licensed Store","Mexico","Culiacán","Sinaloa","80140","Calzada Aeropuerto, Bachigualato","[24.77486,-107.45673]","",""
"1055622","MIguel Aleman II","Licensed Store","Mexico","Ciudad Apodaca","Nuevo Leon","66600","Carretera a Ciudad Miguel Alemn, Parque Industrial Amb-Agua Fra","[25.78899,-100.14648]","",""
"1055627","Plaza Concordia","Licensed Store","Mexico","Ciudad Apodaca","Nuevo Leon","66604","Av. Concordia SN, Fracc San Francisco 2do Sector","[25.77527,-100.20555]","",""
"1055632","Landmark Tijuana","Licensed Store","Mexico","Tijuana","Baja California","22044","Boulevard Agua Caliente, Calete","[32.51671,-117.01387]","",""
"1055624","Lopez Mateos Leon","Licensed Store","Mexico","Leon","Guanajuato","37320","Boulevard Adolfo Lpez Mateos Oriente 150, Conjunto Habitacional Estrella","[21.11889,-101.66321]","",""
"1055626","Juan Gil Preciado","Licensed Store","Mexico","Zapopan","Jalisco","45138","Los Robles 247, Fraccionamiento Rinconada del Valle","[20.75057,-103.42099]","",""
"1055630","La Providencia Metepec","Licensed Store","Mexico","San Francisco Coaxusco","State of Mexico","52177","Avenida Solidaridad Las Torres, San Jernimo Chicahualco","[19.27588,-99.60092]","",""
"1055820","Centro Zibata","Licensed Store","Mexico","Zibatá","Querétaro","76269","Av Paseo de las Pitahayas, Ziabta","[20.68117,-100.34054]","",""
"8520500","Loma Linda","Licensed Store","Mexico","Villahermosa","Tabasco","86050","Boulevard Adolfo Ruz Cortines, Loma Linda","[17.99409,-92.94328]","",""
"8521000","Rojo Gomez CDMX","Licensed Store","Mexico","Mexico City","Mexico City","08500","Avenida Javier Rojo Gmez, Agrcola Oriental","[19.39779,-99.07234]","",""
"8567000","Insurgentes Capital","Licensed Store","Mexico","Mexico City","Mexico City","03720","Calle Boston 1089, Nochebuena","[19.38147,-99.17671]","",""
"8567100","Downtown Puebla","Licensed Store","Mexico","Tlaxcalancingo","Puebla","72830","Boulevard Amrica, Fracc Lomas de Angelpolis","[18.99654,-98.27876]","",""
"8567200","Montevideo Insurgentes","Licensed Store","Mexico","Mexico City","Mexico City","07300","Eje 5 Norte 109, Lindavista","[19.48771,-99.12441]","",""
"8567600","Parques Gdl","Licensed Store","Mexico","Guadalajara","Jalisco","44460","Vips, Guadalajara","[20.64930,-103.33952]","",""
"8628500","Del Mar Mazatlan","Licensed Store","Mexico","Mazatlan","Sinaloa","82149","Avenida del Mar 6, Mazatln","[23.23558,-106.43943]","",""
"8628100","Town Center Nicolas Romero","Licensed Store","Mexico","Ciudad Nicolás Romero","State of Mexico","54414","20 de Noviembre S/N,, Villa Nicols Romero","[19.62667,-99.29323]","",""
"8628600","Plaza Vista Norte","Licensed Store","Mexico","Mexico City","Mexico City","07369","Avenida Acueducto 650, Gustavo A. Madero","[19.50202,-99.12113]","",""
"8640300","Montes Urales","Licensed Store","Mexico","Mexico City","Mexico City","11000","Calle Montes Urales 422, Miguel Hidalgo","[19.42896,-99.20741]","",""
"8675600","Estacion Polanco SLP","Licensed Store","Mexico","San Luis Potosi","San Luis Potosi","78200","Avenida Nereo Rodrguez Barragn 1385, San Luis Potos","[22.15225,-101.01194]","",""
"8689500","Hospital OCA","Licensed Store","Mexico","Monterrey","Nuevo Leon","64000","Avenida Jos Mara Pino Surez 645, Monterrey","[25.68152,-100.31829]","",""
"8690500","Plaza Palmas Cordoba","Licensed Store","Mexico","Córdoba","Veracruz","94560","Boulevard Crdoba - Fortn, Crdoba","[18.90100,-96.95872]","",""
"8755400","Apto Toluca SUE","Licensed Store","Mexico","San Francisco Totoltepec","State of Mexico","52000","Boulevard Miguel Alemn, San Francisco Totoltepec","[19.33917,-99.56982]","",""
"8755900","Samara Satelite","Licensed Store","Mexico","Naucalpan de Juárez","State of Mexico","53100","Circuito Mdicos, Naucalpan de Jurez","[19.50619,-99.23569]","",""
"8862500","Puerta Texcoco","Licensed Store","Mexico","Santiago Cuautlalpan","State of Mexico","56255","Calle A Santa Martha, Estado de Mexico","[19.42917,-98.91061]","",""
"8857900","Plaza Pedregal del Sur","Licensed Store","Mexico","Leon","Guanajuato","37297","Boulevard Delta, Len","[21.11071,-101.60770]","",""
"8858100","Periferico Sur Merida","Licensed Store","Mexico","Uman","Yucatan","97392","Perifrico Licenciado Manuel Berzunza, Merida","[20.93421,-89.69474]","",""
"8897300","Atana Lindavista","Licensed Store","Mexico","Mexico City","Mexico City","07708","Avenida Miguel Bernard, Gustavo A. Madero","[19.51761,-99.14292]","",""
"8897200","Parque Jardin","Licensed Store","Mexico","Mexico City","Mexico City","02960","Avenida Jardn 330, Azcapotzalco","[19.46878,-99.15974]","",""
"1019486","Leon Altacia","Licensed Store","Mexico","Leon","Guanajuato","37545","Blvd Apto No104 Loc, Leon","[21.09254,-101.62596]","",""
"1009279","One Silao","Licensed Store","Mexico","Silao","Guanajuato","36288","Carretera Leon Silao Km, Siloa","[20.96531,-101.45631]","",""
"1018701","Centro TK","Licensed Store","Mexico","Naucalpan de Juárez","State of Mexico","52780","Av Del Los Bosques, Mexico","[19.41447,-99.24430]","",""
"1020420","Gustavo Baz 29","Licensed Store","Mexico","Naucalpan de Juárez","State of Mexico","54080","Sin Direccion, Mexico","[19.50910,-99.21982]","",""
"1021898","Malecon Mazatlan","Licensed Store","Mexico","Mazatlan","Sinaloa","82030","Av. Del Mar #4 Ferrocarrilera, Mazatlan","[23.21376,-106.42102]","",""
"1033835","Chedraui Centro Sur","Licensed Store","Mexico","Santiago de Querétaro","Querétaro","76090","Blvd. Bernardo Quintana Arrioja, Quertaro","[20.57039,-100.35969]","",""
"8540300","Apto Reynosa AMB","Licensed Store","Mexico","Reynosa","Tamaulipas","88509","Calle al Aeropuerto, Aeropuerto","[26.01232,-98.22667]","",""
"90239","Santa Monica -","Licensed Store","Mexico","Tlalnepantla de Baz","State of Mexico","54050","Av Juarez No15 Esq, Mexico City","[19.52811,-99.22816]","",""
"1032416","Galerias Monterrey II","Licensed Store","Mexico","Monterrey","Nuevo Leon","64620","Avenida Doctor Jos Eleuterio Gonzlez, Monterrey","[25.68199,-100.35303]","",""
"5065","Lomas Verdes","Licensed Store","Mexico","Naucalpan de Juárez","State of Mexico","53117","Av Lomas Verdes No, Naucalpan","[19.50656,-99.25921]","",""
"5070","Insurgentes Sur Parroquia","Licensed Store","Mexico","Mexico City","Mexico City","03230","Av Insurgentes Sur No, Mexico City","[19.37053,-99.18015]","",""
"5074","San Jeronimo","Licensed Store","Mexico","Mexico City","Mexico City","10200","Blvd Adolfo Lopez Mateos, Mexico City","[19.32860,-99.21260]","",""
"5077","Galerias Metepec","Licensed Store","Mexico","Metepec","State of Mexico","52169","Galerias Metepec Loc 190, Metepec","[19.25771,-99.62101]","",""
"5086","WTC","Licensed Store","Mexico","Mexico City","Mexico City","03800","Av Insurgentes Sur No, Mexico City","[19.39248,-99.17303]","",""
"5087","Plaza Altabrisa","Licensed Store","Mexico","Merida","Yucatan","97130","Plaza Comercial Altabrisa Calle, Merida","[21.01791,-89.58404]","",""
"5090","Plaza Mayor Metepec","Licensed Store","Mexico","Metepec","State of Mexico","52150","Leona Vicario No 386, Metepec","[19.26103,-99.61692]","",""
"5091","Interlomas","Licensed Store","Mexico","Huixquilucan","State of Mexico","52785","Blvd Magnocentro L-1 Mz, Huixquilucan","[19.40699,-99.27239]","",""
"5093","Zona Esmeralda","Licensed Store","Mexico","Ciudad López Mateos","State of Mexico","52930","Via Jorge Jimenez Cantu, Atizapan de Zaragoza","[19.55919,-99.29715]","",""
"5095","Pilares","Licensed Store","Mexico","Mexico City","Mexico City","03100","Pilares No 541 Bis, Mexico City","[19.37680,-99.16212]","",""
"5096","Monte Everest","Licensed Store","Mexico","Mexico City","Mexico City","11000","Monte Everest No 625, Mexico City","[19.41940,-99.21535]","",""
"5066","Satelite","Licensed Store","Mexico","Naucalpan de Juárez","State of Mexico","53100","Circ Medicos Esq Fernando, Naucalpan","[19.51029,-99.23320]","",""
"5067","Centro Comercial Santa Fe","Licensed Store","Mexico","Mexico City","Mexico City","05348","Av Vasco De Quiroga, Mexico City","[19.36182,-99.27207]","",""
"5069","Insurgentes Juan Pablo","Licensed Store","Mexico","Mexico City","Mexico City","01020","Av Insurgentes Sur No, Mexico City","[19.35930,-99.18386]","",""
"5071","Masaryk Pasaje Polanco","Licensed Store","Mexico","Mexico City","Mexico City","11560","Presidente Masaryk No 360, Mexico City","[19.43172,-99.19679]","",""
"5073","Torre Mayor","Licensed Store","Mexico","Mexico City","Mexico City","06500","Av Paseo De La, Mexico City","[19.42411,-99.17516]","",""
"5076","Midtown Jalisco","Licensed Store","Mexico","Guadalajara","Jalisco","44648","Av Providencia No 2951, Guadalajara","[20.69445,-103.37580]","",""
"5078","Aeropuerto Guadalajara C30","Licensed Store","Mexico","Zapote del Valle","Jalisco","45672","Apto Int De Guadalajara, Guadalajara","[20.52481,-103.30120]","",""
"5079","Patria Acueducto Guadalajara","Licensed Store","Mexico","Zapopan","Jalisco","45116","Av Patria No 2051-4, Zapopan","[20.70979,-103.41086]","",""
"5080","Juarez Puebla","Licensed Store","Mexico","Puebla","Puebla","72400","Av Juarez No 2511, Puebla","[19.05195,-98.21930]","",""
"5081","Galerias Cuernavaca","Licensed Store","Mexico","Cuernavaca","Morelos","62370","Carr Mexico-Acapulco Sn Esq, Cuernavaca","[18.93615,-99.19261]","",""
"5082","Aeropuerto llegadas Internacio","Licensed Store","Mexico","Zapote del Valle","Jalisco","45672","Apto Int De Guadalajara, Guadalajara","[20.52615,-103.30257]","",""
"5083","Superama Santa Fe","Licensed Store","Mexico","Mexico City","Mexico City","05348","Av Tamaulipas No 3000, Mexico City","[19.35630,-99.27625]","",""
"5084","T1 Aeropuerto Dufry","Licensed Store","Mexico","Mexico City","Mexico City","15620","Aicm Internacional Salidas 1Er, Mexico City","[19.43681,-99.07986]","",""
"5085","Minerva Guadalajara","Licensed Store","Mexico","Guadalajara","Jalisco","44110","Blvd Lopez Mateos No, Guadalajara","[20.67370,-103.38823]","",""
"5088","Punta Norte","Licensed Store","Mexico","Cuautitlán Izcalli","State of Mexico","54769","Sierra Vieja No 2, Mexico City","[19.60114,-99.19992]","",""
"5089","Americas Guadalajara","Licensed Store","Mexico","Guadalajara","Jalisco","44200","Av Americas No 346, Guadalajara","[20.68318,-103.37338]","",""
"5094","Cuernavaca Vistahermosa","Licensed Store","Mexico","Cuernavaca","Morelos","62290","Av Rio Mayo Av, Cuernavaca","[18.93349,-99.22175]","",""
"18950","Valle Dorado 2","Licensed Store","Mexico","Tlalnepantla de Baz","State of Mexico","54020","Boulevard Manuel vila Camacho 3130, Tlalnepantla de Baz","[19.54928,-99.20925]","",""
"18970","Jurica","Licensed Store","Mexico","Santiago de Querétaro","Querétaro","76127","Av 5 De Febrero, Mexico City","[20.64924,-100.43220]","",""
"18978","Americas Ecatepec","Licensed Store","Mexico","Ecatepec de Morelos","State of Mexico","55076","CC Las Americas Av, Mexico City","[19.58347,-99.02389]","",""
"18959","Torre Mexicana","Licensed Store","Mexico","Mexico City","Mexico City","03103","Xola No535 Col Del, Mexico City","[19.39693,-99.16517]","",""
"18989","Torre Caballito","Licensed Store","Mexico","Mexico City","Mexico City","06030","Torre Del Caballito Paseo, Mexico City","[19.43608,-99.14941]","",""
"19058","Plaza Fiesta Anahuac","Licensed Store","Mexico","San Nicolás de los Garza","Nuevo Leon","66457","CC Plaza Fiesta Anahuac, Monterrey","[25.74216,-100.31385]","",""
"19061","Nima Bay","Licensed Store","Mexico","Puerto Vallarta","Jalisco","48335","CC Nima Bay Paseo, Puerto Vallarta","[20.66798,-105.24911]","",""
"20047","Ejercito Nacional","Licensed Store","Mexico","Mexico City","Mexico City","11520","Ejercito Nacional No 579, Mexico City","[19.43830,-99.19360]","",""
"20121","Medica Sur Tlalpan","Licensed Store","Mexico","Mexico City","Mexico City","14050","Medica Sur Torre De, Mexico City","[19.29755,-99.16072]","",""
"20112","Costa de Oro","Licensed Store","Mexico","Heroica Veracruz","Veracruz","94299","Blvd Ruiz Cortines No3289, Veracruz","[19.15273,-96.10750]","",""
"20113","Torres Lindavista","Licensed Store","Mexico","Mexico City","Mexico City","07700","Av Miguel Othon De Mendizabal, Mexico City","[19.50654,-99.14419]","",""
"20119","Forum Coatzacoalcos","Licensed Store","Mexico","Coatzacoalcos","Veracruz","96536","Av Universidad Km8 Col, Coatzacoalcos","[18.14029,-94.48766]","",""
"20120","Puebla Huexotitla","Licensed Store","Mexico","Puebla","Puebla","72534","Av 43 Oriente No, Puebla","[19.02753,-98.20801]","",""
"68274","Tijuana Airport Inside","Licensed Store","Mexico","Tijuana","Baja California","22420","S/N Col. Nueva Tijuana, Tijuana","[32.54154,-116.97559]","",""
"87029","Hospital Angeles Pedregal I","Licensed Store","Mexico","Mexico City","Mexico City","10700","Loc En El Hospital, Mexico City","[19.31286,-99.22102]","",""
"87022","Mexicali Centinela","Licensed Store","Mexico","Ciudad Nezahualcóyotl","State of Mexico","57185","Calle Calz Lopez Mateos, Mexicali","[19.45237,-99.04932]","",""
"87191","Urban Center Xalapa","Licensed Store","Mexico","Xalapa","Veracruz","52726","Av Lazaro Cardenas No, Xalapa","[19.56010,-96.92334]","",""
"87419","Altabrisa Tabasco","Licensed Store","Mexico","Villahermosa","Tabasco","86170","Periferico Carlos Pellicer Camara, Villahermosa","[17.96572,-92.94025]","",""
"87420","Patio Patria","Licensed Store","Mexico","Zapopan","Jalisco","45116","Paseo Del Rotal No, Guadalajara","[20.70533,-103.41471]","",""
"87427","Macroplaza Ensenada","Licensed Store","Mexico","Ensenada","Baja California","22832","Blvd Pedro Loyola No, Ensenada","[31.81955,-116.59897]","",""
"89392","El Rosario","Licensed Store","Mexico","Mexico City","Mexico City","02100","Av Rosario 1025 Col, Mexico City","[19.50285,-99.20375]","",""
"89625","Cd. Obregon","Licensed Store","Mexico","Ciudad Obregón","Sonora","85000","Av Jalisco No 920, Ciudad Obregon","[27.51316,-109.92826]","",""
"94438","Plaza America.","Licensed Store","Mexico","Mexico City","Mexico City","04980","Benito Juarez No 117, Mexico City","[19.31276,-99.13633]","",""
"113385","Palomar","Licensed Store","Mexico","La Tijera","Jalisco","45643","Av Lopez Mateos No, Tlajomulco","[20.58946,-103.44318]","",""
"113399","Outlet Leon","Licensed Store","Mexico","Leon","Guanajuato","37295","Blvd Apto No 843, Leon","[21.08575,-101.61450]","",""
"113296","Zentralia Churubusco","Licensed Store","Mexico","Mexico City","Mexico City","09420","Av Rio Churubusco No, Mexico City","[19.37865,-99.10218]","",""
"113389","Satelite Centro Civico","Licensed Store","Mexico","Naucalpan de Juárez","State of Mexico","53100","Circuito Medicos No45 Cd, Mexico City","[19.50877,-99.22956]","",""
"116391","Dorado Veracruz","Licensed Store","Mexico","Residencial el Dorado","Veracruz","94290","Paso Del Toro Boca, Veracruz","[19.09401,-96.10475]","",""
"116344","Madero","Licensed Store","Mexico","Mexico City","Mexico City","06000","Motolinea No 25 Esq, Mexico City","[19.43377,-99.13680]","",""
"116402","Urban Center Juriquilla","Licensed Store","Mexico","Juriquilla","Querétaro","76230","Av Jurica La Campana, Queretaro","[20.70604,-100.44447]","",""
"1005322","La Paz Soriana","Licensed Store","Mexico","La Paz","Baja California Sur","23080","Calz Forjadores De Sud, La Paz","[24.12578,-110.31335]","",""
"1005336","Biblioteca Tec","Licensed Store","Mexico","Mexico City","Mexico City","14380","Calle Puente 222, San Bartolo El Chico","[19.28431,-99.13516]","",""
"1005316","Forum Buenavista","Licensed Store","Mexico","Mexico City","Mexico City","06350","Eje 1 Norte Mosqueta, Mexico","[19.45087,-99.15151]","",""
"1005420","Pabellon Cuemanco","Licensed Store","Mexico","Mexico City","Mexico City","14330","Canaverales No222 Col Granjas, Mexico","[19.29549,-99.10819]","",""
"1005997","Patio Ecatepec","Licensed Store","Mexico","Ecatepec de Morelos","State of Mexico","55000","Av Revolucion Sn Col, San Cristobal Centro, EDO MEX","[19.60628,-99.04593]","",""
"1006006","Paseo Chapultepec Tijuana","Licensed Store","Mexico","Tijuana","Baja California","22020","Fracc Neidhart No10387 Loc, Tijuana","[32.51397,-117.01230]","",""
"1005985","Insurgentes WTC -","Licensed Store","Mexico","Mexico City","Mexico City","03103","Montecitos N38 Col Napoles, Mexico City","[19.39398,-99.17270]","",""
"1005996","Aeropuerto Tijuana II","Licensed Store","Mexico","Tijuana","Baja California","22420","Carretera Apto Sn Col, TIJUANA","[32.54127,-116.97854]","",""
"1006005","Magma Towers","Licensed Store","Mexico","San Pedro Garza García","Nuevo Leon","66260","Frida Kahlo N 194, Monterrey","[25.64787,-100.32571]","",""
"1006403","Celaya Campestre","Licensed Store","Mexico","Celaya","Guanajuato","38080","Blvd Adolfo Lopez Mateos, Celaya","[20.51768,-100.79063]","",""
"1006475","Miguel Aleman Monterrey","Licensed Store","Mexico","Ciudad Apodaca","Nuevo Leon","66600","Carretera Miguel Aleman 250, Nuevo Leon","[25.74534,-100.20351]","",""
"1006478","Tuxtla II DT","Licensed Store","Mexico","Tuxtla Gutiérrez","Chiapas","29040","Blvd  Juan Pablo, Tuxtla Gutierrez","[16.75200,-93.07670]","",""
"1006484","Quinta Alegria","Licensed Store","Mexico","Playa del Carmen","Quintana Roo","77710","Manzana 34 Lotes 1, Can Cun","[20.62965,-87.07054]","",""
"1006544","Pabellon Polanco","Licensed Store","Mexico","Mexico City","Mexico City","11510","Modulo K12 Dentro Del, Mexico City","[19.43683,-99.20742]","",""
"1006531","Malecon Vallarta II","Licensed Store","Mexico","Puerto Vallarta","Jalisco","48350","Jesus Langarica 160-A Col, Puerto Vallarta","[20.61486,-105.23231]","",""
"1006539","Rio Hudson","Licensed Store","Mexico","Mexico City","Mexico City","06500","Loc B Ubicado En, Mexico","[19.42594,-99.17465]","",""
"1007459","Gran Terraza Oblatos","Licensed Store","Mexico","Guadalajara","Jalisco","44716","Av Circunvalacion 2770 Col, Guadalajara","[20.68795,-103.29653]","",""
"1008141","San Lorenzo","Licensed Store","Mexico","Mexico City","Mexico City","03200","Manzanas N 40 Col, Mexico","[19.37544,-99.17780]","",""
"1008088","Narvarte","Licensed Store","Mexico","Mexico City","Mexico City","03020","Palenque No 202 Col, DF","[19.38997,-99.15210]","",""
"1008145","City Shops Del Valle","Licensed Store","Mexico","Mexico City","Mexico City","03200","Felix Cuevas N 374, MEXICO","[19.37263,-99.17310]","",""
"1008147","Emerson","Licensed Store","Mexico","Mexico City","Mexico City","11560","Homero Loc Pb 503, DF","[19.43568,-99.18894]","",""
"1008244","One o One","Licensed Store","Mexico","Mexico City","Mexico City","05348","Av Juan Salvador Agraz, Mexico City","[19.35971,-99.27823]","",""
"1008208","Bosque de Aragon","Licensed Store","Mexico","Mexico City","Mexico City","07969","Av 510 No 340, Mexico","[19.46506,-99.08461]","",""
"1008209","Reynosa","Licensed Store","Mexico","Reynosa","Tamaulipas","88740","Blvd Hidalgo Km 101, Reynosa","[26.07349,-98.32167]","",""
"1008222","Plaza 505 Torreon","Licensed Store","Mexico","Torreón","Coahuila","27105","Carretera Torreon-San Pedro No, Torreon","[25.59467,-103.40480]","",""
"1009624","Lowes Culiacan","Licensed Store","Mexico","Culiacán","Sinaloa","80020","Blvd Jose Limon Lote, Culiacan","[24.81399,-107.41362]","",""
"1009655","RENATO LEDUC","Licensed Store","Mexico","Mexico City","Mexico City","14050","Renato Leduc 220 Loc, DISTRITO FEDERAL","[19.29624,-99.15940]","",""
"1010117","Paseo Altozano","Licensed Store","Mexico","Morelia","Michoacán","58110","Cc Paseo Altozano Av Montana, Morelia","[19.67455,-101.16268]","",""
"1011225","Galerias Insurgentes II","Licensed Store","Mexico","Mexico City","Mexico City","03230","Insurgentes Sur 1352 No, Mexico DF","[19.37075,-99.17893]","",""
"1011226","Forum Buenavista II","Licensed Store","Mexico","Mexico City","Mexico City","06350","Eje 1 Norte Mosqueta, Mexico DF","[19.44994,-99.15146]","",""
"1011227","Capital Reforma II","Licensed Store","Mexico","Mexico City","Mexico City","06600","Paseo De La Reforma, Mexico DF","[19.42837,-99.16314]","",""
"1011845","Galerias Hermanos Serdan PUEBL","Licensed Store","Mexico","Puebla","Puebla","72062","Blvd Hermanos Serdan 111, PUEBLA","[19.07203,-98.22577]","",""
"1011846","Plaza Sienna","Licensed Store","Mexico","Monterrey","Nuevo Leon","64753","Fundadores Loc 7 955, Monterrey","[25.63759,-100.31638]","",""
"1011847","Corporativo BBVA Bancomer Pola","Licensed Store","Mexico","Mexico City","Mexico City","11520","Lago Alberto Piso 11, Mexico","[19.44137,-99.18417]","",""
"1011940","Oasis II - PA","Licensed Store","Mexico","Mexico City","Mexico City","04310","Av Miguel Angel De, Mexico","[19.34559,-99.17994]","",""
"1011926","Grand San Jeronimo","Licensed Store","Mexico","Mexico City","Mexico City","01090","Calle Iglesia 270 Tizapan, Mexico D F","[19.33635,-99.19993]","",""
"1011939","Paseo Sendero","Licensed Store","Mexico","San Nicolás de los Garza","Nuevo Leon","66418","Av Sendero Norte Loc, Monterrey","[25.76908,-100.27679]","",""
"1012539","Cosmopol","Licensed Store","Mexico","Coacalco","State of Mexico","55712","Av Jose Lopez Portillo, Coacalco","[19.63207,-99.12577]","",""
"1012566","Plaza Palmares","Licensed Store","Mexico","Culiacán","Sinaloa","80104","Blvd Pedro Infante Loc, Culiacan","[24.78783,-107.44296]","",""
"1013221","Plaza Peninsula Cabo","Licensed Store","Mexico","San José del Cabo","Baja California Sur","23406","Carretera Transpeninsular L-14A Km, San Jose del Cabo","[23.03815,-109.70861]","",""
"1013251","Paseo Durango","Licensed Store","Mexico","Durango","Durango","34000","Blvd Felipe Pescador K-17, Durango","[24.03603,-104.65103]","",""
"1013276","Axomiatla II","Licensed Store","Mexico","Mexico City","Mexico City","01810","Calz De Las Aguilas, Mexico DF","[19.34047,-99.25150]","",""
"1013274","Uruapan II DT","Licensed Store","Mexico","Uruapan","Michoacán","60160","Paseo General Lazaro Cardenas, Uruapan","[19.39936,-102.05577]","",""
"1013306","Apto. Tijuana Exterior","Licensed Store","Mexico","Tijuana","Baja California","22439","Carretera Apto-Meza De Otay, Tijuana","[32.54357,-116.97617]","",""
"1013323","Oasis I - PB","Licensed Store","Mexico","Mexico City","Mexico City","04319","Av Miguel Angel De, Mexico","[19.34559,-99.18003]","",""
"1013730","Puebla Centro","Licensed Store","Mexico","Puebla","Puebla","72000","Av 2 Oriente 201, Puebla","[19.04426,-98.19639]","",""
"1013765","Town Center Juriquilla","Licensed Store","Mexico","Santiago de Querétaro","Querétaro","76085","Anillo Vial Fray Junipero, Queretaro","[20.67573,-100.43121]","",""
"1014923","Alcalde","Licensed Store","Mexico","Guadalajara","Jalisco","44220","Fray Antonio Alcalde Y, Guadalajara","[20.70341,-103.34764]","",""
"1015277","3 Torres Cd. Juarez","Licensed Store","Mexico","Ciudad Juárez","Chihuahua","32546","Av Francisco Villareal Torres, Ciudad Juarez","[31.70104,-106.38227]","",""
"1015293","Plaza Delta II","Licensed Store","Mexico","Mexico City","Mexico City","03020","Av Cuauhtemoc Ra-10 462, Mexico City","[19.40319,-99.15501]","",""
"1015351","Av. Jinetes","Licensed Store","Mexico","Ciudad López Mateos","State of Mexico","52950","Av De Los Jinetes, Estado de Mexico","[19.55990,-99.22017]","",""
"1015380","Las Torres Cd. Juarez","Licensed Store","Mexico","Ciudad Juárez","Chihuahua","32698","Av De Las Torres, Cd Juarez","[31.62975,-106.39315]","",""
"1015655","Camino Real Tijuana","Licensed Store","Mexico","Tijuana","Baja California","22010","Paseo De Los Heroes, Tijuana","[32.52508,-117.01697]","",""
"1015687","Copilco 20","Licensed Store","Mexico","Mexico City","Mexico City","04330","Av Pedro Enriquez Urena, Mexico DF","[19.33541,-99.15748]","",""
"1016214","Technology Park","Licensed Store","Mexico","Zapopan","Jalisco","45222","Carretera A Nogales R-03, Guadalajara","[20.72104,-103.49163]","",""
"1016224","Galerias Saltillo","Licensed Store","Mexico","Saltillo","Coahuila","25240","Blvd Nazario S Ortiz, Saltillo","[25.45846,-100.97996]","",""
"1016212","Carretera - Irapuato","Licensed Store","Mexico","El Carrizalito","Guanajuato","36822","Lmto Norponiente No7866 Ejido, Irapuato","[20.71050,-101.32626]","",""
"1016641","Apto. Mty. TC SUE","Licensed Store","Mexico","Aeropuerto Internacional de Monterrey","Nuevo Leon","66629","Apto Internacional Gral Mariano, Apodaca","[25.78010,-100.11933]","",""
"1017007","Zamora DT","Licensed Store","Mexico","Zamora","Michoacán","59689","Francisco I Madero Sur, ZAMORA","[19.97636,-102.29271]","",""
"1017038","Gran Plaza Mazatlan","Licensed Store","Mexico","Mazatlan","Sinaloa","82123","Av Apolo Y Reforma, Mazatlan","[23.23976,-106.43723]","",""
"1017008","Punto Cero","Licensed Store","Mexico","Durango","Durango","34080","Blvd Heroico Colegio Militar, Durango","[24.03088,-104.64184]","",""
"1017082","Aeropuerto Cd. Juarez","Licensed Store","Mexico","Ciudad Juárez","Chihuahua","32121","Carretera Panamericana Km 185, Ciudad Juarez","[31.63561,-106.43582]","",""
"1017087","Corporativo Barranca","Licensed Store","Mexico","Mexico City","Mexico City","01010","Av Revolucion 1267 Col, Mexico","[19.36117,-99.19048]","",""
"1017639","Morelos Centro MTY","Licensed Store","Mexico","Monterrey","Nuevo Leon","64000","Av. Madero Poniente #313, Morelia","[25.66709,-100.31208]","",""
"1017899","Plaza Fortuna","Licensed Store","Mexico","Mexico City","Mexico City","07760","Av Fortuna 7 Ampl, Mexico","[19.48353,-99.13322]","",""
"1017999","La Isla Merida","Licensed Store","Mexico","Merida","Yucatan","97300","Calle 88 608, Merida","[21.05633,-89.59619]","",""
"1018333","San Martin Puebla","Licensed Store","Mexico","Santa María Moyotzingo","Puebla","74119","Autopista Mex-Pue Km 96, Puebla","[19.24317,-98.38827]","",""
"1018394","Carretera 57 Norte SLP","Licensed Store","Mexico","San Luis Potosi","San Luis Potosi","78394","San Luis Potosi 143, San Luis Potosi","[22.11130,-100.89643]","",""
"1018957","Star Medica Roma","Licensed Store","Mexico","Mexico City","Mexico City","06700","San Luis Potosi 143, Mexico City","[19.41397,-99.16129]","",""
"1019291","Fashion Drive PB","Licensed Store","Mexico","San Pedro Garza García","Nuevo Leon","66260","Av Diego Rivera 1000, San Pedro Garza Garcia","[25.65119,-100.33444]","",""
"1019663","Otay","Licensed Store","Mexico","Tijuana","Baja California","22457","Sin Direccion, Tijuana","[32.53027,-116.95681]","",""
"1020608","Sentura Tlalnepantla","Licensed Store","Mexico","Tlalnepantla de Baz","State of Mexico","54040","Blvd Manuel Avila Camacho, Estado de Mexico","[19.54002,-99.21524]","",""
"1020661","T4 Aeropuerto PA","Licensed Store","Mexico","Parque Industrial Santa Anna","Quintana Roo","77567","Apto Internacional De Cancun, Cancun","[21.04035,-86.87579]","",""
"1020662","Aeropuerto T4 PB","Licensed Store","Mexico","Parque Industrial Santa Anna","Quintana Roo","77567","Apto Internacional De Cancun, Cancun","[21.04034,-86.87556]","",""
"1020664","Tec Puebla","Licensed Store","Mexico","Puebla","Puebla","72453","Via Atlixcayotl 2301Reserva Territ, Puebla","[19.01843,-98.24188]","",""
"1020660","San Cristobal Plaza 31","Licensed Store","Mexico","San Cristobal de las Casas","Chiapas","29200","Miguel Hidalgo 1 Zon, San Cristobal de las Casas","[16.73663,-92.63783]","",""
"1020665","T4 Aeropuerto FC","Licensed Store","Mexico","Parque Industrial Santa Anna","Quintana Roo","77567","Apto Internacional De Cancun, Cancun","[21.04031,-86.87571]","",""
"1021122","SOLARA","Licensed Store","Mexico","Puebla","Puebla","72450","Via Atlixcayotl 4931 Reserva, Puebla","[19.03383,-98.22997]","",""
"1021117","Autopista Puebla-Orizaba","Licensed Store","Mexico","Parque Industrial Chachapa","Puebla","72993","Sin Direccion, Puebla","[19.06227,-98.09382]","",""
"1021828","Kune","Licensed Store","Mexico","Monterrey","Nuevo Leon","64346","Ave. Puerta de Hierro M212 L2, Monterrey","[25.76500,-100.41192]","",""
"1021894","Paseo Interlomas 3","Licensed Store","Mexico","Naucalpan de Juárez","State of Mexico","52779","CC Paseo Interlomas Vialidad, Huixquilucan","[19.39761,-99.28227]","",""
"1022044","Galerias Chilpancingo","Licensed Store","Mexico","Chilpancingo","Guerrero","39010","Lic Rene Juarez Cisneros, Chilpancingo","[17.51528,-99.48355]","",""
"1022405","Aeropuerto Bajio","Licensed Store","Mexico","Colonia Nuevo México","Guanajuato","36278","Carr. Silao-Leon Km 5.5, Nuevo Mexico,, Guanajuato","[20.98598,-101.47871]","",""
"1022431","Aeropuerto los Mochis","Licensed Store","Mexico","Ejido Plan de Guadalupe","Sinaloa","81379","Carretera Los Mochis Topolobampo Km 12.5, Los Mochis","[25.68655,-109.08296]","",""
"1022634","Punto Valle","Licensed Store","Mexico","San Pedro Garza García","Nuevo Leon","66252","Rio Missouri 555, San Pedro Garza Garcia","[25.65899,-100.35445]","",""
"1022663","Paseo Tehuacan DT","Licensed Store","Mexico","Tehuacán","Puebla","75855","Calz. Adolfo Lpez Mateos 3800, Tehuacan","[18.46717,-97.41634]","",""
"1022719","Central Interlomas","Licensed Store","Mexico","Huixquilucan de Degollado","State of Mexico","52763","Blv Palmas Hill Lt 1MZ 2, Mexico","[19.39284,-99.28076]","",""
"1023057","Urban Center Merida","Licensed Store","Mexico","Merida","Yucatan","97133","Calle 22 # 280, Merida","[21.01981,-89.59630]","",""
"1023079","Outlet Lerma","Licensed Store","Mexico","Lerma de Villada","State of Mexico","52006","Carr. Mexico -Toluca km 50, La Merced, Lerma","[19.28248,-99.50049]","",""
"1023323","Caucel","Licensed Store","Mexico","Merida","Yucatan","97314","Calle 62 #570, Merida","[21.00543,-89.68835]","",""
"1023355","Townsquare Metepec","Licensed Store","Mexico","San Francisco Coaxusco","State of Mexico","52177","Circuito Providencia 210 Oriente, Toluca","[19.26738,-99.60595]","",""
"1023670","Aeropuerto Hermosillo Ext.","Licensed Store","Mexico","Hermosillo","Sonora","85019","Carretera Baha de Kino km 9.5,, Hermosillo","[29.09042,-111.05223]","",""
"1023703","El Molino Apodaca","Licensed Store","Mexico","Ciudad Apodaca","Nuevo Leon","66600","Av. Raul Salinas de Gortari #801, Monterrey","[25.77218,-100.19296]","",""
"1024005","Hospital ABC II","Licensed Store","Mexico","Mexico City","Mexico City","05348","Sur 136 no. 116, Mexico City","[19.35586,-99.28217]","",""
"1032755","PUERTA NORTE","Licensed Store","Mexico","Chihuahua","Chihuahua","31125","Paseo de las Facultades, Chihuahua","[28.71272,-106.14907]","",""
"1024914","Paseo Queretaro II","Licensed Store","Mexico","La Purísima","Querétaro","76146","Vial Fray Junpero Serra 7901, Santiago de Quertaro, Qro","[20.63195,-100.35619]","",""
"68938","Medica Sur II","Licensed Store","Mexico","Mexico City","Mexico City","14050","Medica Sur Torre De, Mexico City","[19.29738,-99.16170]","",""
"68940","Jardines del Pedregal","Licensed Store","Mexico","Mexico City","Mexico City","04519","Avsan Jeronimo 240 Loc, Mexico City","[19.33469,-99.19853]","",""
"1007822","Plaza Qu","Licensed Store","Mexico","Monterrey","Nuevo Leon","64349","Paseo De Los Leones, Monterrey","[25.74184,-100.41296]","",""
"1007823","Carr Toluca Mexico km 48","Licensed Store","Mexico","San Antonio el Llanito","State of Mexico","52757","Carretera Toluca-Mex Km 487, Toluca","[19.28049,-99.48944]","",""
"1007824","La Lomita DT","Licensed Store","Mexico","Guadalupe","Sinaloa","80220","Av Alvaro Obregon 1140, Culiacan","[24.79449,-107.39352]","",""
"1007825","Tepic Shopping Center","Licensed Store","Mexico","Tepic","Nayarit","63185","Av De La Cultura, Tepic","[21.48744,-104.88987]","",""
"1009359","Carretera a Puebla","Licensed Store","Mexico","Ixtapaluca","State of Mexico","56535","Autopista  Puebla Loces, ESTADO DE MEXICO","[19.29137,-98.89939]","",""
"1009358","Pasaje San Jeronimo","Licensed Store","Mexico","Mexico City","Mexico City","10200","Av San Jeronimo Loc, DISTRITO FEDERAL","[19.32990,-99.21610]","",""
"1010234","Galerias Toluca","Licensed Store","Mexico","Santa Ana Tlapaltitlán","State of Mexico","50071","Calle 1 De Mayo, Toluca","[19.28995,-99.62245]","",""
"1025441","Plaza Bonita","Licensed Store","Mexico","Ciudad Juárez","Chihuahua","32663","Panamericana 8838, Col. Partido Iglesias, Ciudad Juarez","[31.67721,-106.42421]","",""
"1025435","Las Puentes","Licensed Store","Mexico","Monterrey","Nuevo Leon","66460","Juan Pablo Segundo # 245, Monterrey","[25.73760,-100.28806]","",""
"1010270","Plateros","Licensed Store","Mexico","Mexico City","Mexico City","01480","Blvd Lopez Mateos L12, Mexico D F","[19.36916,-99.19315]","",""
"1012126","Cuernavaca Centro","Licensed Store","Mexico","Cuernavaca","Morelos","62000","Salazar 40 Cuernavaca Centro, Cuernavaca","[18.92173,-99.23333]","",""
"1014186","Punto Polanco","Licensed Store","Mexico","Mexico City","Mexico City","11520","Lago Alberto Loc Planta, Mexico","[19.43973,-99.18508]","",""
"1016245","Patio La Raza","Licensed Store","Mexico","Mexico City","Mexico City","02960","Calz Vallejo Esq Pte, Mexico","[19.46811,-99.14476]","",""
"1018165","Puerto Interior","Licensed Store","Mexico","Puerto Interior","Guanajuato","36275","Plaza De La Paz, Silao","[21.00135,-101.50943]","",""
"1019341","Rosarito","Licensed Store","Mexico","Rosarito","Baja California","22703","Blvd Benito Juarez 2710, Rosarito","[32.36877,-117.06109]","",""
"1019818","Punto Cultiva","Licensed Store","Mexico","Culiacán","Sinaloa","80150","Blvd Jesus Kumate Rodriguez, Culiacan","[24.77502,-107.44534]","",""
"1019843","Citadina Constituyentes","Licensed Store","Mexico","El Pueblito","Querétaro","76904","Calle Paseo Constituyentes 1634, Queretaro","[20.53586,-100.43563]","",""
"1021891","Lindavista DT","Licensed Store","Mexico","Guadalupe","Nuevo Leon","67125","Miguel Aleman 5329 Col, Guadalupe","[25.69355,-100.24208]","",""
"1025890","Periferico Torreon DT","Licensed Store","Mexico","Torreón","Coahuila","27018","Periferico Raul Lopez Sanchez, Torreon","[25.58436,-103.40788]","",""
"1030495","La Perla","Licensed Store","Mexico","Zapopan","Jalisco","45054","Av. Mariano Otero 408, Zapopan Jalisco","[20.64435,-103.41481]","",""
"1026307","Ubika Juriquilla","Licensed Store","Mexico","Juriquilla","Querétaro","76127","Anillo Vial II Fray Junipero Serra #3101, Quertaro","[20.69060,-100.44652]","",""
"1026548","Rincon de la Florida","Licensed Store","Mexico","Saltillo","Coahuila","25296","Blvd. Eulalio Gutirrez Trevio, Coahuila","[25.44506,-100.95769]","",""
"1043327","SAN PEDRO DT","Licensed Store","Mexico","Chihuahua","Chihuahua","31125","Avenida Cristbal Coln, Chihuahua","[28.73290,-106.15242]","",""
"1027780","Atlixcayotl DT","Licensed Store","Mexico","Tlaxcalancingo","Puebla","72197","Blvd. Atlixcayotl, Mexico","[19.02237,-98.24409]","",""
"1032537","Apto Chihuahua Amb","Licensed Store","Mexico","Rancho Enmedio","Chihuahua","31376","Blvd Juan Pablo II 14, Chihuahua","[28.70377,-105.96921]","",""
"1032539","Apto Monterrey TC Amb","Licensed Store","Mexico","Aeropuerto Internacional de Monterrey","Nuevo Leon","66629","Paseo de las Flores, Apodaca","[25.77956,-100.11956]","",""
"1033107","Carretera Pachuca-Mexico","Licensed Store","Mexico","Vicente Guerrero","Hidalgo","43862","Autopista Mexico-Pachuca, Tolcayuca","[19.93180,-98.89028]","",""
"1033120","Encuentro Oceania Pb","Licensed Store","Mexico","Mexico City","Mexico City","15530","Av. Peon # 355 y Calle Oriente 158, Venustiano Carranza","[19.44101,-99.09342]","",""
"1033208","DT PERIFERICO SATELITE","Licensed Store","Mexico","Naucalpan de Juárez","State of Mexico","53100","Boulevard Manuel Avila Camacho 5, Naucalpan de Jurez","[19.50743,-99.23715]","",""
"1043049","Cinemex Terraza Interlomas II","Licensed Store","Mexico","Mexico","State of Mexico","52763","Avenida Hacienda de las Palmas, Huixquilucan","[19.39357,-99.28208]","",""
"1043083","PASEO MONCLOVA","Licensed Store","Mexico","Monclova","Coahuila","25726","Boulevard Harold R. Pape, Monclova","[26.95163,-101.41461]","",""
"1043129","Cd Acuna","Licensed Store","Mexico","Ciudad Acuña","Coahuila","26230","Libramiento Emilio Mendoza Cisneros, Acua","[29.32714,-100.97681]","",""
"1043174","ITESM MEMORIAL 2","Licensed Store","Mexico","Mexico City","Mexico City","14380","Calle Puente, Tlalpan","[19.28456,-99.13413]","+52 55 8006 7167",""
"1043185","PLAZA PARAISO DT","Licensed Store","Mexico","San Nicolás de los Garza","Nuevo Leon","66422","La Aurora SN, San Nicolas de los Garza","[25.76323,-100.32269]","",""
"1043200","Parque Tepeyac","Licensed Store","Mexico","Mexico City","Mexico City","07460","Calzada San Juan de Aragn 381, Gustavo A Madero","[19.47760,-99.09944]","",""
"1043825","COSTERA ACAPULCO DT","Licensed Store","Mexico","Acapulco","Guerrero","39690","Avenida Costera Miguel Aleman, Acapulco de Jurez","[16.85657,-99.86260]","",""
"1043908","Teran DT","Licensed Store","Mexico","Tijuana","Baja California","22444","Blvd. Lic. Hector Teran Teran, Tijuana","[32.53540,-116.90249]","",""
"1044411","Centro De Gobierno DT","Licensed Store","Mexico","Hermosillo","Sonora","83270","Avenida de la Reforma, Hermosillo","[29.06686,-110.96367]","",""
"1044447","Universidad Anahuac Sur","Licensed Store","Mexico","Mexico City","Mexico City","01840","Avenida de los Tanques 865, Ciudad de Mexico, Torres de Potrero","[19.33467,-99.24324]","",""
"1044972","Via Vergel Drive Thru","Licensed Store","Mexico","Monterrey","Nuevo Leon","64987","Antiguo Camino a Villa de Santiago, Fraccionamiento Bosques del Vergel","[25.56724,-100.23573]","",""
"1045029","Carretera Toluca Mexico DT","Licensed Store","Mexico","Mexico City","Mexico City","05500","Carretera Mexico Toluca 5780, Ciudad de Mexico","[19.35230,-99.29469]","",""
"1050631","Los Cavazos DT","Licensed Store","Mexico","Santiago","Nuevo Leon","67315","Carretera Nacional S/N, Fraccionamiento Las Asturias","[25.45708,-100.16705]","",""
"1051453","Comitan Chiapas","Licensed Store","Mexico","Comitán de Domínguez","Chiapas","30093","Carretera Frontera Comalapa-Comitn Domng, Barrio Los Sabinos","[16.21548,-92.11538]","",""
"1051607","Distrito 925 Zacatecas","Licensed Store","Mexico","Guadalupe","Zacatecas","98610","Calzada Solidaridad, Los Prados","[22.77150,-102.53720]","",""
"1051608","Punto Guadiana","Licensed Store","Mexico","Durango","Durango","34100","Avenida Guadiana, Fraccionamiento Loma Dorada","[24.01290,-104.69080]","",""
"1052149","Genesis Reynosa","Licensed Store","Mexico","Reynosa","Tamaulipas","88710","MEX-40 104, Fraccionamiento Vista Hermosa","[26.06390,-98.34859]","",""
"1052190","Plaza Las Alondras","Licensed Store","Mexico","Tijuana","Baja California","22660","MEX-1, Residencial San Agustn","[32.45047,-117.02487]","",""
"1052245","PLAZA VILLAGE","Licensed Store","Mexico","Cancún","Quintana Roo","77533","Avenida Rodrigo Gmez, Fracc Supmza 55 Porto Bello","[21.13430,-86.83294]","",""
"1052777","Carretera Leon Silao","Licensed Store","Mexico","Leon","Guanajuato","37545","Boulevard Aeropuerto, San Jos El Alto","[21.08493,-101.61441]","",""
"1053249","Zapopan Centro","Licensed Store","Mexico","Zapopan","Jalisco","45100","Calle 20 de Noviembre, Zapopan Centro","[20.72055,-103.38795]","",""
"1053250","San Juan del Rio II","Licensed Store","Mexico","San Juan del Río","Querétaro","76800","Carretera San Juan del Ro-Amealco, San Juan del Ro Centro","[20.38372,-100.01107]","",""
"1053251","Parque Centro","Licensed Store","Mexico","Saltillo","Coahuila","25279","Boulevard Galerias, Fracc Villa Olmpica Oriente","[25.45510,-100.98044]","",""
"1053248","Hospital Zambrano","Licensed Store","Mexico","San Pedro Garza García","Nuevo Leon","64060","Avenida Batalln de San Patricio, del Valle Oriente","[25.64704,-100.33432]","",""
"1053252","Doctors Hospital AUNA","Licensed Store","Mexico","Monterrey","Nuevo Leon","64623","Calle Ecuador, Vista Hermosa","[25.68489,-100.35624]","",""
"1053255","Tepatitlan","Licensed Store","Mexico","Tepatitlán de Morelos","Jalisco","47600","Avenida Su Santidad Juan Pablo II, Loma Linda","[20.80912,-102.77719]","",""
"1053283","Carretera Progreso DT","Licensed Store","Mexico","Xcanatún","Yucatan","97302","MEX-261, Fraccionamiento Las Amricas II","[21.08153,-89.63526]","",""
"1053273","Valle de Aragon","Licensed Store","Mexico","Ecatepec de Morelos","State of Mexico","55280","Avenida Central 263, Fracc Valle de Aragn 3ra Secc Ote","[19.49885,-99.04436]","",""
"1053274","Encuentro Oceania PA","Licensed Store","Mexico","Mexico City","Mexico City","15530","Oriente 158 389, Moctezuma 2A Seccin","[19.44012,-99.09410]","",""
"1053285","Cholul DT","Licensed Store","Mexico","Cholul","Yucatan","97305","Carretera a Conkal, Cholul","[21.03232,-89.55547]","",""
"1054101","Punto MAQ","Licensed Store","Mexico","Mexico City","Mexico City","04040","Avenida Miguel Angel de Quevedo 1144, Ciudad de Mexico","[19.34301,-99.14658]","",""
"1054102","Plaza Ermita","Licensed Store","Mexico","Mexico City","Mexico City","09640","Calzada Ermita Iztapalapa 3417  3417, Ciudad de Mexico","[19.34764,-99.01840]","",""
"1054798","Paseo del Moral","Licensed Store","Mexico","Leon","Guanajuato","37160","Avenida Paseo del Moral 338, Fraccionamiento Jardines del Moral","[21.14656,-101.69047]","",""
"1054800","Plaza Constituyentes","Licensed Store","Mexico","El Pueblito","Querétaro","76900","Avenida Constituyentes, Parque Industrial El Pueblito","[20.55010,-100.42374]","",""
"1055327","Atizapan","Licensed Store","Mexico","Ciudad López Mateos","State of Mexico","52966","Calle Mxico Nuevo 45, Fraccionamiento Lomas de Atizapn","[19.55438,-99.26796]","",""
"1055909","Explanada Culiacan","Licensed Store","Mexico","Culiacán","Sinaloa","80155","Blvd. de las Torres poniente, Culiacan","[24.74814,-107.45163]","",""
"1055914","Plaza Alada Gdl","Licensed Store","Mexico","Zapopan","Jalisco","45019","Paseo Valle Real 3000, Fraccionamiento Las Lomas Club Golf","[20.72022,-103.43991]","",""
"1055919","Santa Catarina","Licensed Store","Mexico","Pachuca","Hidalgo","42084","Carretera Federal Mxico Laredo, Fraccionamiento Parque Esmeralda","[20.07195,-98.79196]","",""
"8540100","AIFA Llegadas Internacionales","Licensed Store","Mexico","San Miguel Jaltocan","State of Mexico","55790","Circuito Exterior Mexiquense km 33, Zumpango","[19.73458,-99.02541]","",""
"8540200","AIFA Pta 1 Salidas AMB","Licensed Store","Mexico","San Miguel Jaltocan","State of Mexico","55790","Circuito Exterior Mexiquense km 33, Zumpango","[19.73411,-99.02401]","",""
"8540400","Apto Villahermosa SUE","Licensed Store","Mexico","Dos Montes","Tabasco","86049","Ej. 2 Montes, Villahermosa","[17.99326,-92.81894]","",""
"8540700","Puerto Caoba","Licensed Store","Mexico","Heroica Veracruz","Veracruz","91910","Boulevard Manuel vila Camacho, Ignacio Zaragoza","[19.18256,-96.12487]","",""
"8540800","Patio Acapulco","Licensed Store","Mexico","Acapulco","Guerrero","39815","Carretera Cayaco-Puerto Marqus, La Zanja o La Poza","[16.83368,-99.81268]","",""
"8541000","Galerias Metepec II","Licensed Store","Mexico","Metepec","State of Mexico","52140","Calle Pedro Ascencio, Barrio San Mateo","[19.25540,-99.61737]","",""
"8541100","Colon Casa de Gobierno","Licensed Store","Mexico","Toluca","State of Mexico","50120","Avenida Paseo Cristbal Coln 300, Residencial Coln","[19.27602,-99.65955]","",""
"8552100","Casa de las Sirenas","Licensed Store","Mexico","Guadalajara","Jalisco","44220","Avenida Manuel vila Camacho, Barrio Mezquitan","[20.69939,-103.35538]","",""
"8607900","Plaza Tlatelolco","Licensed Store","Mexico","Mexico City","Mexico City","06300","Avenida Ricardo Flores Magn, Ciudad de Mxico","[19.45054,-99.14044]","",""
"8608100","Vertice Tlaxcala","Licensed Store","Mexico","Tlaxcala","Tlaxcala","90000","Boulevard Guillermo Valle 111, Tlaxcala de Xicohtncatl","[19.32413,-98.23099]","",""
"8608200","Portal Queretaro 1","Licensed Store","Mexico","Santiago de Querétaro","Querétaro","76147","Blvd de las Naciones, Queretaro","[20.64036,-100.41637]","",""
"8608900","Altaria II Ags","Licensed Store","Mexico","Aguascalientes","Aguascalientes","20124","Blvd. A Zactecas 849, Aguascalientes","[21.92272,-102.28874]","",""
"8697000","Carretera Mty - Saltillo","Licensed Store","Mexico","Santa Catarina","Nuevo Leon","66367","Carretera Saltillo-Monterrey, Ciudad Santa Catarina","[25.68586,-100.47815]","",""
"8696900","Distrito Poniente","Licensed Store","Mexico","Zapopan","Jalisco","45019","Prolongacin Ignacio Luis Vallarta, Zapopan","[20.69843,-103.45697]","",""
"8796300","Blvd Ojo de Agua","Licensed Store","Mexico","Ojo de Agua","State of Mexico","55760","Boulevard Ojo de Agua, Tecamac","[19.66640,-99.01600]","",""
"8795800","Plaza El Molinete","Licensed Store","Mexico","Guadalupe","Nuevo Leon","67205","Avenida Uranio, Guadalupe","[25.66219,-100.15032]","",""
"8795900","Villa Magna","Licensed Store","Mexico","San Luis Potosi","San Luis Potosi","78216","Anillo Perifrico, San Luis Potos","[22.15801,-101.03648]","",""
"8796000","Macristy Mexicali","Licensed Store","Mexico","Mexicali","Baja California","21250","Avenida Leona Vicario 1598, Mexicali","[32.65223,-115.41809]","",""
"8881300","Cosmopol N1","Licensed Store","Mexico","Coacalco","State of Mexico","55717","Calle Va Jos Lpez Portillo, San Francisco Coacalco","[19.63241,-99.12426]","",""
"8881600","60 N","Licensed Store","Mexico","Merida","Yucatan","97110","Avenida 41 299, Mrida","[21.04114,-89.63048]","",""
"1005477","5 de Mayo","Licensed Store","Mexico","Mexico City","Mexico City","06000","Av 5 De Mayo, Mexico City","[19.43440,-99.13890]","",""
"1011082","Paseo Interlomas II","Licensed Store","Mexico","Naucalpan de Juárez","State of Mexico","52779","Vialidad De La Barranca, Municipio de Huixquilucan","[19.39679,-99.28103]","",""
"1016781","Chihuahua Centro","Licensed Store","Mexico","Chihuahua","Chihuahua","31000","Av Independencia Esq Victoria, Chihuahua","[28.63644,-106.07595]","",""
"1022580","Harbor Thor","Licensed Store","Mexico","Merida","Yucatan","97204","Prol. Paseo Montejo #1, Merida","[21.04564,-89.63086]","",""
"1024004","Hospital Angeles Interlomas II","Licensed Store","Mexico","Jesús del Monte","State of Mexico","52763","Av. Vitalidad de la Barranca Lote 1, Mexico City","[19.39474,-99.28174]","",""
"1043050","Cinemex Galerias Insurgentes","Licensed Store","Mexico","Mexico City","Mexico City","03230","Oso 51, Benito Jurez","[19.37037,-99.17907]","",""
"1043195","Bosque Real","Licensed Store","Mexico","Naucalpan de Juárez","State of Mexico","52774","Boulevard Bosque Real, Huixquilucan","[19.41560,-99.29782]","+52 55 8006 7167",""
"1054789","Macroplaza Tecamac","Licensed Store","Mexico","Ojo de Agua","State of Mexico","55764","Avenida Bosques del Estado de Mxico, Conjunto Hab Los Hroes Tecmac II","[19.61791,-99.03957]","",""
"1055621","Plaza Nogal","Licensed Store","Mexico","Leon","Guanajuato","37293","Boulevard Juan Alonso de Torres, Fraccionamiento Sierra Nogal","[21.13340,-101.61314]","",""
"1055617","Blvd Costero","Licensed Store","Mexico","Ensenada","Baja California","22880","Boulevard Lzaro Crdenas, Carlos Pacheco 4","[31.84802,-116.61344]","",""
"19425","CC Coacalco","Licensed Store","Mexico","Coacalco","State of Mexico","55701","Av Jose Lopez Portillo, Coacalco","[19.62872,-99.12413]","",""
"4851","Plaza Tanarah","Licensed Store","Mexico","San Pedro Garza García","Nuevo Leon","66267","Av Vasconcelos No 345, Monterrey","[25.65368,-100.34834]","",""
"86959","Samara II","Licensed Store","Mexico","Mexico City","Mexico City","01376","Av Santa Fe No94, Mexico City","[19.36795,-99.25895]","",""
"8795700","Prolongacin Zaragoza","Licensed Store","Mexico","Santiago de Querétaro","Querétaro","76180","Prolongacin Ignacio Zaragoza 71, Santiago de Quertaro","[20.57951,-100.41337]","",""
"8857000","Hospital Angeles Pedregal II","Licensed Store","Mexico","Mexico City","Mexico City","10700","Calle Cerrada Los ngeles, La Magdalena Contreras","[19.31206,-99.22136]","",""
"4818","Tlacoquermecatl","Licensed Store","Mexico","Mexico City","Mexico City","03104","Tlacoquemecatl No191 Col Del, Mexico City","[19.37780,-99.17057]","",""
"4819","Garza Sada","Licensed Store","Mexico","Monterrey","Nuevo Leon","64840","Av Eugenio Garza Sada, Monterrey","[25.64471,-100.28829]","",""
"4820","Saltillo La Quinta Inn","Licensed Store","Mexico","Saltillo","Coahuila","25280","Blvd Luis Echeverria No, Saltillo","[25.44072,-100.97629]","",""
"4822","Plaza Rio Tijuana","Licensed Store","Mexico","Tijuana","Baja California","22010","Paseo De Los Heroes, Tijuana","[32.52812,-117.01980]","",""
"4825","Plaza Divina","Licensed Store","Mexico","San Luis Potosi","San Luis Potosi","78200","Av Venustiano Carranza 1996, San Luis Potosi","[22.14924,-101.00533]","",""
"4827","Malecon 1","Licensed Store","Mexico","Puerto Vallarta","Jalisco","48300","Zaragoza No160 Loc 3, Puerto Vallarta","[20.60844,-105.23601]","",""
"4828","Urban Center CUN","Licensed Store","Mexico","Cancún","Quintana Roo","77505","CC Plaza Peninsula Av, Cancun","[21.14443,-86.82525]","",""
"4821","Av Las Americas","Licensed Store","Mexico","Guadalupe","Nuevo Leon","67173","Pintores Mexicanos No 705, Guadalupe","[25.64728,-100.26758]","",""
"4823","Las Torres","Licensed Store","Mexico","Leon","Guanajuato","37150","Blvd Juan Alonso De, Leon","[21.15411,-101.69791]","",""
"4824","Galerias Queretaro","Licensed Store","Mexico","Santiago de Querétaro","Querétaro","76175","CC Galerias Queretaro Loc, Santiago de Queretaro","[20.57771,-100.40507]","",""
"4829","Universidad de Monterrey","Licensed Store","Mexico","San Pedro Garza García","Nuevo Leon","66233","Av Ignacio Morones Prieto, San Pedro Garza Garcia","[25.66177,-100.42033]","",""
"4831","Plaza Fiesta San Agustin","Licensed Store","Mexico","San Pedro Garza García","Nuevo Leon","66200","Batallon De San Patricio, Monterrey","[25.65029,-100.33508]","",""
"4832","Plaza Mayor Leon","Licensed Store","Mexico","Leon","Guanajuato","37150","Blvd Juan Alonso De, Leon","[21.15703,-101.69594]","",""
"4834","Plaza Cumbres","Licensed Store","Mexico","Monterrey","Nuevo Leon","64349","CC Plaza Cumbres Loc1132, Monterrey","[25.73078,-100.39537]","",""
"4836","Punta Langosta","Licensed Store","Mexico","San Miguel de Cozumel","Quintana Roo","77668","CC Punta Langosta Av, Cozumel","[20.50736,-86.95524]","",""
"4837","Ensenada Malecon","Licensed Store","Mexico","Ensenada","Baja California","22800","Blvd Costero Lazaro Cardenas, Ensenada","[31.86174,-116.62630]","",""
"4839","Zapata","Licensed Store","Mexico","Cuernavaca","Morelos","62140","Av Emiliano Zapata No, Cuernavaca","[18.96045,-99.24592]","",""
"4842","Campestre Queretaro","Licensed Store","Mexico","Santiago de Querétaro","Querétaro","76180","Hacienda Grande No103 Col, Santiago de Queretaro","[20.56995,-100.40863]","",""
"4843","Ciudad Juarez Campestre","Licensed Store","Mexico","Ciudad Juárez","Chihuahua","32450","Av Gomez Morin No7331-A, Ciudad Juarez","[31.72315,-106.41920]","",""
"4846","Iteso","Licensed Store","Mexico","Tlaquepaque","Jalisco","45608","Camino Al Iteso 8650, Guadalajara","[20.61216,-103.41610]","",""
"4833","Plaza Real","Licensed Store","Mexico","Monterrey","Nuevo Leon","64050","Av Jose Eleuterio Gonzalez, Monterrey","[25.67879,-100.35163]","",""
"4835","Paseo de los Heroes","Licensed Store","Mexico","Tijuana","Baja California","22010","Paseo De Los Heroes, Tijuana","[32.52048,-117.00957]","",""
"4840","Lomas Verdes II","Licensed Store","Mexico","Naucalpan de Juárez","State of Mexico","53124","CC La Cuspide Super, Mexico City","[19.51439,-99.26912]","",""
"4844","T2 Salida Internacional SUE","Licensed Store","Mexico","Mexico City","Mexico City","15620","Aicm Terminal 2 Loc, Mexico City","[19.42254,-99.07810]","",""
"4845","T2 Salida Nacional SUE","Licensed Store","Mexico","Mexico City","Mexico City","15620","Aicm Terminal 2 Loc, Mexico City","[19.42190,-99.07850]","",""
"4847","Cordilleras","Licensed Store","Mexico","Zapopan","Jalisco","45110","CC Soriana Av Manuel, Guadalajara","[20.65749,-103.42272]","",""
"4853","T2 Llegadas","Licensed Store","Mexico","Mexico City","Mexico City","15520","Aicm Terminal 2 Loc, Mexico City","[19.42132,-99.07868]","",""
"4855","Tijuana Salinas","Licensed Store","Mexico","Tijuana","Baja California","22014","Blvd Gustavo Salinas No10857, Tijuana","[32.51419,-117.00711]","",""
"4856","Paseo de los Leones","Licensed Store","Mexico","Monterrey","Nuevo Leon","64610","Av Paseo De Los, Monterrey","[25.71191,-100.37771]","",""
"4859","Colosio","Licensed Store","Mexico","Aguascalientes","Aguascalientes","20115","Prol Ignacio Zaragoza No101, Aguascalientes","[21.92506,-102.30456]","",""
"4860","Plaza Centenario","Licensed Store","Mexico","Mexicali","Baja California","21285","CC Plaza Centenario Blvd, Mexicali","[32.62510,-115.44351]","",""
"4864","Parque Tezontle 1","Licensed Store","Mexico","Mexico City","Mexico City","09210","Canal De Tezontle No1512, Mexico City","[19.38364,-99.08294]","",""
"4867","Torreon Cimaco","Licensed Store","Mexico","Torreón","Coahuila","27010","Cc 4 Caminos Blvd Independencia, Torreon","[25.55965,-103.43354]","",""
"4869","Plaza Zentro","Licensed Store","Mexico","Leon","Guanajuato","37150","Av Paseo Del Moral, Leon","[21.15432,-101.68844]","",""
"4872","Plaza del Sol","Licensed Store","Mexico","Zapopan","Jalisco","45055","Av Adolfo Lopez Mateos, Guadalajara","[20.65065,-103.40148]","",""
"4873","Miguel Angel Quevedo 3","Licensed Store","Mexico","Mexico City","Mexico City","04010","Av Miguel Angel De, Mexico City","[19.34585,-99.17717]","",""
"4874","Paseo del Carmen","Licensed Store","Mexico","Playa del Carmen","Quintana Roo","77710","Ave 10 Y 1Ra, Playa del Carmen","[20.62180,-87.07651]","",""
"4876","Aeropuerto Puerto Vallarta AMB","Licensed Store","Mexico","Las Juntas","Jalisco","48291","MEX-200, Fraccionamiento Aeropuerto","[20.68908,-105.24953]","",""
"4879","Galerias Monterrey","Licensed Store","Mexico","Monterrey","Nuevo Leon","64634","Insurgentes No 2500 Loc, Monterrey","[25.68147,-100.35292]","",""
"4880","Tecnologico de Monterrey","Licensed Store","Mexico","Monterrey","Nuevo Leon","64700","Av Eugenio Garza Sada, Monterrey","[25.65242,-100.28998]","",""
"4882","Paseo Cancun","Licensed Store","Mexico","Cancún","Quintana Roo","77500","Av Andres Quintana Roo, Cancun","[21.15172,-86.84818]","",""
"4884","CUN - Cancun Int Airport T3 PB","Licensed Store","Mexico","Parque Industrial Santa Anna","Quintana Roo","77567","Apto Internacional De Cancun, Cancun","[21.04414,-86.87314]","",""
"4886","Galerias Valle Oriente","Licensed Store","Mexico","Monterrey","Nuevo Leon","64750","Av Lazaro Cardenas No, Monterrey","[25.63796,-100.31357]","",""
"4888","Cumbres","Licensed Store","Mexico","Monterrey","Nuevo Leon","64610","Av Paseo De Los, Monterrey","[25.69744,-100.35737]","",""
"4848","Jesus del Monte","Licensed Store","Mexico","Jesús del Monte","State of Mexico","52763","Exhda Jesus Del Monte, Mexico City","[19.39534,-99.28925]","",""
"4849","222 Reforma 2","Licensed Store","Mexico","Mexico City","Mexico City","06600","Av Paseo De La, Mexico City","[19.42862,-99.16110]","",""
"4852","Galerias Vallarta","Licensed Store","Mexico","Puerto Vallarta","Jalisco","48338","CC Galerias Vallarta Blvd, Puerto Vallarta","[20.65786,-105.23941]","",""
"4854","Londres","Licensed Store","Mexico","Mexico City","Mexico City","06600","Londres No 107 Loc, Mexico City","[19.42578,-99.16361]","",""
"4857","Altaria","Licensed Store","Mexico","Aguascalientes","Aguascalientes","20116","Plaza Altaria Rancho Las, Aguascalientes","[21.92420,-102.29007]","",""
"4861","222 Reforma","Licensed Store","Mexico","Mexico City","Mexico City","06600","Av Paseo De La, Mexico City","[19.42911,-99.16217]","",""
"4863","Los Arcos","Licensed Store","Mexico","Santiago de Querétaro","Querétaro","76020","Gral Ramon Rodriguez Familiar, Santiago de Queretaro","[20.59392,-100.37641]","",""
"4868","Citadel Mall Monterrey","Licensed Store","Mexico","San Nicolas","Nuevo Leon","66477","Av Romulo Garza No, Monterrey","[25.72613,-100.21448]","",""
"4870","Playa Tides","Licensed Store","Mexico","Playa del Carmen","Quintana Roo","77713","Quinta Av Norte Fracc, Playa del Carmen","[20.62058,-87.07659]","",""
"4871","Montevideo","Licensed Store","Mexico","Mexico City","Mexico City","07300","Av Montevideo No257 Col, Mexico City","[19.48977,-99.13023]","",""
"4875","Galerias Diana Plaza Emporio","Licensed Store","Mexico","Acapulco","Guerrero","39670","Av Costera Miguel Aleman, Acapulco","[16.86020,-99.87324]","",""
"4881","Gomez Morin","Licensed Store","Mexico","San Pedro Garza García","Nuevo Leon","66220","Av Gomez Morin No, Monterrey","[25.64758,-100.35938]","",""
"4885","Plaza Peninsula","Licensed Store","Mexico","Puerto Vallarta","Jalisco","48333","Av  Francisco Medina, Puerto Vallarta","[20.64636,-105.23919]","",""
"4887","Revolucion","Licensed Store","Mexico","Monterrey","Nuevo Leon","64860","Av Revolucion No 3604, Monterrey","[25.64265,-100.27408]","",""
"4889","Plaza San Pedro Monterrey","Licensed Store","Mexico","San Pedro Garza García","Nuevo Leon","66265","Av Jose Vasconcelos Esq, Monterrey","[25.65146,-100.35879]","",""
"19077","Homero","Licensed Store","Mexico","Mexico City","Mexico City","11540","Edgar Alla Poe 308, Mexico City","[19.43622,-99.19982]","",""
"19163","Galerias Guadalajara","Licensed Store","Mexico","Zapopan","Jalisco","45020","Av Rafael Sanzio No150, Guadalajara","[20.67688,-103.43110]","",""
"19188","MTY International Airport TB P","Licensed Store","Mexico","Aeropuerto Internacional de Monterrey","Nuevo Leon","66629","Apto Internacional Gral Mariano, Monterrey","[25.77462,-100.11150]","",""
"19355","Aeropuerto Los Cabos 1","Licensed Store","Mexico","San José del Cabo","Baja California Sur","23420","Apto San Jose Del Cabo, Los Cabos","[23.15930,-109.71812]","",""
"19386","Mexfund Pedregal","Licensed Store","Mexico","Mexico City","Mexico City","01900","No4132 Loc6 Col Jardines, Mexico City","[19.30678,-99.20959]","",""
"19390","CC Uruapan","Licensed Store","Mexico","Uruapan","Michoacán","60120","Blvd Industrial No1241 Loc, Uruapan","[19.42424,-102.03792]","",""
"19450","Reforma Varsovia","Licensed Store","Mexico","Mexico City","Mexico City","06600","Paseo De La Reforma, Mexico City","[19.42570,-99.16920]","",""
"19421","CUN - Cancun Int T2 Exterior","Licensed Store","Mexico","Parque Industrial Santa Anna","Quintana Roo","77567","Apto Internacional De Cancun, Cancun","[21.04414,-86.87305]","",""
"19422","Plaza Carso Polanco","Licensed Store","Mexico","Mexico City","Mexico City","11590","Lago Zurich Sn Col, Mexico City","[19.44212,-99.20404]","",""
"19426","Centro Medico ABC Santa Fe","Licensed Store","Mexico","Mexico City","Mexico City","05348","Av Carlos Graef Fernandez, Mexico City","[19.35666,-99.28252]","",""
"19433","C.C. Perisur","Licensed Store","Mexico","Mexico City","Mexico City","04530","Av Periferico Sur 4690, Mexico City","[19.30326,-99.19020]","",""
"62898","Durango","Licensed Store","Mexico","Mexico City","Mexico City","06700","Calle Durango No205 Loc, Mexico City","[19.42010,-99.16491]","",""
"62899","CUN - Cancun Intl T2- Ext Sate","Licensed Store","Mexico","Parque Industrial Santa Anna","Quintana Roo","77567","Apto Internacional De Cancun, Cancun","[21.04414,-86.87296]","",""
"62900","Plaza Oriente","Licensed Store","Mexico","Mexico City","Mexico City","09020","Avtezontle 1520 Interior A, Mexico City","[19.38445,-99.07927]","",""
"62906","Balbuena","Licensed Store","Mexico","Mexico City","Mexico City","15900","Fray Servando Teresa De, Mexico City","[19.41764,-99.10216]","",""
"63153","HSBC Corporate","Licensed Store","Mexico","Mexico City","Mexico City","06500","Av Paseo De La, Mexico City","[19.42726,-99.16868]","",""
"69693","Sor Juana","Licensed Store","Mexico","Tlalnepantla de Baz","State of Mexico","54000","Av Sor Juana Ines, Tlalnepantla de Baz","[19.53852,-99.19935]","",""
"69708","Hospital Angeles Metropolitano","Licensed Store","Mexico","Mexico City","Mexico City","06760","Loc En El Hospital Angeles, Mexico City","[19.40651,-99.16674]","",""
"69713","City Walk","Licensed Store","Mexico","Mexico City","Mexico City","05349","Av Santa Fe No482, Mexico City","[19.35915,-99.27047]","",""
"69704","Bolsa Mexicana de Valores","Licensed Store","Mexico","Mexico City","Mexico City","06500","Av Paseo De La, Mexico City","[19.42929,-99.16425]","",""
"69710","Plaza del Parque","Licensed Store","Mexico","Oaxaca","Oaxaca","68050","Paseo San Isidro No400, Medepec","[17.07876,-96.71897]","",""
"69719","Forum Tlaquepaque","Licensed Store","Mexico","Guadalajara","Jalisco","44840","Av Gral Marcelino Garcia, Tlaquepaque","[20.64789,-103.32069]","",""
"89131","Torre Diamante","Licensed Store","Mexico","Mexico City","Mexico City","05348","Av Vasco De Quiroga, Mexico City","[19.36105,-99.27773]","",""
"89194","Plaza Las Flores","Licensed Store","Mexico","Coacalco","State of Mexico","55710","Av Jose Lopez Portillo, Coacalco","[19.63586,-99.09641]","",""
"89388","Plaza La Paz","Licensed Store","Mexico","La Paz","Baja California Sur","23097","Blvd Pino Payas Sn, La Paz","[24.11646,-110.33924]","",""
"91304","Uruguay","Licensed Store","Mexico","Mexico City","Mexico City","06000","Republica De Uruguay 56, Mexico City","[19.43061,-99.13695]","",""
"91313","Fuente de Tritones","Licensed Store","Mexico","Naucalpan de Juárez","State of Mexico","53950","Av Fuente De Tritones, Naucalpan","[19.42996,-99.22729]","",""
"113543","Aeropuerto Los Cabos  II","Licensed Store","Mexico","San José del Cabo","Baja California Sur","23429","Apto San Jose Del Cabo, Los Cabos","[23.16116,-109.71838]","",""
"113874","Angeles Acoxpa","Licensed Store","Mexico","Mexico City","Mexico City","14308","Calz Acoxpa 430 Cafeteria, Mexico City","[19.29951,-99.13516]","",""
"116471","Carretera Cancun-Playa","Licensed Store","Mexico","Cancún Country Club","Quintana Roo","77564","Fracc 101 Rancho La, Quintana Roo","[21.01324,-86.85583]","",""
"116473","City Center Merida","Licensed Store","Mexico","Merida","Yucatan","97117","CC City Center Calle, Merida","[21.03735,-89.60416]","",""
"116613","Citadela Chihuahua","Licensed Store","Mexico","Chihuahua","Chihuahua","31110","Calle Francisco Villa Esq, Chihuahua","[28.66257,-106.12883]","",""
"1005555","San Marcos Drive Thru","Licensed Store","Mexico","San Marcos Huixtoco","State of Mexico","56643","carretera Mexico Puebla, San Marcos Huixtoco","[19.30048,-98.85384]","",""
"1005556","Pennsylvania","Licensed Store","Mexico","Mexico City","Mexico City","03800","Pennsylvania 143 Esq Alabama, Mexico City","[19.39000,-99.17851]","",""
"1005521","Patio Universidad","Licensed Store","Mexico","Mexico City","Mexico City","03330","Av Popocateptl No546 Col, Mexico City","[19.36567,-99.16744]","",""
"1006083","Ampliacion Santa Fe III","Licensed Store","Mexico","Mexico City","Mexico City","01376","Av Vasco De Quiroga, Mexico City","[19.36088,-99.27447]","",""
"1006084","Ciudad Jardin II","Licensed Store","Mexico","Ciudad Jardín","State of Mexico","57205","Av Bordo De Xochiaca, EDO MEX","[19.42430,-99.02452]","",""
"1006625","Garden Santa Fe","Licensed Store","Mexico","Mexico City","Mexico City","01376","Cto Guillermo Gonzalez Camarena, Mexico City","[19.36542,-99.26441]","",""
"1006673","Patio Santa Fe","Licensed Store","Mexico","Mexico City","Mexico City","01376","Prol Paseo De La, Mexico City","[19.37675,-99.25421]","",""
"1007088","Division del Norte II","Licensed Store","Mexico","Mexico City","Mexico City","03303","Division Del Norte 1746, Mexico City","[19.36905,-99.15605]","",""
"1007107","Carracci","Licensed Store","Mexico","Mexico City","Mexico City","03730","Av Patriotismo 795 San, Mexico DF","[19.37693,-99.18612]","",""
"1007118","Xola","Licensed Store","Mexico","Mexico City","Mexico City","03020","Blvd Xola 1159 Narvarte, Mexico City","[19.39571,-99.15701]","",""
"1007119","Torre Polanco","Licensed Store","Mexico","Mexico City","Mexico City","11590","Calz Mariano Escobedo 476, Mexico","[19.43313,-99.18161]","",""
"1007798","Roma Sur","Licensed Store","Mexico","Mexico City","Mexico City","06760","Monterrey 330 Col Roma, Mexico","[19.40647,-99.16122]","",""
"1007813","Patio Lomas Estrella","Licensed Store","Mexico","Mexico City","Mexico City","09890","Av Tlahuac Sa-01 Sn, Mexico","[19.32144,-99.09418]","",""
"1007794","Camarones","Licensed Store","Mexico","Mexico City","Mexico City","02070","Calz Camarones 510 Col, Mexico City","[19.47182,-99.18004]","",""
"1007812","Patio Tlalpan","Licensed Store","Mexico","Mexico City","Mexico City","14420","Av Insurgentes Sur 4177, Mexico","[19.28376,-99.17702]","",""
"1007976","Taxquena","Licensed Store","Mexico","Mexico City","Mexico City","04200","Calz Taxquena No1475 Col, Mexico City","[19.34067,-99.13498]","",""
"1007977","Torre Zentrum","Licensed Store","Mexico","Mexico City","Mexico City","05348","Av Santa Fe No495, Mexico City","[19.35818,-99.27389]","",""
"1007978","Galerias Zacatecas","Licensed Store","Mexico","Zacatecas","Zacatecas","98047","Blvd Del Bote N202, Zacatecas","[22.77631,-102.59991]","",""
"1008055","City Center Esmeralda","Licensed Store","Mexico","Ciudad López Mateos","State of Mexico","52930","Via Dr Jimenez Cantu, Mexico City","[19.54951,-99.28746]","",""
"1008540","STIM","Licensed Store","Mexico","Mexico City","Mexico City","05120","Sindicato De Trabajadores De, Ciudad de Mexico","[19.39116,-99.25937]","",""
"1009260","Antea I","Licensed Store","Mexico","Santiago de Querétaro","Querétaro","76127","Carretera Queretaro- San Luis, Queretaro","[20.67510,-100.43661]","",""
"1009261","Universidad 767","Licensed Store","Mexico","Mexico City","Mexico City","03104","Av Universidad Lk01 767, Mexico City","[19.37398,-99.16313]","",""
"1009280","Parque Toreo","Licensed Store","Mexico","Naucalpan de Juárez","State of Mexico","53390","Blvd Manuel Avila Camacho, Mexico","[19.45408,-99.21890]","",""
"1009281","Via Vallejo","Licensed Store","Mexico","Mexico City","Mexico City","07750","Calz Vallejo E-112 1090, Mexico","[19.48718,-99.15171]","",""
"1009282","Centro Maya Playa del Carmen","Licensed Store","Mexico","Playa del Carmen","Quintana Roo","77712","41 Sur Fs-02 Super, Playa del Carmen","[20.61798,-87.09454]","",""
"1009805","Ventura Puente","Licensed Store","Mexico","Morelia","Michoacán","58020","Av Ventura Puente 744, Morelia","[19.69251,-101.17956]","",""
"1009793","Plaza Mayor II","Licensed Store","Mexico","Leon","Guanajuato","37120","Av Juan Alonso De, Leon","[21.15886,-101.69523]","",""
"1009802","Tulum","Licensed Store","Mexico","Crucero de las Ruinas de Tulum","Quintana Roo","77764","Centro Artesanal Tulum Magico, Tulum","[20.21741,-87.43556]","",""
"1009845","Plaza Universidad","Licensed Store","Mexico","Mexico City","Mexico City","03310","Parroquia A 1031 Santa, Mexico City","[19.36774,-99.16534]","",""
"1010428","Tlalpan Hospitales","Licensed Store","Mexico","Mexico City","Mexico City","14050","Calz De Tlalpan No, Mexico","[19.29203,-99.16008]","",""
"1010447","Antea II","Licensed Store","Mexico","Santiago de Querétaro","Querétaro","76127","Carretera San Luis Potosi, Queretaro","[20.67520,-100.43634]","",""
"1010450","Cozumel Pama","Licensed Store","Mexico","San Miguel de Cozumel","Quintana Roo","77668","Av Rafael E Melgar, COZUMEL","[20.50990,-86.95085]","",""
"1011084","Angelopolis - Relocation","Licensed Store","Mexico","Puebla","Puebla","72400","Blvd Nino Poblano No, Puebla","[19.03211,-98.23206]","",""
"1011630","Obrero Mundial","Licensed Store","Mexico","Mexico City","Mexico City","03000","Avobrero Mundial Loc 7, Mexico","[19.40174,-99.15968]","",""
"1012078","Plaza Los Robles","Licensed Store","Mexico","Zapopan","Jalisco","45134","Juan Gil Preciado Loc, Zapopan","[20.75159,-103.42100]","",""
"1012081","Tampico Universidad","Licensed Store","Mexico","Tampico","Tamaulipas","89107","Av Universidad Inmueble Pad, Tampico","[22.26352,-97.86076]","",""
"1012116","Plaza Cuiculco","Licensed Store","Mexico","Mexico City","Mexico City","14060","Av San Fernando Int, Mexico D F","[19.29778,-99.18136]","",""
"1012115","Super Plaza - Miramontes","Licensed Store","Mexico","Mexico City","Mexico City","04920","Av Canal De Miramontes, Mexico City","[19.30966,-99.12452]","",""
"1013058","Antara II","Licensed Store","Mexico","Mexico City","Mexico City","11520","Av Ejercito Nacional H-103, Mexico","[19.43990,-99.20285]","",""
"1013087","Tlalnepantla Carso","Licensed Store","Mexico","Tlalnepantla de Baz","State of Mexico","54033","Sor Juana Ines De, Estado de Mexico","[19.53821,-99.20630]","",""
"1013097","Nogales Mall Sonora","Licensed Store","Mexico","Nogales","Sonora","84066","Blvd El Greco H-01, Nogales","[31.28958,-110.93950]","",""
"1013368","Patio Santa Fe II","Licensed Store","Mexico","Mexico City","Mexico City","01210","Av Prol Paseo De, Mexico","[19.37709,-99.25443]","",""
"1013441","Aeropuerto Culiacan","Licensed Store","Mexico","Culiacán","Sinaloa","80139","Carretera Novolato Dc-Esp-29 Km, Culiacan","[24.76695,-107.46990]","",""
"1013469","Tezoquipa","Licensed Store","Mexico","Mexico City","Mexico City","14090","Calz De Tlalpan Na, Mexico D F","[19.28269,-99.16456]","",""
"1013913","Calzada de Tlalpan","Licensed Store","Mexico","Mexico City","Mexico City","03500","Calz De Tlalpan 962, Mexico","[19.38345,-99.13922]","",""
"1013957","Aeropuerto Cancun","Licensed Store","Mexico","Parque Industrial Santa Anna","Quintana Roo","77567","Carr Cancun-Chetumal Terminal 2, Cancun Q Roo","[21.03764,-86.87076]","",""
"1013928","Terminal 3 Planta Alta II","Licensed Store","Mexico","Parque Industrial Santa Anna","Quintana Roo","77567","Carretera Cancun-Chetumal Km 22, Cancun","[21.03998,-86.87451]","",""
"1014287","Tlalpan Nativitas","Licensed Store","Mexico","Mexico City","Mexico City","03610","Calz De Tlapan 1037, Mexico D.F","[19.38092,-99.14025]","",""
"1014289","Galerias Acapulco","Licensed Store","Mexico","Acapulco","Guerrero","39670","Av Costera Miguel Aleman, Acapulco","[16.86120,-99.88125]","",""
"1014317","Salon Ejecutivo T1 AICM","Licensed Store","Mexico","Mexico City","Mexico City","15620","Av Capitan Carlos Leon, Mexico City","[19.43360,-99.08544]","",""
"1014789","Plaza Carranza","Licensed Store","Mexico","Saltillo","Coahuila","25240","Blvd Venustiano Carranza Pb-01, Saltillo","[25.45070,-100.98764]","",""
"1015124","T1 S21","Licensed Store","Mexico","Mexico City","Mexico City","15620","Av Capitan Carlos Leon, Mexico","[19.43536,-99.08177]","",""
"1015146","Sendero Villahermosa","Licensed Store","Mexico","Villahermosa","Tabasco","86029","Av Carlos Pellicer Camara, Villahermosa","[18.01813,-92.91182]","",""
"1015534","Sania","Licensed Store","Mexico","Guadalajara","Jalisco","44690","Prol Av Vallarta Loc, Guadalajara","[20.67470,-103.39303]","",""
"1015535","Sendero Ixtapaluca","Licensed Store","Mexico","Ixtapaluca","State of Mexico","56538","Carr Federal Cuautla Loc, Edo Mex","[19.29700,-98.88127]","",""
"1015551","Power Center Las Americas","Licensed Store","Mexico","Ecatepec de Morelos","State of Mexico","55076","Avcentral Pc-S38 Mz 4, Estado de México","[19.58082,-99.02159]","",""
"1015568","Santa Monica Periferico DT","Licensed Store","Mexico","Tlalnepantla de Baz","State of Mexico","54080","Autp Queretaro Na 1898, Estado de Mexico","[19.52536,-99.22492]","",""
"1015925","31 Oriente","Licensed Store","Mexico","Puebla","Puebla","72540","31 Oriente Loc 803, Puebla","[19.02940,-98.19969]","",""
"1015951","Miyana","Licensed Store","Mexico","Mexico City","Mexico City","11520","Av Ejercito Nacional Lk-04, Mexico","[19.44043,-99.20005]","",""
"1015922","Cordoba Centro","Licensed Store","Mexico","Córdoba","Veracruz","94500","Av Tres Loces Comerciales, Cordoba","[18.89391,-96.93552]","",""
"1015941","Puerta Bajio","Licensed Store","Mexico","Leon","Guanajuato","37128","Blvd Paseo De Los, Leon","[21.17124,-101.73317]","",""
"1016388","Mundo E","Licensed Store","Mexico","Tlalnepantla de Baz","State of Mexico","54050","Blvd Manuel Avila Camacho, Tlalnepantla","[19.52509,-99.22807]","",""
"1016423","Patio Revolucion","Licensed Store","Mexico","Mexico City","Mexico City","01000","Av Revolucion No 1817, Mexico City","[19.34192,-99.19131]","",""
"1016445","Plaza Chimalhuacan","Licensed Store","Mexico","Chimalhuacán","State of Mexico","56335","Av Nezahualcoyotl Sn Plaza, Edo Mexico","[19.41135,-98.92885]","",""
"1016446","Sendero La Fe","Licensed Store","Mexico","Ciudad Apodaca","Nuevo Leon","66633","Carretera Miguel Alemana No, Apodaca","[25.76530,-100.19157]","",""
"1016852","Coatzacoalcos DT","Licensed Store","Mexico","Coatzacoalcos","Veracruz","96558","Av Universidad Veracruzana Porcion, Coatzacoalcos","[18.14098,-94.47072]","",""
"1016877","Plaza las Americas - Veracruz","Licensed Store","Mexico","Heroica Veracruz","Veracruz","91193","Av Ruiz Cortines Sn, Veracruz","[19.13939,-96.10578]","",""
"1016856","Plaza Aeropuerto Mty","Licensed Store","Mexico","Ciudad Apodaca","Nuevo Leon","66626","Blvd Apto No10 Parque, Monterrey","[25.78578,-100.13477]","",""
"1016880","Villas de la Hacienda","Licensed Store","Mexico","Ciudad López Mateos","State of Mexico","52929","Cto Comercial Plaza La, Estado de Mexico","[19.60636,-99.22821]","",""
"1016893","25 Poniente","Licensed Store","Mexico","Puebla","Puebla","72530","16 De Septiembre 2312, Puebla","[19.03525,-98.20381]","",""
"1017471","Av Coyoacan","Licensed Store","Mexico","Mexico City","Mexico City","03104","Av Coyoacan 721 Del, Mexico DF","[19.38641,-99.16751]","",""
"1017483","AV. REVOLUCION","Licensed Store","Mexico","Mexico City","Mexico City","03700","Tintoreto 5 Santa Maria, MEXICO","[19.38389,-99.18644]","",""
"1017502","Periferico Puebla","Licensed Store","Mexico","San Juan Cuautlancingo","Puebla","72725","Periferico Ecologico Km 5, Puebla","[19.09718,-98.28435]","",""
"1017484","Nuevo Laredo DT","Licensed Store","Mexico","Nuevo Laredo","Tamaulipas","88260","Ave Reforma 3430 Col, Nuevo Laredo","[27.46701,-99.50976]","",""
"1018505","Portal San Angel PB","Licensed Store","Mexico","Mexico City","Mexico City","01010","Av Revolucion 1267 Col, Mexico","[19.36093,-99.19056]","","Mo-Fr 06:00-22:00; Sa-Su 07:00-22:00"
"1018507","Tlaquepaque","Licensed Store","Mexico","Tlaquepaque","Jalisco","45500","Juarez 144 Col Centro, Tlaquepaque","[20.63852,-103.31223]","",""
"1018531","Portal San Angel N2","Licensed Store","Mexico","Mexico City","Mexico City","01010","Av Revolucion 1267 Col, Mexico","[19.36109,-99.19074]","",""
"1018962","XO","Licensed Store","Mexico","San Pedro Garza García","Nuevo Leon","66220","Calz San Pedro 202, San Pedro Garza Garcia","[25.65984,-100.36977]","",""
"1019081","Punto La Victoria","Licensed Store","Mexico","Santiago de Querétaro","Querétaro","76046","Av Constintuyentes Ote No40, Queretaro","[20.58511,-100.38088]","",""
"1019447","Estacion de Servicio La Virgen","Licensed Store","Mexico","El Sauz","Querétaro","76729","Autopista Mexico-Queretaro Km 175, Queretaro","[20.46203,-100.09791]","",""
"1019550","Isla Culiacan","Licensed Store","Mexico","Culiacán","Sinaloa","80065","Av Musala 1466 Oriente, Culiacan","[24.82276,-107.36980]","",""
"1019842","Portal Centro","Licensed Store","Mexico","Mexico City","Mexico City","06820","Lorenzo Boturini 258 Col, Mexico City","[19.41838,-99.13068]","",""
"1020146","Corporativo Televisa Santa Fe","Licensed Store","Mexico","Mexico City","Mexico City","01376","Av Vasco De Quiroga, Ciudad de Mexico","[19.37657,-99.25217]","",""
"1020536","Centro Max","Licensed Store","Mexico","Leon","Guanajuato","37530","Av Lopez Mateos Ote, Leon","[21.10046,-101.63424]","",""
"1020514","Patio Toluca","Licensed Store","Mexico","Toluca","State of Mexico","50150","Miguel Hidalgo Oriente No1350, Edo de Mexico","[19.28705,-99.63262]","",""
"1020525","Los Cabos CH","Licensed Store","Mexico","Cabo San Lucas","Baja California Sur","23406","Carr Transpeninsular S/N, Los Cabos","[23.04410,-109.70716]","",""
"1020584","Real del Castillo","Licensed Store","Mexico","Mexicali","Baja California","21376","BlvdLazaro Cardenas 2000 Col, Mexicali","[32.62344,-115.40694]","",""
"1020546","Plaza Tenaria","Licensed Store","Mexico","Mexico City","Mexico City","01618","5 de Mayo 3121 Ex Hacienda de Tarango, Ciudad de Mexico","[19.36220,-99.22387]","",""
"1020853","Colinas de San Jernimo","Licensed Store","Mexico","Monterrey","Nuevo Leon","64638","Blvd Rogelio Cantu Gomez, Colonia Colinas de San Jeronimo","[25.69685,-100.38037]","",""
"1020868","Starbucks Izcalli Mega","Licensed Store","Mexico","Cuautitlán Izcalli","State of Mexico","54700","Av 1O De Mayo, Cuautitlan Izcalli","[19.64721,-99.20545]","",""
"1020875","Via Cordillera","Licensed Store","Mexico","Santa Catarina","Nuevo Leon","66196","Ave. Alfonso Reyes No. 11, Santa Catarina","[25.65804,-100.43995]","",""
"1020851","Angelopolis II","Licensed Store","Mexico","Puebla","Puebla","72190","Blvd del nino poblano No. 2510, Puebla","[19.03239,-98.23318]","",""
"1020947","Versalles","Licensed Store","Mexico","Mexico City","Mexico City","06600","Versalles No 46 Col, Ciudad de Mexico","[19.43024,-99.15443]","",""
"1021000","La Mexicana","Licensed Store","Mexico","Mexico City","Mexico City","05348","Paseo De Los Arquitectos, Ciudad de Mexico","[19.35813,-99.26865]","",""
"1020984","Aeropuerto Tijuana Bravo Int","Licensed Store","Mexico","Tijuana","Baja California","22439","Carretera Aeropuerto S/N Nueva Tijuana, Tijuana","[32.54339,-116.96933]","",""
"1021056","Carretera Mexico-Pachuca","Licensed Store","Mexico","San Miguel Eyacalco","Hidalgo","43870","Carretera Mexico Pachuca Km, Pachuca","[19.91934,-98.90439]","",""
"1021550","Star Medica Morelia","Licensed Store","Mexico","Morelia","Michoacán","58070","Virrey de Mendoza 2000, Morelia","[19.68287,-101.19159]","",""
"1021553","Apto T1 PB N Pta 7","Licensed Store","Mexico","Mexico City","Mexico City","15620","Av Capitan Carlos Leon, Mexico","[19.43555,-99.08296]","",""
"1021560","Las Antenas PB","Licensed Store","Mexico","Mexico City","Mexico City","09910","Av Canal De Garay, Mexico City","[19.31399,-99.07610]","",""
"1021580","La Isla Cancun II","Licensed Store","Mexico","Cancún","Quintana Roo","77500","Blvd. Kukulcan km 12.5 Zona Hotelera, Cancun Quintana Roo","[21.11274,-86.76300]","",""
"1022936","Plaza San Diego","Licensed Store","Mexico","Cholula","Puebla","72768","Blvd. Forjadores de Puebla 3401,, Puebla","[19.07516,-98.29546]","",""
"1023395","Punto Sur","Licensed Store","Mexico","Los Gavilanes","Jalisco","45645","Av. Punto Sur los Gavilanes, Tlajomulco de Zuiga Jalisco","[20.56886,-103.45384]","",""
"1023373","Torre de Pemex","Licensed Store","Mexico","Mexico City","Mexico City","11320","Marina Nacional #329, Miguel Hidalgo","[19.43910,-99.17564]","",""
"1023759","Plaza Satelite","Licensed Store","Mexico","Naucalpan de Juárez","State of Mexico","53100","Circuito Centro Comercial 2251, Naucalpan de Juarez","[19.51061,-99.23433]","",""
"1023783","Carretera a Nuevo Laredo","Licensed Store","Mexico","Aeropuerto del Norte","Nuevo Leon","65582","Carretera Monterrey - Nuevo Laredo 708, Apodaca","[25.85821,-100.23800]","",""
"1023806","Park Point","Licensed Store","Mexico","Monterrey","Nuevo Leon","64349","Av Paseo de los Leones #99, Monterrey","[25.73833,-100.40468]","",""
"1023828","Andares Reserve","Licensed Store","Mexico","Zapopan","Jalisco","45116","Paseo Andares 200 Zapopan, Zapopan Jalisco","[20.71093,-103.41235]","",""
"1024126","Ubika Universidad","Licensed Store","Mexico","Santiago de Querétaro","Querétaro","76150","Av. Universidad poniente #370, Queretaro","[20.59426,-100.41395]","",""
"1024119","Plaza Zapotitlan","Licensed Store","Mexico","Mexico City","Mexico City","13300","Juarez 163 Col Santa Ana Poniente, Ciudad de Mexico","[19.29979,-99.04258]","",""
"1024232","Tulum DT","Licensed Store","Mexico","Tulum","Quintana Roo","77760","MZ 03, Cruc. Tulum Coba, Tulum","[20.21497,-87.45192]","",""
"1024285","Galerias Santa Anita","Licensed Store","Mexico","San Agustin","Jalisco","45645","Lopez Mateos Sur y Camino a las Moras, CDMX","[20.55390,-103.46891]","",""
"1024351","Bucerias","Licensed Store","Mexico","Flamingos","Nayarit","63732","Carretera Tepic-Pto. Vallarta # 8, Bahia de Banderas","[20.74676,-105.30997]","",""
"1024348","Hospital Angeles Clinica Londr","Licensed Store","Mexico","Mexico City","Mexico City","06700","Frontera 74 Col. Roma Norte, Ciudad de Mexico","[19.42151,-99.15625]","",""
"1007113","Zentralia Ciudad del Carmen","Licensed Store","Mexico","Ciudad del Carmen","Campeche","24119","Av Corregidora No26 Plaza, Ciudad del Carmen","[18.65333,-91.80778]","",""
"1007115","Ciudad Victoria","Licensed Store","Mexico","Ciudad Victoria","Tamaulipas","87027","Blvd Tamaulipas No 8, Ciudad Victoria","[23.75238,-99.14230]","",""
"1013352","Guadalajara Centro","Licensed Store","Mexico","Guadalajara","Jalisco","44620","Degollado 10201-207 A 202211213, Guadalajara","[20.67659,-103.34503]","",""
"1014707","Torre Virreyes","Licensed Store","Mexico","Mexico City","Mexico City","11040","Pedregal Kaspe Comercio 2, Mexico","[19.42538,-99.20345]","",""
"1017791","Ambar Tuxtla","Licensed Store","Mexico","Tuxtla Gutiérrez","Chiapas","29040","Carr Tuxtla Chiapa De, Tuxtla Gutierrez  Chiapas","[16.74605,-93.07490]","",""
"1019192","Justo Sierra","Licensed Store","Mexico","Mexicali","Baja California","21200","Calz Justo Sierra 199, Mexicali","[32.66398,-115.45211]","",""
"1025886","Colosio DT","Licensed Store","Mexico","Central de Abasto","Quintana Roo","77567","SMZ 299, MZ 11, LTE 1-21, Cancun","[21.03712,-86.85036]","",""
"1026172","Perisur Reserve","Licensed Store","Mexico","Mexico City","Mexico City","04530","Blvd. Adolfo Lpez Mateos 4690, CDMX","[19.30333,-99.18932]","",""
"1026403","APTO TORREON AMB","Licensed Store","Mexico","Torreón","Coahuila","27016","Calle Carr. a San Pedro 188, Torreon","[25.56360,-103.39873]","",""
"1026404","APTO SLP","Licensed Store","Mexico","Rinconada","San Luis Potosí","78414","Carr. a Matehuala Km 9.5, San Luis Potosi","[22.25571,-100.93663]","",""
"1027096","OMNIA","Licensed Store","Mexico","Monterrey","Nuevo Leon","64986","Carretera Nacional, Monterrey","[25.55809,-100.23404]","",""
"1027995","Mitikah","Licensed Store","Mexico","Mexico City","Mexico City","03330","Cto Interior Avenida Ro Churubusco 601, Mexico City","[19.35939,-99.16926]","",""
"1028343","Ubika El Refugio","Licensed Store","Mexico","El Refugio","Querétaro","76146","Anillo vial II Fray Junipero Serra, Queretaro","[20.64283,-100.34473]","",""
"1030494","Carretera Mexico Queretaro km","Licensed Store","Mexico","El Cazadero","Querétaro","76838","Carretera Federal Mexico-Queretaro, San Juan del Rio","[20.27756,-99.89203]","",""
"1032282","Apto T1 AMB Sala J","Licensed Store","Mexico","Mexico City","Mexico City","15620","Sonora, Venustiano Carranza","[19.43671,-99.08084]","",""
"1032918","APTO T1 Amb Puerta 8","Licensed Store","Mexico","Mexico City","Mexico City","15620","Aeropuerto Internacional de Mexico, Venustiano Carranza","[19.43608,-99.08195]","",""
"1033046","Galerias Valle Oriente 2","Licensed Store","Mexico","Monterrey","Nuevo Leon","64750","Avenida Fundadores, Monterrey","[25.63711,-100.31454]","",""
"1033393","Plaza Peninsula Tijuana","Licensed Store","Mexico","Tijuana","Baja California","22110","Via Rapida Oriente, Tijuana","[32.51342,-116.96437]","",""
"1033974","Punto Escobedo Leon DT","Licensed Store","Mexico","Leon","Guanajuato","37510","Blvd. Mariano Escobedo, Leon","[21.10421,-101.64867]","",""
"1042809","Boulevard Aeropuerto","Licensed Store","Mexico","Mexico City","Mexico City","15700","Boulevard Puerto Areo, Venustiano Carranza","[19.42468,-99.09335]","+52 55 7860 7906",""
"1042810","Plaza Aeropuerto","Licensed Store","Mexico","Mexico City","Mexico City","15540","Calzada Ignacio Zaragoza, Venustiano Carranza","[19.42119,-99.09669]","+52 55 7860 7906",""
"1043270","Starmedica Chihuahua","Licensed Store","Mexico","Chihuahua","Chihuahua","31115","Luis Donaldo Colosio, Fracc Residencial San Francisco","[28.66395,-106.13054]","",""
"1043271","Starmedica Ciudad Juarez","Licensed Store","Mexico","Ciudad Juárez","Chihuahua","32500","Prolongacin Tefilo Borunda Ortiz, Fraccionamiento Misin de los Lagos","[31.68416,-106.40631]","",""
"1043272","Starmedica Lomas Verdes","Licensed Store","Mexico","Naucalpan de Juárez","State of Mexico","53250","Avenida Lomas Verdes 1, Fraccionamiento Los lamos","[19.49932,-99.25081]","",""
"1043273","Apto Toluca AMB","Licensed Store","Mexico","San Francisco Totoltepec","State of Mexico","52000","Carretera a Aeropuerto Intl Adolfo Lpez, San Francisco Totoltepec","[19.33900,-99.57106]","",""
"1043274","City Center Leon","Licensed Store","Mexico","Leon","Guanajuato","37170","Boulevard Libramiento Jos Mara Morelos, Fraccionamiento Los Carcamos","[21.16990,-101.68286]","",""
"1044041","Plaza Moraleda Atlixco DT","Licensed Store","Mexico","Atlixco","Puebla","74290","Libramiento, Atlixco","[18.89218,-98.42745]","+52 55 8033 5548",""
"1044055","SENDERA COLIMA","Licensed Store","Mexico","Villa de Álvarez","Colima","28978","PASEO MIGUEL DE LA MADRID HURTADO 271, COLIMA","[19.27666,-103.71903]","",""
"1044556","Punta Este DT","Licensed Store","Mexico","Mexicali","Baja California","21259","Calzada Cetys, Mexicali","[32.65283,-115.39947]","",""
"1044565","Fragaria Irapuato DT","Licensed Store","Mexico","Irapuato","Guanajuato","36620","MEX-45, Lo de Juarez","[20.70969,-101.35180]","",""
"1044667","Via 515 Kiosk","Licensed Store","Mexico","Mexico City","Mexico City","02230","Viaducto Ro de la Piedad, Ciudad de Mexico","[19.50410,-99.17807]","",""
"1045121","Insurgentes Tehuantepec I","Licensed Store","Mexico","Mexico City","Mexico City","06760","Avenida Insurgentes Sur, Cuauhtemoc","[19.40216,-99.16996]","",""
"1045200","PLAZA SAN RAFAEL","Licensed Store","Mexico","Aguascalientes","Aguascalientes","20010","Av. Aguascalientes Pte 1601, Aguascalientes","[21.89349,-102.31246]","",""
"1051052","La Cantera Chih","Licensed Store","Mexico","Chihuahua","Chihuahua","31216","Avenida de la Cantera, Fraccionamiento Las Canteras","[28.64810,-106.13625]","",""
"1051748","La Ceiba SIN","Licensed Store","Mexico","Culiacán","Sinaloa","80100","Boulevard Pedro Infante Cruz, Fraccionamiento Los lamos","[24.79829,-107.42291]","",""
"1052278","Santa Monica DT","Licensed Store","Mexico","Aguascalientes","Aguascalientes","20286","3er Anillo Perifrico, Condominio Paseos de Santa Mnica","[21.84252,-102.32085]","",""
"1052342","Plaza Kabs","Licensed Store","Mexico","Santa Anita","Baja California Sur","23437","Boulevard Mauricio Castro, San Jos Viejo","[23.11362,-109.71188]","",""
"1052343","Paseo San Miguel","Licensed Store","Mexico","Ciudad Apodaca","Nuevo Leon","66649","Avenida Ignacio Villarreal Villarreal, San Miguel","[25.71310,-100.16581]","",""
"1052345","Saltillo Lourdes","Licensed Store","Mexico","Saltillo","Coahuila","25090","Boulevard Emilio Arizpe de la Maza, Lomas de Lourdes","[25.38755,-100.99108]","",""
"1052344","Hotel Araiza Mexicali","Licensed Store","Mexico","Mexicali","Baja California","21279","Boulevard Benito Jurez, Fraccionamiento Jardines del Valle","[32.64384,-115.45131]","",""
"1052369","Periferico Merkabastos Gdl","Licensed Store","Mexico","Zapopan","Jalisco","45079","Anillo Perifrico Sur, Paseos del Sol","[20.63120,-103.43578]","",""
"1052363","Punto Sur II","Licensed Store","Mexico","Los Gavilanes","Jalisco","45645","Avenida Punto Sur, Fraccionamiento La Rioja","[20.56917,-103.45470]","",""
"1053035","TAPO Puerta Oriente","Licensed Store","Mexico","Mexico City","Mexico City","15390","Calzada Ignacio Zaragoza, 7 de Julio","[19.43085,-99.11478]","",""
"1053048","The Park SLP","Licensed Store","Mexico","San Luis Potosi","San Luis Potosi","78380","Boulevard Antonio Rocha Cordero, Privadas del Pedregal II","[22.11801,-101.00613]","",""
"1053119","Americas Cancun II","Licensed Store","Mexico","Cancún","Quintana Roo","77503","Avenida Tulum, Supmz 7","[21.14845,-86.82441]","",""
"1053157","Campestre Saltillo","Licensed Store","Mexico","Saltillo","Coahuila","25209","Boulevard Ingeniero Eulalio Gutirrez Tre, Fraccionamiento Las Misiones","[25.48118,-100.94037]","",""
"1053621","Carretera Reynosa","Licensed Store","Mexico","Guadalupe","Nuevo Leon","67115","MEX-40, Guadalupe","[25.69428,-100.17501]","",""
"1053673","Zona Hotelera","Licensed Store","Mexico","Cancún","Quintana Roo","77500","Boulevard Kukulcn, Conjunto Condominal Isla Dorada","[21.13441,-86.74636]","",""
"1053737","Miyana II","Licensed Store","Mexico","Mexico City","Mexico City","11520","Avenida Ejrcito Nacional 731, Granada","[19.43867,-99.19961]","",""
"1053770","Carretera Atlixco","Licensed Store","Mexico","Tlaxcalancingo","Puebla","72823","Carretera Federal Puebla-Atlixco, Barrio Galeotitla","[19.02840,-98.28335]","",""
"1053774","Plaza Aventura","Licensed Store","Mexico","Tlaxcalancingo","Puebla","72830","Boulevard Atlixcyotl, San Bernardino Tlaxcalancingo","[19.00742,-98.26653]","",""
"1054244","Parque Aztlan","Licensed Store","Mexico","Mexico City","Mexico City","11100","Avenida de los Compositores, Bosque de Chapultepec II Seccin","[19.41609,-99.19608]","",""
"1054246","AHAU TULUM","Licensed Store","Mexico","Tulum","Quintana Roo","77766","Carretera Tulum-Punta Allen, Quintana Roo","[20.15245,-87.45794]","",""
"1054369","Universidad Panamerica Gdl","Licensed Store","Mexico","Zapopan","Jalisco","45010","Alvaro del Portillo, Zapopan","[20.68088,-103.44266]","",""
"1054370","Cancun AVE 135","Licensed Store","Mexico","Cancún","Quintana Roo","77536","AV 135, Cancn","[21.11088,-86.88339]","",""
"1054429","Periferico Polanco","Licensed Store","Mexico","Mexico City","Mexico City","11000","Boulevard Manuel vila Camacho 51, Lomas de Chapultepec I Seccin","[19.43030,-99.20597]","",""
"1054935","Paseo de la Republica","Licensed Store","Mexico","Santiago de Querétaro","Querétaro","76127","Carretera San Luis Potos-Quertaro, Fraccionamiento Jurica","[20.66335,-100.43251]","",""
"1054934","Ruiz Cortinez","Licensed Store","Mexico","Heroica Veracruz","Veracruz","94294","Boulevard Adolfo Ruz Cortines 547, Costa Verde","[19.16618,-96.11271]","",""
"1054941","Apto Veracruz AMB","Licensed Store","Mexico","Heroica Veracruz","Veracruz","91698","Carr. Veracruz-Xalapa Km 13.5, 91698 Ver, Veracruz","[19.14497,-96.18681]","",""
"1054963","Paseo Insurgentes Leon","Licensed Store","Mexico","Leon","Guanajuato","37310","Boulevard Paseo de los Insurgentes, Punta Caada","[21.15753,-101.72216]","",""
"1054964","Galeras Mall Hermosillo","Licensed Store","Mexico","Hermosillo","Sonora","83270","Blvd. Cultura 55 Ote, Hermosillo","[29.06486,-110.95206]","",""
"1055467","Plaza de Hierro Navojoa","Licensed Store","Mexico","Navojoa","Sonora","85830","Boulevard Centenario, Navojoa","[27.08895,-109.44847]","",""
"1055495","Aeropuerto Tulum AMB","Licensed Store","Mexico","José María Pino Suárez","Quintana Roo","77130","Carretera Aeropuerto, Tulum","[20.13034,-87.63774]","",""
"1055530","Aeropuerto Tulum SUE","Licensed Store","Mexico","José María Pino Suárez","Quintana Roo","77130","Carretera Aeropuerto, Solidaridad","[20.13050,-87.63677]","",""
"1055612","Galerias Uriangato","Licensed Store","Mexico","Uriangato","Guanajuato","38983","Avenida Amrica 200, Fraccionamiento Colinas","[20.12075,-101.17797]","",""
"1056094","Bugambiia Plaza Cuernavaca","Licensed Store","Mexico","Cuernavaca","Morelos","62270","Calle Ro Balsas 110, Lomas de la Selva","[18.93360,-99.22864]","",""
"1056095","Av Tecnologico Celaya","Licensed Store","Mexico","Celaya","Guanajuato","38017","Avenida Tecnolgico, Industriales","[20.55639,-100.82223]","",""
"8509500","Punto 115","Licensed Store","Mexico","Playa del Carmen","Quintana Roo","77723","Avenida Petempich, Residencial Los Olivos","[20.66081,-87.07758]","",""
"8584900","Garza Sada Aguascalientes","Licensed Store","Mexico","Condominio La Piedra","Aguascalientes","20926","Avenida Eugenio Garza Sada 902, Pocitos","[21.92784,-102.33959]","",""
"8585000","Outlet San Marcos","Licensed Store","Mexico","Aguascalientes","Aguascalientes","20110","Boulevard A Zacatecas 6500, Aguascalientes","[21.93221,-102.29159]","",""
"8587300","Pabellon  Bosques","Licensed Store","Mexico","Mexico City","Mexico City","05100","Avenida Loma del Recuerdo, Cuajimalpa de Morelos","[19.38295,-99.26793]","",""
"8587700","Juan Pablo II Morelia","Licensed Store","Mexico","Morelia","Michoacán","58090","Cerrada El Paraiso 589, Morelia","[19.67547,-101.18258]","",""
"8588600","Punto Novel","Licensed Store","Mexico","Ciudad Valles","San Luis Potosi","79080","MEX-85, Las Moritas","[21.97977,-99.00516]","",""
"8603100","Cantamar","Licensed Store","Mexico","Mazatlan","Sinaloa","82110","Avenida Gabriel Ruz, Mazatln","[23.25115,-106.45511]","",""
"8665600","Anah La Quinta","Licensed Store","Mexico","Playa del Carmen","Quintana Roo","77720","Avenida Quinta, Playa del Carmen","[20.63695,-87.06510]","",""
"8665700","Ferroparque","Licensed Store","Mexico","Parque Industrial FINSA II","Querétaro","76248","MEX-30, El Marquez","[20.58024,-100.19820]","",""
"8664800","Real de la Plata","Licensed Store","Mexico","Pachuca","Hidalgo","42084","Camino Real de la Plata 112, Pachuca de Soto","[20.09689,-98.77160]","",""
"8725300","Los Mochis II","Licensed Store","Mexico","Los Mochis","Sinaloa","81240","Boulevard Jiquilpan, Los Mochis","[25.80634,-108.99413]","",""
"8725500","Paseo Tabasco II","Licensed Store","Mexico","Villahermosa","Tabasco","86050","Calle 4, Villahermosa","[17.99282,-92.93446]","",""
"8725600","Citadina Soledad","Licensed Store","Mexico","Soledad de Graciano Sánchez","San Luis Potosi","78430","Del Sol, Soledad de Graciano Snchez","[22.18240,-100.95141]","",""
"8724300","Tec SLP","Licensed Store","Mexico","San Luis Potosi","San Luis Potosi","78215","Avenida Eugenio Garza Sada 300, San Luis Potos","[22.12736,-101.03725]","",""
"8724600","Plaza Anatani Cuernavaca","Licensed Store","Mexico","Cuernavaca","Morelos","62050","Avenida Jos Mara Morelos 147, Cuernavaca","[18.90377,-99.23175]","",""
"8724700","Plaza Pacifico","Licensed Store","Mexico","Tijuana","Baja California","22643","Boulevard Salvador Rosas Magalln 7501, Tijuana","[32.47640,-116.99499]","",""
"8725400","Terrakia","Licensed Store","Mexico","Parque Industrial FINSA II","Querétaro","76248","Carretera General Lzaro Crdenas, Colon","[20.58221,-100.19687]","",""
"8736600","Torre 1500","Licensed Store","Mexico","Guadalajara","Jalisco","44648","Avenida De las Amricas 1254, Guadalajara","[20.69749,-103.37354]","",""
"8807200","Apto Los Cabos T2 SUE II","Licensed Store","Mexico","San José del Cabo","Baja California Sur","23420","Starbucks, Los Cabos","[23.15607,-109.71683]","",""
"8814400","Av Mexico Ixtapaluca","Licensed Store","Mexico","Ixtapaluca","State of Mexico","56538","MEX-115, Ixtapaluca","[19.31006,-98.89020]","",""
"1033529","ZONA DORADA MAZATLAN","Licensed Store","Mexico","Mazatlan","Sinaloa","82100","Avenida Camaron Sabalo 6291, Mazatlan","[23.25095,-106.45534]","",""
"1045218","Outlet Riviera Maya","Licensed Store","Mexico","Moon Palace","Quintana Roo","77563","Cancun - Quinta Roo, Quintana Roo","[20.98689,-86.86108]","",""
"1050581","Santiago DT","Licensed Store","Mexico","Santiago","Nuevo Leon","67318","Jernimo E. Garca Garca, Boca Palma","[25.43812,-100.15368]","",""
"4858","MTY - Terminal 2","Licensed Store","Mexico","Aeropuerto Internacional de Monterrey","Nuevo Leon","66629","Apto Internacional Gral Mariano, Monterrey","[25.77722,-100.11541]","",""
"4891","Plaza Caracol","Licensed Store","Mexico","Cancún","Quintana Roo","77500","Blvd Kulkulcan Km 85, Cancun","[21.13638,-86.74811]","",""
"4914","Cd. Deportiva","Licensed Store","Mexico","Villahermosa","Tabasco","86100","Av Heroico Colegio Militar, Villahermosa","[17.97820,-92.94352]","",""
"4937","Condesa II Tamaulipas","Licensed Store","Mexico","Mexico City","Mexico City","06100","Av Tamaulipas No 55, Mexico City","[19.41241,-99.17338]","",""
"4974","Hospital ABC","Licensed Store","Mexico","Mexico City","Mexico City","01120","Sur 136 No116 Col, Mexico City","[19.39979,-99.20402]","",""
"5019","Las Fuentes","Licensed Store","Mexico","Zapopan","Jalisco","45070","Av Adolfo Lopez Mateos, Guadalajara","[20.62033,-103.42352]","",""
"5064","Zona Azul","Licensed Store","Mexico","Naucalpan de Juárez","State of Mexico","53100","Circ Economistas Loc F1-4, Naucalpan","[19.50590,-99.24682]","",""
"5068","Santa Teresa","Licensed Store","Mexico","Mexico City","Mexico City","14200","Camino A Santa Teresa, Mexico City","[19.31043,-99.22429]","",""
"4963","Zacatecas Centro","Licensed Store","Mexico","Zacatecas","Zacatecas","98000","Av Hidalgo No507-A Col, Zacatecas","[22.77526,-102.57291]","",""
"4996","Gran Plaza Merida","Licensed Store","Mexico","Merida","Yucatan","97115","Fracc Gonzalo Guerrero Calle, Merida","[21.02879,-89.62552]","",""
"5042","Paradise Plaza","Licensed Store","Mexico","Nuevo Nayarit","Nayarit","63735","Av Paseo De Los Cocoteros, Puerto Vallarta","[20.69457,-105.29411]","",""
"1052875","Punta Zero Calimaya","Licensed Store","Mexico","Bosque de las Fuentes","State of Mexico","52226","Avenida Calimaya S/N, Calimaya","[19.18208,-99.58852]","",""
