"Store ID","Store Name","Ownership Type","Country","City","Region","ZIP Code","Address","Coordinates","Phone Number","Opening Hours"
"1006528","Stockholm Central Station","Licensed Store","Sweden","Stockholm","Stockholm County","111 20","Stockholm Centralstation, Stockholm","[59.32990,18.05878]","","Mo-We 07:00-17:00; Th 07:00-24:00; Fr 00:00-00:00,07:00-24:00; Sa 00:00-00:00; Su closed"
"1009209","Hamngatan","Licensed Store","Sweden","Stockholm","Stockholm County","111 53","Hamngatan 33, Stockholm","[59.33232,18.06835]","","Mo-Fr 07:30-21:00; Sa-Su 09:00-20:00"
"1013240","Mall Of Scandinavia","Licensed Store","Sweden","Solna","Stockholm County","169 79","Stjarntorget 2, Solna","[59.36945,18.00535]","","Mo-Fr 08:00-21:00; Sa-Su 09:00-21:00"
"8947600","Bruxelles midi Channel termina","Licensed Store","Belgium","Sint-Gillis","Brussel","1060","Avenue Fonsny 47B, Bruxelles","[50.83608,4.33545]","",""
"1028278","Brussels South Station","Licensed Store","Belgium","Sint-Gillis","Brussel","1060","Avenue Fonsny Fonsnylaan 47B, Brussels","[50.83517,4.33522]","","Mo-Th 05:30-21:00; Fr-Sa 05:30-22:00; Su 06:00-21:30"
"1027669","Saint Ghislain Zuid (E19/E42/A","Licensed Store","Belgium","Saint-Ghislain","Wallonia","7330","Saint Ghislain Zuid E19 E42 A7, Saint-Ghislain","[50.45173,3.80537]","","Mo-Su 06:30-19:30"
"1027668","Saint Ghislain Noord (E19/E42/","Licensed Store","Belgium","Saint-Ghislain","Wallonia","7330","Saint Ghislain Noord E19/E42/A7, Saint-Ghislain","[50.45251,3.80573]","","Mo-Su 06:30-19:30"
"1021574","Heverle Zuid (E40)","Licensed Store","Belgium","Leuven","Flanders","3001","E40 Brussels, Leuven","[50.85374,4.65996]","","Mo-Fr 08:30-17:30; Sa-Su 08:30-16:30"
"1021573","Heverlee Noord (E40)","Licensed Store","Belgium","Leuven","Flanders","3001","E40 Luik, Leuven","[50.85203,4.65846]","","Mo-Fr 06:30-16:30; Sa-Su 08:30-16:30"
"270","Brussels Airport Depart. Hall","Licensed Store","Belgium","Zaventem","Flanders","1930","Departure Hall, Zaventem","[50.89737,4.48510]","+32 2 719 77 00",""
"1019575","Kruibeke Noord (E-17 Gent)","Licensed Store","Belgium","Beveren-Kruibeke-Zwijndrecht","Vlaanderen","9120","Autoweg E 17 Gent, Beveren","[51.18539,4.29035]","","Mo-Su 06:30-19:30"
"1019576","Kruibeke Zuid (E-17 Antwerp)","Licensed Store","Belgium","Beveren-Kruibeke-Zwijndrecht","Vlaanderen","9150","Autoweg E 17 Antwerp, Kruibeke","[51.18397,4.29007]","","Mo-Su 06:30-19:30"
"1006072","Antwerp Groenplaats","Licensed Store","Belgium","Antwerp","Flanders","2000","Groenplaats 13, Antwerp","[51.21963,4.40109]","","Mo-Fr 09:00-19:00; Sa 08:30-20:00; Su 10:00-19:00"
"68691","Gent Korenmarkt","Licensed Store","Belgium","Ghent","Flanders","9000","Korenmarkt 4, Gent","[51.05439,3.72190]","","Mo-Fr 09:00-18:30; Sa 09:00-19:30; Su 10:30-18:30"
"52056","Brussels (CS)","Licensed Store","Belgium","Brussel","Brussel","1000","Eurpoakruispunt, Brussels","[50.84556,4.35694]","","Mo-Th 05:30-21:00; Fr-Sa 05:30-22:00; Su 06:00-21:00"
"18700","Brussels Airport Concourse B","Licensed Store","Belgium","Zaventem","Flanders","1930","Concourse B, Zaventem","[50.90035,4.48431]","","Mo-Su 04:30-20:00"
"18780","Antwerp Centraal Railway Stati","Licensed Store","Belgium","Antwerp","Flanders","2018","Koningin Astridplein 27, Antwerp","[51.21722,4.42111]","","Mo-Fr 06:00-21:00; Sa 06:30-22:00; Su 06:30-21:00"
"1032849","Groot-Bijgaarden Zuid","Licensed Store","Belgium","Dilbeek","Flanders","1702","Groot Bijgaarden South Dilbeek, Dilbeek","[50.88008,4.25257]","",""
"1028145","Brussels North Station - Grand","Licensed Store","Belgium","Schaarbeek","Brussel","1030","Rue du progrs 76 SNCB North Station, Schaerbeek","[50.86064,4.36009]","","Mo-Fr 06:00-19:30; Sa 07:30-18:30; Su 07:30-17:30"
"1008139","Brussels - Grand Place","Licensed Store","Belgium","Brussel","Brussel","1000","Grand Place de Bruxelles 4, Brussels","[50.84091,4.36389]","","Mo-Th 08:30-20:00; Fr-Sa 08:30-21:00; Su 08:30-20:00"
"1032848","Groot-Bijgaarden Noord","Licensed Store","Belgium","Dilbeek","Flanders","1702","Groot Bijgaarden Noord Dilbeek, Dilbeek","[50.88096,4.25559]","",""
"1022213","Minderhout (E19/A1 Breda)","Licensed Store","Belgium","Hoogstraten","Flanders","2322","Autostrade E19/A1  Breda, Minderhout","[51.42020,4.70680]","","Mo-Su 06:30-19:30"
"1013948","Brussels Airport Concourse A","Licensed Store","Belgium","Zaventem","Flanders","1930","Concourse A, Zaventem","[50.86931,4.48121]","","Mo-Th 04:00-20:00; Fr 04:00-21:00; Sa 04:00-20:00; Su 04:00-21:00"
"1027940","Hasselt Station","Licensed Store","Belgium","Hasselt","Flanders","3500","Stationsplein 2, Hasselt","[50.93101,5.32741]","","Mo-Fr 06:30-19:00; Sa 08:30-19:00; Su 10:00-17:00"
"1050996","BE-CAF-70100-Mons-Station","Licensed Store","Belgium","Mons","Wallonia","7000","Starbucks Place Leopold 7000 Mons, Mons","[50.45381,3.94272]","","Mo-Fr 06:00-19:30; Sa 07:00-20:00; Su 07:00-19:00"
"1023934","Charleroi Airport Landside","Licensed Store","Belgium","Charleroi","Wallonia","6041","Rue des Frres Wright 8, Charleroi","[50.46360,4.46280]","","Mo-Su 04:30-23:00"
"1017347","Brussels - Rogier (M)","Licensed Store","Belgium","Brussel","Brussel","1210","Karel Rogierplein 1, Brussels","[50.85522,4.35832]","","Mo-Fr 06:30-18:30; Sa 07:30-19:30; Su 07:30-18:30"
"1049206","Wijnegem C.C Shop Eat Enjoy","Licensed Store","Belgium","Wijnegem","Vlaanderen","2110","Turnhoutsebaan 5 2110 Wijnegem Belgica, Wijnegem","[51.22243,4.50063]","","Mo-Th 09:00-20:00; Fr 09:00-21:00; Sa 09:00-20:00; Su closed"
"1024717","Shell Wetteren North (E40)","Licensed Store","Belgium","Wetteren","Flanders","9230","E40 Oostende Brussels, Wetteren","[50.97083,3.84527]","","Mo-Fr 06:00-18:00; Sa 07:00-18:00; Su 08:00-18:00"
"91753","Bruges Railway Station","Licensed Store","Belgium","Bruges","Flanders","8380","Stationsplein 5, Bruges","[51.26560,3.19012]","","Mo-Fr 06:00-20:00; Sa-Su 07:00-20:00"
"1049208","De Keyserlei 1-11 Antwerp Towe","Licensed Store","Belgium","Antwerp","Flanders","2000","Frankrijklei 2000 Antwerpen Belgica, Antwerpen","[51.21501,4.41278]","","Mo-Su 08:00-19:00"
"1031212","Station Berchem","Licensed Store","Belgium","Antwerp","Flanders","2600","BURGEMEESTER EDGAR RYCKAERTSPLEIN 1, Berchem","[51.20131,4.43395]","","Mo-Fr 06:30-18:30; Sa 08:00-18:30; Su 08:30-18:30"
"1052557","BE-CAF-54785-TZoneBrusselsAirp","Licensed Store","Belgium","Zaventem","Flanders","1930","Leopoldlaan 1930 Zaventem, Zaventem","[50.89511,4.48071]","","Mo-Su 08:00-12:00"
"116587","Gare de Namur","Licensed Store","Belgium","Namur","Wallonia","5000","Place de la Station, Namur","[50.46852,4.86331]","","Mo-Fr 06:00-20:00; Sa 07:30-20:00; Su 08:30-19:00"
"1024718","Shell Wetteren South (E40)","Licensed Store","Belgium","Wetteren","Flanders","9230","E40 Oostende Brussels, Wetteren","[50.97001,3.84039]","","Mo-Fr 06:00-18:00; Sa 07:00-18:00; Su 08:00-18:00"
"89559","Gent Sint Pieters Station","Licensed Store","Belgium","Ghent","Flanders","9000","Koningin Maria Hendrikaplein 1, Gent","[51.03638,3.71625]","","Mo-Fr 06:00-21:00; Sa 07:00-21:00; Su 08:00-21:00"
"1019240","Muenster Hauptbahnhof","Licensed Store","Germany","Münster","North Rhine-Westphalia","48","Berliner Platz 21 23, Muenster","[51.95667,7.63461]","+49 251 49092721","Mo-Th 06:30-21:00; Fr 08:00-21:00; Sa 06:30-21:00; Su 08:00-21:00"
"1019213","Stuttgart, Milaneo Kiosk","Licensed Store","Germany","Stuttgart","Baden-Württemberg","70","Mailander Platz 7, Stuttgart","[48.79124,9.18317]","+49 711 99790840","Mo-Th 10:00-20:00; Fr closed; Sa 10:00-20:00; Su closed"
"1019212","Aachen, Aquis Plaza","Licensed Store","Germany","Aachen","North Rhine-Westphalia","52","Adalberstr 100, Aachen","[50.77506,6.09371]","","Mo-Th 08:30-20:30; Fr closed; Sa 08:30-20:30; Su 10:00-18:00"
"1018767","Nuernberg, Karolinenstrasse 12","Licensed Store","Germany","Nuremberg","Bavaria","90","Karolinenstrasse 12, Nuernberg","[49.45103,11.07662]","","Mo-Th 07:30-20:30; Fr-Sa 07:30-21:00; Su 11:30-19:00"
"1053100","Erlangen Erlangen Arcaden","Licensed Store","Germany","Erlangen","Bavaria","91","Nuernberger Strasse 7, Erlangen","[49.59318,11.00393]","","Mo-Sa 08:00-20:00; Su 11:00-18:00"
"1018773","Muenchen, Rosental 7","Licensed Store","Germany","Munich","Bavaria","80331","Rosental 7, Muenchen","[48.13536,11.57532]","","Mo-Th 07:00-20:00; Fr 09:30-19:30; Sa 08:30-20:00; Su 10:00-18:30"
"1018771","Muenchen, PEP Einkaufszentrum","Licensed Store","Germany","Munich","Bavaria","81737","Thomas-Dehler-Strasse 12, Muenchen","[48.10092,11.64541]","","Mo-Th 07:30-20:30; Fr 10:00-17:30; Sa 09:00-20:30; Su 10:00-17:30"
"1018770","Muenchen, Odeonsplatz","Licensed Store","Germany","Munich","Bavaria","80539","Odeonsplatz 15 16, Muenchen","[48.14310,11.57828]","","Mo-Th 07:30-20:30; Fr 08:30-20:30; Sa-Su 08:00-20:30"
"1018766","Nuernberg Hauptmarkt 1","Licensed Store","Germany","Nuremberg","Bavaria","90","Hauptmarkt 1, Nuernberg","[49.45309,11.07663]","","Mo-Th 08:00-20:30; Fr 09:00-20:00; Sa 09:00-21:00; Su 09:00-20:00"
"1018765","Nuernberg, Hefnersplatz 10","Licensed Store","Germany","Nuremberg","Bavaria","90","Hefnersplatz 10, Nuernberg","[49.45104,11.07271]","","Mo-Fr 08:00-20:30; Sa 08:00-21:30; Su 11:30-19:00"
"1018639","Wolfsburg FOC","Licensed Store","Germany","Wolfsburg","Lower Saxony","38","An der Vorburg, Wolfsburg","[52.42839,10.79597]","+49 5361 5578921","Mo-Th 09:00-19:00; Fr-Sa 09:00-20:00; Su closed"
"1014799","Brohltal West A61 Niederzissen","Licensed Store","Germany","Niederzissen","Rhineland-Palatinate","56651","A61 56651 Niederzissen, Niederzissen","[50.44000,7.22341]","+49 2636 974118",""
"1053098","Koeln Barbarossaplatz","Licensed Store","Germany","Cologne","North Rhine-Westphalia","50674","Barbarossaplatz 2 50674 Koeln, Koeln","[50.92880,6.94138]","","Mo-Th 07:00-19:30; Fr 09:00-19:00; Sa 09:00-20:00; Su 09:00-19:00"
"8510600","Dresden, Kaufpark Nickern","Licensed Store","Germany","Dresden","Saxony","01","Dohnaer Str 246 01239 Dresden, Dresden","[50.99688,13.80056]","","Mo-Th 09:00-20:00; Fr 11:00-17:00; Sa 09:00-20:00; Su closed"
"1051360","Hamburg Ueberseequartier","Licensed Store","Germany","Hamburg","Hamburg","20457","Ueberseeboulevard 7 20457 Hamburg, Hamburg","[53.54026,9.99790]","","Mo-Sa 08:00-20:00; Su 09:00-19:00"
"1029617","BBI Airport E2 L01 I Landing","Licensed Store","Germany","Berlin","Berlin","12524","Berlin Brandenburg International Airport, Berlin","[52.41236,13.54066]","","Mo-Su 05:00-20:30"
"1056134","Duesseldorf Mittelstrasse 9","Licensed Store","Germany","Düsseldorf","North Rhine-Westphalia","40","Mittelstrasse 9 40213 Duesseldorf, Duesseldorf","[51.22468,6.77392]","",""
"1052634","Aurach Sued A3 Herzogenaurach","Licensed Store","Germany","Erlangen","Bavaria","91","BAB 3, Herzogenaurach","[49.58223,10.92651]","","Mo-Su 10:00-18:00"
"1021979","Berlin, Hackescher Markt","Licensed Store","Germany","Berlin","Berlin","10178","Neue Promenade 3, Berlin","[52.52328,13.40215]","+49 30 28099508","Mo-We 07:00-20:30; Th 07:00-21:00; Fr 08:30-20:00; Sa 08:00-21:00; Su 08:30-20:00"
"1045191","Berlin Flughafen","Licensed Store","Germany","Schönefeld","Brandenburg","12529","Melli Beese Ring 1, Berlin","[52.36404,13.50899]","","Mo-Su 04:30-22:00"
"1020786","Dusseldorf, Steinstrasse 1-3","Licensed Store","Germany","Düsseldorf","North Rhine-Westphalia","40","Steinstrasse 1 3, Dusseldorf","[51.22283,6.77978]","+49 211 86292083","Mo-Th 07:00-21:00; Fr 07:30-21:00; Sa 07:30-21:30; Su 07:30-21:00"
"1042851","Frankfurt, My Zeil Kiosk","Licensed Store","Germany","Frankfurt am Main","Hessen","60313","Zeil 106 60313 Frankfurt am Main, Frankfurt","[50.11484,8.68144]","+49 69 21936010","Mo-Th 09:30-20:00; Fr-Sa 09:30-21:00; Su closed"
"1051951","Weil am Rhein, Dreilaendergale","Licensed Store","Germany","Weil am Rhein","Baden-Württemberg","79576","Europaplatz 1, Weil am Rhein","[47.59343,7.61981]","","Mo-Th 10:00-20:00; Fr closed; Sa 10:00-20:00; Su closed"
"1033724","Bremen Main Station","Licensed Store","Germany","Bremen","Bremen","28","Bahnhofsplatz 15, Bremen","[53.08321,8.81339]","","Mo-Su 08:00-20:00"
"8703300","Muenchen Marienplatz U-Bahn","Licensed Store","Germany","Munich","Bavaria","80331","Marienplatz, Munich","[48.13703,11.57581]","","Mo-Th 07:00-21:00; Fr 08:30-20:00; Sa 07:00-21:00; Su 08:30-20:00"
"1030011","Holmmoor Ost (A7)","Licensed Store","Germany","Quickborn","Schleswig-Holstein","25451","Holmmoor Ost A7, Quickborn","[53.71692,9.94033]","","Mo-Su 07:00-19:00"
"1051269","Berlin Kurfuerstendamm 224","Licensed Store","Germany","Berlin","Berlin","10719","Kurfuerstendamm 224 10719 Berlin, Berlin","[52.50313,13.32956]","+49 30 97996258","Mo-Sa 08:00-20:00; Su 10:30-18:00"
"1029364","Lorrach Bahnhofsplatz","Licensed Store","Germany","Lörrach","Baden-Württemberg","79","Bahnhofsplatz, Lorrach","[47.61431,7.66447]","+49 7621 7064703","Mo-Th 07:30-19:30; Fr 11:00-18:00; Sa 09:00-20:00; Su 11:00-19:00"
"8506200","Greding Ost A9","Licensed Store","Germany","Greding","Bavaria","91171","An der A9 91171 Greding, Greding","[49.04112,11.35460]","","Mo-Su 06:00-22:00"
"1056064","Muenchen Rotkreuzplatz","Licensed Store","Germany","Munich","Bavaria","80634","Nymphenburger Strasse 156 80634 Munich, Munich","[48.15273,11.53479]","","Mo-Th 07:30-20:30; Fr 10:00-18:00; Sa 08:00-20:30; Su 10:00-18:00"
"1018893","Berlin Hauptbahnhof","Licensed Store","Germany","Berlin","Berlin","10557","Europaplatz 1, Berlin","[52.52464,13.37024]","","Mo-Fr 05:00-22:00; Sa-Su 05:30-22:00"
"1025425","Holledau A9 Munich","Licensed Store","Germany","Schweitenkirchen","Bavaria","85301","Holledaustrasse, Schweitenkirchen","[48.55385,11.58912]","","Mo-Su 06:00-21:00"
"1054856","SBX Regensburg Arcaden","Licensed Store","Germany","Regensburg","Bavaria","93","Friedenstrasse 23 93053 Regensburg, Regensburg","[49.01076,12.09921]","","Mo-Th 08:30-20:00; Fr closed; Sa 08:30-20:00; Su closed"
"1024736","Oberhausen, Centro Allee 1st F","Licensed Store","Germany","Oberhausen","North Rhine-Westphalia","46","Centro Allee 5, Oberhausen","[51.48889,6.88174]","","Mo-Sa 09:00-20:00; Su closed"
"1024499","Wiesbaden, Lili","Licensed Store","Germany","Wiesbaden","Hessen","65189","Bahnhofsplatz 3, Wiesbaden","[50.07089,8.24233]","+49 611 34159840","Mo-Fr 07:00-20:00; Sa 08:00-20:00; Su 10:30-18:00"
"1023742","Siegen, City Galerie","Licensed Store","Germany","Siegen","North Rhine-Westphalia","57","Am Bahnhof 40, Siegen","[50.87440,8.01510]","+49 271 30336040","Mo-Th 08:30-20:00; Fr closed; Sa 09:00-20:00; Su closed"
"1023676","Berlin, East Side Mall","Licensed Store","Germany","Berlin","Berlin","10243","Muhlenstrasse 3 100, Berlin","[52.50346,13.44459]","+49 30 29387610","Mo-Fr 07:45-20:30; Sa 09:00-20:30; Su 09:30-18:00"
"1013726","Frankfurt - The Squaire (stati","Licensed Store","Germany","Frankfurt am Main","Hessen","60549","Hugo Eckener Ring, Frankfurt","[50.05330,8.57078]","+49 172 4042395","Mo-Fr 05:30-20:30; Sa-Su 06:00-21:00"
"1013725","Frankfurt - Airport T2 (airsid","Licensed Store","Germany","Frankfurt am Main","Hessen","60549","Terminal 2 Abflugbereich, Frankfurt","[50.05182,8.58835]","+49 69 69539764","Mo-Su 06:00-21:00"
"1013727","Frankfurt-Airport (hall B land","Licensed Store","Germany","Frankfurt am Main","Hessen","60549","Terminal 1 Ebene 2 Halle B, Frankfurt","[50.05169,8.57167]","+49 69 69538759","Mo-Sa 06:00-21:30; Su 06:00-20:00"
"1020787","Monchengladbach, Minto","Licensed Store","Germany","Korschenbroich","North Rhine-Westphalia","41","Hindenburgstrasse 73, Monchengladbach","[51.19498,6.44024]","","Mo-Th 09:30-20:00; Fr closed; Sa 09:30-20:00; Su closed"
"1020836","Munich Main Station II","Licensed Store","Germany","Munich","Bavaria","80335","Bayerstrabe 10A, Munich","[48.14053,11.55771]","","Mo-Fr 06:00-22:00; Sa-Su 07:00-22:00"
"1020812","Oberhausen, Centro","Licensed Store","Germany","Oberhausen","North Rhine-Westphalia","46","Centro Allee 5, Oberhausen","[51.48970,6.87623]","+49 208 88246650","Mo-Sa 09:30-20:00; Su closed"
"1022925","Ulm, Munsterplatz 16","Licensed Store","Germany","Ulm","Baden-Württemberg","89","Munsterplatz 16, Ulm","[48.39923,9.99228]","+49 731 96914266","Mo-Th 08:00-20:00; Fr 10:00-18:00; Sa 08:00-20:00; Su 09:00-20:00"
"1022967","Augsburg Koenigsbau","Licensed Store","Germany","Augsburg","Bavaria","86","Burgermeister Fischer Strabe 11, Augsburg","[48.36632,10.89492]","+49 821 81530606","Mo-Th 06:30-20:00; Fr 09:00-20:00; Sa 08:00-20:00; Su 09:00-20:00"
"1023751","Koeln, Guerzenichstr","Licensed Store","Germany","Cologne","North Rhine-Westphalia","50667","Guerzenichstr 21 a c, Koeln","[50.93642,6.95754]","","Mo-Th 08:30-20:30; Fr-Sa 08:30-21:00; Su 09:00-19:00"
"1024057","Berlin, Zoom","Licensed Store","Germany","Berlin","Berlin","10623","Joachimsthaler Str 3, Berlin","[52.50570,13.33168]","+49 30 88720695","Mo-Th 07:00-21:00; Fr 09:00-19:00; Sa 08:00-21:30; Su 08:00-20:00"
"1024170","Hamburg Hauptbahnhof Langbaute","Licensed Store","Germany","Hamburg","Hamburg","20099","Hamburg Hauptbahnhof, Hamburg","[53.55287,10.00693]","","Mo-Su 10:00-20:00"
"1024880","Kaiserslautern, Saarland","Licensed Store","Germany","Kaiserslautern","Rhineland-Palatinate","67","K in Lautern Fackelrondell 1 EG Shop 00SH 022, Kaiserslautern","[49.44439,7.76613]","","Mo-Sa 08:00-20:00; Su closed"
"1024883","Frankfurt, My Zeil 4th Floor","Licensed Store","Germany","Frankfurt am Main","Hessen","60313","Zeil 106, Frankfurt","[50.11498,8.68101]","+49 69 92039036","Mo-Th 09:00-20:30; Fr-Sa 09:00-21:30; Su 12:00-20:00"
"1018802","Ludwigsburg Breuningerland","Licensed Store","Germany","Ludwigsburg","Baden-Württemberg","71","Heinkelstrasse 1 11, Ludwigsburg","[48.92164,9.15193]","","Mo-Th 09:30-20:00; Fr closed; Sa 09:30-20:00; Su closed"
"1018803","Stuttgart, Koenigsbau Passagen","Licensed Store","Germany","Stuttgart","Baden-Württemberg","70","Koenigstrasse 28, Stuttgart","[48.77878,9.17781]","","Mo-Th 07:30-21:30; Fr 09:00-21:00; Sa 07:30-22:00; Su 09:00-21:00"
"1018847","Duisburg Hauptbahnhof","Licensed Store","Germany","Duisburg","North Rhine-Westphalia","47","Mercatorstrasse 19 25, Duisburg","[51.42995,6.77409]","","Mo-Fr 06:00-20:00; Sa-Su 08:00-20:00"
"1018849","Duesseldorf, Schadow Arkaden","Licensed Store","Germany","Düsseldorf","North Rhine-Westphalia","40","Schadowstrasse 11, Duesseldorf","[51.22546,6.78023]","","Mo-Th 07:30-20:30; Fr 11:30-18:30; Sa 08:00-20:30; Su 11:30-18:30"
"1018850","Dortmund, Thier Galerie","Licensed Store","Germany","Dortmund","North Rhine-Westphalia","44","Westenhellweg 102 106, Dortmund","[51.51404,7.45893]","","Mo-Th 09:00-20:00; Fr-Sa 09:00-20:30; Su closed"
"1026107","Augsburg Hauptbanhof","Licensed Store","Germany","Augsburg","Bavaria","86","Viktoriastr 1, Augsburg","[48.36612,10.88589]","+49 821 81560390","Mo-Th 06:30-20:00; Fr-Su 08:00-20:00"
"1026136","Muenchen Karlsplatz 8","Licensed Store","Germany","Munich","Bavaria","80335","Karlsplatz 8, Muenchen","[48.13938,11.56638]","","Mo-Th 07:30-20:30; Fr-Su 09:00-20:30"
"1026484","Zweibruecken, Londoner Bogen 1","Licensed Store","Germany","Zweibrücken","Rhineland-Palatinate","66482","Londoner Bogen 10-90, Zweibruecken","[49.23076,7.40543]","+49 6332 9935320","Mo-Sa 10:00-19:00; Su closed"
"1026691","Montabaur Fashion Outlet","Licensed Store","Germany","Montabaur","Rhineland-Palatinate","56410","Am Fashion Outlet 72, Montabaur","[50.44389,7.82839]","","Mo-Sa 09:00-20:00; Su closed"
"1026905","Berlin, Alexanderhaus","Licensed Store","Germany","Berlin","Berlin","10178","Alexanderplatz 2, Berlin","[52.52091,13.41401]","","Mo-Fr 07:00-21:00; Sa 08:00-21:00; Su 09:00-20:00"
"1028234","Ellwanger Berge Ost (A7)","Licensed Store","Germany","Ellwangen","Baden-Württemberg","73479","A7 Ellwanger Berge, Ellwangen Jagst","[48.98363,10.19565]","","Mo-Su 07:00-21:00"
"1028478","Wuppertal, City Plaza","Licensed Store","Germany","Wuppertal","North Rhine-Westphalia","42","Alte Freiheit 27 28, Wuppertal","[51.25564,7.14885]","","Mo-Th 07:30-20:30; Fr 11:00-18:30; Sa 08:00-20:30; Su 11:00-18:30"
"1030343","Medenbach Ost (A3)","Licensed Store","Germany","Wiesbaden","Hessen","65207","Medenbach Ost A3, Wiesbaden","[50.09775,8.35342]","","Mo-Su 08:00-20:00"
"1048840","Berlin Albrechststrasse 132","Licensed Store","Germany","Berlin","Berlin","12165","Albrechtstrasse 132, Berlin","[52.45734,13.32177]","+49 30 20632894","Mo-Fr 07:00-20:30; Sa 08:00-20:30; Su 08:30-19:30"
"1052135","Nuernberg Hauptbahnhof","Licensed Store","Germany","Nuremberg","Bavaria","90","Bahnhofsplatz 9 90443 Nuernberg, Nuernberg","[49.44657,11.08260]","","Mo-Su 06:00-22:00"
"1052162","Berlin Schoenhauser Allee Arca","Licensed Store","Germany","Berlin","Berlin","10439","Schoenhauser Allee 78 80 10439 Berlin, Berlin","[52.54950,13.41422]","","Mo-Fr 06:30-20:00; Sa 08:00-20:00; Su 09:00-17:30"
"1052134","Ludwigsburg Marstall","Licensed Store","Germany","Ludwigsburg","Baden-Württemberg","71","Marstallstrasse 71634 Ludwigsburg, Ludwigsburg","[48.89982,9.19354]","","Mo-Sa 09:00-20:00; Su closed"
"1052141","Berlin, Am Tacheles","Licensed Store","Germany","Berlin","Berlin","10117","Friedrichstrasse 110 111, Berlin","[52.52518,13.38822]","","Mo-Fr 07:30-19:00; Sa-Su 08:30-19:00"
"1054651","Halle Hauptbahnhof","Licensed Store","Germany","Halle (Saale)","Saxony-Anhalt","06","Hans-Dietrich-Genscher-Platz 1, 06112 Halle (Saale), Halle (Saale)","[51.47687,11.98817]","","Mo-Sa 06:00-20:00; Su 07:00-20:00"
"1055262","Mannheim Planken O4 7","Licensed Store","Germany","Mannheim","Baden-Württemberg","68","Planken O4 7 68161 Mannheim, Mannheim","[49.48647,8.46979]","","Mo-Fr 07:30-21:00; Sa 08:00-21:00; Su 12:00-19:00"
"8616200","Giessen Seltersweg 39","Licensed Store","Germany","Giessen","Hessen","35","Seltersweg 39 35390 Giessen, Giessen","[50.58504,8.67416]","","Mo-Sa 08:00-20:00; Su 10:00-18:00"
"8622900","Hamburg Phoenix Center","Licensed Store","Germany","Hamburg","Hamburg","21073","Hannoversche Strasse 86 21079 Hamburg, Hamburg","[53.45644,9.98710]","","Mo-Sa 09:30-20:00; Su closed"
"8839200","Magdeburg Breiter Weg 173","Licensed Store","Germany","Magdeburg","Saxony-Anhalt","39","Breiter Weg 173 39104 Magdeburg, Magdeburg","[52.13064,11.63549]","","Mo-Sa 08:00-20:00; Su 10:00-19:00"
"1048978","Frankfurt Airport T1 Mezzanine","Licensed Store","Germany","Frankfurt am Main","Hessen","60549","Terminal1 B Non Schengen Ebene3, Frankfurt","[50.04788,8.57385]","","Mo-Su 06:00-22:00"
"1049061","Leipzig Petersstrasse 22","Licensed Store","Germany","Leipzig","Saxony","04","Petersstrasse 22, Leipzig","[51.33856,12.37427]","","Mo-Fr 08:00-20:00; Sa 09:00-20:00; Su 12:00-18:00"
"1018829","Darmstadt, Luisenplatz 4","Licensed Store","Germany","Darmstadt","Hessen","64","Luisenplatz 4, Darmstadt","[49.87240,8.65074]","","Mo-Su 11:00-18:00"
"1018827","Frankfurt, Kaiserstrasse 20","Licensed Store","Germany","Frankfurt am Main","Hessen","60311","Kaiserstrasse 20, Frankfurt","[50.11057,8.67481]","","Mo-Fr 07:00-20:30; Sa 08:30-21:00; Su 08:30-20:00"
"1018825","Frankfurt, Hessencenter","Licensed Store","Germany","Frankfurt am Main","Hessen","60388","Borsigallee 26, Frankfurt","[50.14030,8.75046]","","Mo-Th 10:00-20:00; Fr closed; Sa 10:00-20:00; Su closed"
"1018818","Karlsruhe, Ettlinger Tor","Licensed Store","Germany","Karlsruhe","Baden-Württemberg","76","Ettlinger Tor Platz 1, Karlsruhe","[49.00732,8.40166]","","Mo-Th 09:00-20:00; Fr closed; Sa 09:00-20:00; Su closed"
"1030199","Berlin Bahnhof Zoologischer Ga","Licensed Store","Germany","Berlin","Berlin","10623","Hadenbergplatz 11, Berlin","[52.50796,13.33317]","+49 1512 5010904","Mo-Su 06:00-20:00"
"1018813","Heilbronn, Kilianstrasse 6","Licensed Store","Germany","Heilbronn","Baden-Württemberg","74","Kilianstrasse 6, Heilbronn","[49.14093,9.21989]","","Mo-Th 08:30-21:00; Fr 09:00-20:00; Sa 08:30-21:30; Su 08:30-20:30"
"1018812","Mannheim, Am Wasserturm","Licensed Store","Germany","Mannheim","Baden-Württemberg","68","O7 18 a, Mannheim","[49.48402,8.47362]","+49 621 12268697","Mo-Th 08:00-21:00; Fr-Sa 08:00-22:00; Su 08:00-21:00"
"1029566","Bruchsal West (A5)","Licensed Store","Germany","Forst","Baden-Württemberg","76694","Bruchsal West A5, Bruchsal","[49.16217,8.56748]","","Mo-Su 07:00-20:00"
"1018810","Freiburg Hauptbahnhof","Licensed Store","Germany","Freiburg im Breisgau","Baden-Württemberg","79","Bismarckallee 5, Freiburg","[47.99818,7.84243]","","Mo-Th 06:30-20:00; Fr 08:30-20:00; Sa 07:30-20:00; Su 08:30-20:00"
"1018800","Stuttgart, Milaneo","Licensed Store","Germany","Stuttgart","Baden-Württemberg","70","Mailaender Platz, Stuttgart","[48.79075,9.18314]","+49 711 28482429","Mo-Th 08:00-20:00; Fr 10:00-18:00; Sa 08:00-20:30; Su 10:00-18:30"
"1018797","Mainz Hauptbahnhof","Licensed Store","Germany","Mainz","Rhineland-Palatinate","55","Bahnhofsplatz 1, Mainz","[49.99986,8.25979]","",""
"1018795","Osnabrueck Kamp Promenade","Licensed Store","Germany","Osnabrück","Lower Saxony","49","Kamp 47a, Osnabrueck","[52.27335,8.04721]","","Mo-Th 09:00-19:00; Fr 12:00-18:00; Sa 09:00-19:00; Su 12:00-18:00"
"1018793","Hannover Hauptbahnhof","Licensed Store","Germany","Hanover","Lower Saxony","30","Ernst August Platz 1, Hannover","[52.37721,9.74233]","","Mo-Sa 06:00-22:00; Su 07:00-22:00"
"1018791","Frankfurt Hauptbahnhof","Licensed Store","Germany","Frankfurt am Main","Hessen","60329","Im Hauptbahnhof, Frankfurt","[50.10733,8.66400]","","Mo-Th 05:30-21:45; Fr-Sa 05:30-22:45; Su 06:30-21:45"
"1018785","Bremen, Marktstrasse 3","Licensed Store","Germany","Bremen","Bremen","28","Marktstrasse 3, Bremen","[53.07515,8.80728]","","Mo-Su 09:30-17:00"
"1018783","Bremen Waterfront C02","Licensed Store","Germany","Bremen","Bremen","28","AG Weser Strasse 1, Bremen","[53.11181,8.74898]","","Mo-Sa 10:00-20:00; Su closed"
"1018777","Muenchen Hbf Container2","Licensed Store","Germany","Munich","Bavaria","80335","Bayerstrasse 10A, Muenchen","[48.14057,11.55780]","","Mo-Fr 06:00-22:00; Sa-Su 07:00-22:00"
"1018776","Muenchen, Platzl","Licensed Store","Germany","Munich","Bavaria","80331","Platzl 3, Muenchen","[48.13805,11.57979]","","Mo-Th 08:30-20:00; Fr 11:00-19:00; Sa 09:00-20:00; Su 11:00-19:00"
"1014907","Fernthal A3 Neustadt-Wied","Licensed Store","Germany","Neustadt","Rhineland-Palatinate","53577","D-53577 Neustadt / Wied, Neustadt Wied","[50.59334,7.44901]","+49 2683 98630","Mo-Su 07:00-20:30"
"1027942","Hannover, Ernst-August Galerie","Licensed Store","Germany","Hanover","Lower Saxony","30","Ernst August Platz 2 First Floor, Hannover","[52.37759,9.73772]","+49 511 37436158","Mo-Sa 09:30-20:00; Su closed"
"1027764","Bonn, Urban Soul","Licensed Store","Germany","Bonn","North Rhine-Westphalia","53","Poststrae 2, Bonn","[50.73254,7.09731]","","Mo-Th 06:30-17:30; Fr 11:00-18:00; Sa 09:00-17:00; Su 11:00-18:00"
"1027730","Berlin, Designer Outlet","Licensed Store","Germany","Wustermark","Brandenburg","14","Alter Spandauer Weg 1, Wustermark","[52.54055,12.97895]","","Mo-Sa 09:30-20:15; Su closed"
"1043845","Hamburg Bahnhof Dammtor","Licensed Store","Germany","Hamburg","Hamburg","20354","Marseiller Strasse, Hamburg","[53.56021,9.98939]","",""
"1027351","MUC Munich Airport T2 Ankunft","Licensed Store","Germany","Oberding","Bayern","85","Terminalstrasse, Muenchen","[48.35405,11.79022]","","Mo-Su 05:00-22:00"
"1025946","Stuttgart HB Kiosk","Licensed Store","Germany","Stuttgart","Baden-Württemberg","70","Hauptbahnhof Stuttgart, Stuttgart","[48.78420,9.18087]","","Mo-Su 06:00-21:30"
"1009848","Erfurt Central Station","Licensed Store","Germany","Erfurt","Thuringia","99","Willy Brandt Platz 12, Erfurt","[50.97304,11.03733]","+49 361 64432135","Mo-Fr 07:00-20:00; Sa-Su 09:00-20:00"
"1025054","Stuhr, FOC Ochtum Park","Licensed Store","Germany","Stuhr","Lower Saxony","28816","Bremer Str 107, Stuhr","[53.02996,8.80434]","+49 421 79405523","Mo-Fr 09:00-19:00; Sa 09:00-18:30; Su closed"
"1024793","Berlin, Station Warschauer Str","Licensed Store","Germany","Berlin","Berlin","10243","Warschauer Strasse, Berlin","[52.50507,13.44903]","+49 30 27598590","Mo-Th 06:00-21:00; Fr 07:00-21:00; Sa 07:00-22:00; Su 07:00-21:00"
"1024671","Metzingen Outlet City","Licensed Store","Germany","Metzingen","Baden-Württemberg","72555","Hugo Boss Platz 6, Metzingen","[48.53582,9.28087]","+49 7123 9224980","Mo-Th 09:00-20:00; Fr closed; Sa 08:00-20:30; Su closed"
"1023968","Kiel Holstenstr. 82","Licensed Store","Germany","Kiel","Schleswig-Holstein","24103","Holstenstr 82, Kiel","[54.32056,10.13409]","+49 431 97103419","Mo-Sa 09:30-18:30; Su 10:00-18:00"
"1023866","Hannover, Ernst-August Galerie","Licensed Store","Germany","Hanover","Lower Saxony","30","Ernst August Platz 2 Ground Floor, Hannover","[52.37799,9.73760]","+49 511 21578240","Mo-Sa 10:00-18:00; Su closed"
"1023864","Muenchen Pasing","Licensed Store","Germany","Munich","Bavaria","81241","Pasinger Bahnhofspl 5, Muenchen","[48.14888,11.46191]","","Mo-Th 07:00-20:30; Fr 10:00-18:00; Sa 07:00-20:30; Su 10:00-18:00"
"1020627","Rostock, Kropeliner Tor Center","Licensed Store","Germany","Rostock","Mecklenburg-Vorpommern","18","Kropeliner Str 54, Rostock","[54.08859,12.13007]","","Mo-Sa 09:00-20:00; Su 12:00-18:00"
"1018902","Berlin, Alexa Shopping Centre","Licensed Store","Germany","Berlin","Berlin","10179","Grunerstrasse 20, Berlin","[52.51942,13.41575]","","Mo-Th 09:00-20:30; Fr-Sa 09:00-21:00; Su closed"
"1018892","Berlin, IHZ Friedrichstrasse 9","Licensed Store","Germany","Berlin","Berlin","10117","Friedrichstrasse 96, Berlin","[52.51940,13.38872]","","Mo-Fr 06:30-21:00; Sa 07:30-21:00; Su 07:30-19:30"
"1018885","Leipzig Hauptbahnhof","Licensed Store","Germany","Leipzig","Saxony","04","Willy Brandt Platz 7, Leipzig","[51.34458,12.38168]","","Mo-Fr 05:00-20:30; Sa-Su 06:00-20:30"
"1018883","Dresden Altmarkt","Licensed Store","Germany","Dresden","Saxony","01","Altmarkt 7, Dresden","[51.04905,13.73808]","","Mo-Fr 07:30-20:00; Sa 08:00-20:00; Su 09:00-20:00"
"1018881","Neumuenster, FOC Hamburg","Licensed Store","Germany","Neumünster","Schleswig-Holstein","24","Oderstrasse 11, Neumuenster","[54.04470,9.97608]","","Mo-Sa 09:30-20:00; Su closed"
"1018879","Muenster, Hanse Carree","Licensed Store","Germany","Münster","North Rhine-Westphalia","48","Stubengasse 38, Muenster","[51.95944,7.62888]","","Mo-Th 11:00-18:00; Fr 08:00-19:30; Sa 08:30-20:00; Su closed"
"1018903","Berlin, Kurfuerstendamm 61","Licensed Store","Germany","Berlin","Berlin","10629","Kurfuerstendamm 61, Berlin","[52.50095,13.31278]","","Mo-Fr 07:30-20:30; Sa-Su 08:00-20:30"
"1018901","Berlin, Friedrichstrasse 61","Licensed Store","Germany","Berlin","Berlin","10117","Friedrichstrasse 61, Berlin","[52.51106,13.39000]","+49 30 20628799","Mo-Sa 07:30-20:00; Su 09:00-19:00"
"1018887","Berlin, Pariser Platz","Licensed Store","Germany","Berlin","Berlin","10117","Pariser Platz 4a, Berlin","[52.51659,13.37973]","+49 30 20632997","Mo-Sa 07:30-21:30; Su 09:00-21:00"
"1018886","Dresden Hauptbahnhof","Licensed Store","Germany","Dresden","Saxony","01","Wiener Platz 4, Dresden","[51.04025,13.73334]","","Mo 06:00-20:00; Tu-Th 05:00-20:00; Fr 06:00-20:00; Sa-Su 07:00-20:00"
"1018884","Dresden, Centrum Galerie","Licensed Store","Germany","Dresden","Saxony","01","Prager Strasse, Dresden","[51.04498,13.73584]","","Mo-Th 08:00-21:00; Fr 09:00-20:00; Sa 08:30-21:00; Su 09:00-20:30"
"1018882","Leipzig, Grimmaische Strasse 1","Licensed Store","Germany","Leipzig","Saxony","04","Grimmaische Strasse 14, Leipzig","[51.33930,12.37939]","","Mo-Fr 06:30-21:30; Sa 07:00-21:30; Su 07:00-21:00"
"1018878","Bonn, Muensterplatz","Licensed Store","Germany","Bonn","North Rhine-Westphalia","53","Muensterplatz 21, Bonn","[50.73489,7.09926]","","Mo-Th 08:00-21:00; Fr 09:30-20:00; Sa 08:30-21:00; Su 09:30-20:00"
"1018875","Bonn, T-Mobile Hauptverwaltung","Licensed Store","Germany","Bonn","North Rhine-Westphalia","53","Landgrabenweg 151, Bonn","[50.72286,7.14295]","","Mo-Th 07:00-18:00; Fr-Su closed"
"1018872","Koeln, Ring Karree","Licensed Store","Germany","Cologne","North Rhine-Westphalia","50672","Hohenzollernring 70, Koeln","[50.94065,6.94043]","","Mo-Th 06:30-22:00; Fr 06:30-24:00; Sa 00:00-00:00,07:30-24:00; Su 00:00-00:00,07:30-22:00"
"1018870","Koeln, Rhein Center","Licensed Store","Germany","Cologne","North Rhine-Westphalia","50858","Aachener Strasse 1253, Koeln","[50.93738,6.83564]","","Mo-Th 09:30-20:00; Fr closed; Sa 09:30-20:00; Su closed"
"1018869","Oberhausen, Centro EG","Licensed Store","Germany","Oberhausen","North Rhine-Westphalia","46","Centro Allee 5, Oberhausen","[51.48970,6.87623]","","Mo-Sa 09:00-20:00; Su closed"
"1018867","Bielefeld, Niedernstrasse 41","Licensed Store","Germany","Bielefeld","North Rhine-Westphalia","33","Niedernstrasse 41, Bielefeld","[52.02260,8.53255]","","Mo-Fr 08:00-20:00; Sa 09:00-21:00; Su 10:00-19:00"
"1018866","Essen Hauptbahnhof","Licensed Store","Germany","Essen","North Rhine-Westphalia","45","Am Hauptbahnhof 5, Essen","[51.45125,7.01360]","","Mo-Fr 06:00-21:30; Sa 09:00-21:30; Su 09:30-21:00"
"1018863","Koeln Neumarkt New","Licensed Store","Germany","Cologne","North Rhine-Westphalia","50667","Neumarkt 1a, Koeln","[50.93623,6.94944]","","Mo-Fr 07:00-21:00; Sa 08:00-21:00; Su 10:00-20:00"
"1018858","Duesseldorf Hauptbahnhof","Licensed Store","Germany","Düsseldorf","North Rhine-Westphalia","40","Konrad Adenauer Platz 14, Duesseldorf","[51.21893,6.79503]","","Mo-Su 06:00-21:00"
"1018856","Dortmund, Markt 6","Licensed Store","Germany","Dortmund","North Rhine-Westphalia","44","Markt 6, Dortmund","[51.51349,7.46709]","","Mo-Fr 07:30-21:00; Sa 09:00-21:00; Su 10:00-21:00"
"8836900","Muelheim-Kaerlich Industriestr","Licensed Store","Germany","Mülheim-Kärlich","Rhineland-Palatinate","56218","Industriestrasse 52 Muelheim Kaerlich, Muelheim Kaerlich","[50.39732,7.51631]","","Mo-Sa 07:30-19:00; Su 11:00-18:00"
"8788600","Duesseldorf Schadowstrasse 84","Licensed Store","Germany","Düsseldorf","North Rhine-Westphalia","40","Schadowstrasse 84 40212 Duesseldorf, Duesseldorf","[51.22790,6.78676]","","Mo-Th 07:30-20:30; Fr 10:00-18:30; Sa 07:30-20:30; Su 10:00-18:30"
"1018857","Essen, Limbecker Platz","Licensed Store","Germany","Essen","North Rhine-Westphalia","45","Limbecker Platz 1a, Essen","[51.45855,7.00500]","","Mo-Th 09:00-20:00; Fr-Sa 09:00-20:30; Su closed"
"1018831","Sulzbach, Main Taunus Zentrum","Licensed Store","Germany","Sulzbach","Hessen","65","Main Taunus Zentrum, Sulzbach","[50.11868,8.52743]","","Mo-Th 08:30-20:30; Fr-Sa 08:30-22:00; Su 13:00-18:00"
"1018826","Frankfurt, Skyline Plaza","Licensed Store","Germany","Frankfurt am Main","Hessen","60327","Europa Allee 6, Frankfurt","[50.10912,8.65256]","+49 30 46205015","Mo-Th 07:30-20:00; Fr closed; Sa 09:00-21:00; Su 09:00-18:00"
"1018774","Muenchen, Leopoldstrasse 56","Licensed Store","Germany","Munich","Bavaria","80802","Leopoldstrasse 56, Muenchen","[48.15885,11.58552]","","Mo-Th 06:30-21:00; Fr 08:30-21:00; Sa-Su 08:00-21:00"
"8588100","Greding West A9","Licensed Store","Germany","Greding","Bavaria","91171","An der A9, Greding","[49.04483,11.33869]","","Mo-Su 06:00-22:00"
"8577300","Essen Kettwiger Strasse 2-10","Licensed Store","Germany","Essen","North Rhine-Westphalia","45","Kettwiger Strasse 2 10 45127 Essen, Essen","[51.45336,7.01340]","","Mo-Fr 07:00-22:00; Sa 08:00-22:00; Su 09:00-20:00"
"8532000","Berlin Tauentzienstrasse 8","Licensed Store","Germany","Berlin","Berlin","10789","Tauentzienstrasse 8, 10789 Berlin, Berlin","[52.50366,13.33868]","","Mo-Th 07:30-20:30; Fr 08:30-19:00; Sa 07:30-20:30; Su 08:00-18:30"
"8531500","Leipzig Hainstrasse 16-18","Licensed Store","Germany","Leipzig","Saxony","04","Hainstrasse 16 18, Leipzig","[51.34251,12.37357]","","Mo-Sa 08:00-20:00; Su 11:30-18:00"
"1055678","Flaming Ost A9 Niemegk","Licensed Store","Germany","Niemegk","Brandenburg","14","BAB 9, Niemegk","[52.13216,12.75300]","","Mo-Su 06:00-10:00"
"1055226","Augsburg City Galerie","Licensed Store","Germany","Augsburg","Bavaria","86","Willy Brandt Platz 1 86153 Augsburg, Augsburg","[48.36550,10.90751]","","Mo-Sa 09:00-20:00; Su closed"
"1054455","Halle Leipzig The Style Outlet","Licensed Store","Germany","Sandersdorf-Brehna","Saxony-Anhalt","06","Berliner Strasse 1, Sandersdorf-Brehna","[51.55408,12.19269]","","Mo-Sa 10:00-20:00; Su closed"
"1054175","Saarbruecken Bahnhofstrasse 10","Licensed Store","Germany","Saarbrücken","Saarland","66","Bahnhofstrasse 103, Saarbruecken","[49.23810,6.99082]","","Mo-Fr 07:00-20:00; Sa 09:00-21:00; Su 10:00-20:00"
"1054121","Berlin Unter den Linden 39","Licensed Store","Germany","Berlin","Berlin","10117","Unter den Linden 39 10117 Berlin, Berlin","[52.51660,13.38797]","","Mo-Su 08:00-20:00"
"1054119","Passau Ludwigsplatz 8","Licensed Store","Germany","Passau","Bavaria","94","Ludwigsplatz 8 94032 Passau, Passau","[48.57396,13.45765]","","Mo-Th 07:00-20:00; Fr 07:00-21:00; Sa 08:00-21:00; Su 09:00-20:00"
"2049","FRA - Terminal 1 Departures","Licensed Store","Germany","Frankfurt am Main","Hessen","60549","Terminal 1 Geb 200 Albflughalle C, Frankfurt","[50.02706,8.55738]","+49 172 4044671","Mo-Su 05:30-21:00"
"1054066","Bonn Markt 13-21","Licensed Store","Germany","Bonn","North Rhine-Westphalia","53","Markt 13 21 53111 Bonn, Bonn","[50.74194,7.09503]","","Mo-Th 08:00-20:30; Fr 10:00-20:30; Sa 08:30-21:00; Su 10:00-20:30"
"1053549","Designer Outlet Ochtrup","Licensed Store","Germany","Ochtrup","North Rhine-Westphalia","48607","Laurenzstrasse 51 55, Ochtrup","[52.20973,7.19981]","","Mo-Sa 09:30-20:00; Su closed"
"1052985","Braunschweig Damm 22","Licensed Store","Germany","Braunschweig","Lower Saxony","38","Damm 22 38100 Braunschweig, Braunschweig","[52.26213,10.52503]","","Mo-Fr 08:00-20:00; Sa 09:00-20:00; Su 11:00-18:00"
"1052458","Leipzig Promenaden Hauptbahnho","Licensed Store","Germany","Leipzig","Saxony","04","Willy Brandt Platz 7, Leipzig","[51.34501,12.38204]","","Mo-Su 06:00-20:00"
"1052417","Feuchtwangen Autohof","Licensed Store","Germany","Schnelldorf","Bavaria","91","Rudolf Diesel Str, Schnelldorf","[49.17103,10.24143]","","Mo-Su 09:00-21:00"
"1052376","Mannheim Hauptbahnhof","Licensed Store","Germany","Mannheim","Baden-Württemberg","68","Willy Brandt Platz 17, Mannheim","[49.47804,8.47237]","","Mo-Su 06:30-21:00"
"1018845","Hamburg, Roedingsmarkt","Licensed Store","Germany","Hamburg","Hamburg","20457","Grosser Burstah 50 52, Hamburg","[53.54872,9.98785]","","Mo-Fr 07:00-19:00; Sa-Su 08:30-19:00"
"1018842","Hamburg, Rathausmarkt 5","Licensed Store","Germany","Hamburg","Hamburg","20095","Rathausmarkt 5, Hamburg","[53.55132,9.99343]","","Mo-Su 08:00-19:00"
"1018837","Hamburg, Europa Passage","Licensed Store","Germany","Hamburg","Hamburg","20095","Ballindamm 40, Hamburg","[53.55152,9.99567]","","Mo-Fr 07:00-20:00; Sa 08:00-20:00; Su 11:00-18:00"
"1018832","Wiesbaden, Kirchgasse 35-43","Licensed Store","Germany","Wiesbaden","Hessen","65183","Kirchgasse 35 43, Wiesbaden","[50.08144,8.23865]","","Mo-Fr 08:30-20:00; Sa 09:00-20:00; Su 11:00-18:00"
"1018830","Frankfurt, Nord West Zentrum","Licensed Store","Germany","Frankfurt am Main","Hessen","60439","Limescorso 8, Frankfurt","[50.15764,8.63328]","","Mo-Sa 09:00-20:30; Su closed"
"1018873","Aachen Markt","Licensed Store","Germany","Aachen","North Rhine-Westphalia","52","Markt 35, Aachen","[50.77650,6.08340]","","Mo-Th 07:30-20:30; Fr 08:30-20:00; Sa 08:00-20:30; Su 08:30-20:30"
"1018864","Koeln Hauptbahnhof Colonaden","Licensed Store","Germany","Cologne","North Rhine-Westphalia","50667","Trankgasse 11, Koeln","[50.94298,6.95752]","","Mo-Th 05:30-22:00; Fr 05:30-23:00; Sa 06:00-23:00; Su 07:00-22:00"
"1018862","Duesseldorf, Erkrather Strasse","Licensed Store","Germany","Düsseldorf","North Rhine-Westphalia","40","Erkrather Strasse 364, Duesseldorf","[51.21340,6.82375]","","Mo-Th 06:30-20:30; Fr 09:00-21:00; Sa 07:30-21:00; Su 09:00-21:00"
"1018854","Bochum, Dr.Ruer Platz","Licensed Store","Germany","Bochum","North Rhine-Westphalia","44","Dr Ruer Platz 6 7, Bochum","[51.48029,7.21906]","","Mo-Fr 07:30-20:30; Sa-Su 08:30-20:30"
"1052355","Muenchen, Sendlinger Strasse 3","Licensed Store","Germany","Munich","Bavaria","80331","Sendlinger Strasse 37, Muenchen","[48.13452,11.56896]","","Mo-Th 07:30-21:00; Fr 08:30-20:00; Sa 08:30-21:00; Su 08:30-20:00"
"1018844","Hamburg, Am Moenckebergbrunnen","Licensed Store","Germany","Hamburg","Hamburg","20095","Barkhof 3, Hamburg","[53.55128,10.00101]","","Mo-Sa 07:00-20:00; Su 11:00-18:00"
"1018843","Hamburg, Elbe EKZ","Licensed Store","Germany","Hamburg","Hamburg","22609","Osdorfer Landstrasse, Hamburg","[53.57078,9.86199]","","Mo-Sa 10:00-20:00; Su closed"
"1018841","Hamburg, Neuer Jungfernstieg 5","Licensed Store","Germany","Hamburg","Hamburg","20354","Neuer Jungfernstieg 5, Hamburg","[53.55502,9.99094]","","Mo-Th 08:00-20:00; Fr 08:00-21:00; Sa-Su 08:30-21:00"
"1018838","Hamburg, Alstertal EKZ","Licensed Store","Germany","Hamburg","Hamburg","22391","Heegbarg 31, Hamburg","[53.65416,10.09092]","","Mo-Sa 09:00-20:00; Su closed"
"1018835","Frankfurt, Konstablerwache","Licensed Store","Germany","Frankfurt am Main","Hessen","60313","Grosse Friedberger Str 6, Frankfurt","[50.11492,8.68652]","","Mo-Th 07:00-21:30; Fr 08:30-20:00; Sa 07:00-21:30; Su 08:30-20:00"
"1018834","Weiterstadt, Loop 5","Licensed Store","Germany","Weiterstadt","Hessen","64331","Gutenbergstrasse 3 15, Weiterstadt","[49.89226,8.60667]","","Mo-Th 09:30-20:00; Fr closed; Sa 09:30-20:00; Su closed"
"1018833","Frankfurt, Boersenplatz","Licensed Store","Germany","Frankfurt am Main","Hessen","60313","Boersenplatz 1, Frankfurt","[50.11467,8.67839]","","Mo-Th 07:00-21:30; Fr 09:00-20:00; Sa 08:00-21:30; Su 09:00-20:00"
"1018815","Heidelberg, Hauptstrasse 137","Licensed Store","Germany","Heidelberg","Baden-Württemberg","69","Hauptstrasse 137, Heidelberg","[49.41181,8.70622]","","Mo-Th 09:00-20:00; Fr 11:00-18:00; Sa-Su 09:00-20:00"
"1018798","Koblenz Forum Mittelrhein","Licensed Store","Germany","Koblenz","Rhineland-Palatinate","56","Goergenstrasse, Koblenz","[50.35822,7.59648]","","Mo-Fr 08:00-20:00; Sa 09:00-20:00; Su 11:00-18:00"
"1018806","Stuttgart, Koenigstrasse 44","Licensed Store","Germany","Stuttgart","Baden-Württemberg","70","Koenigstrasse 44, Stuttgart","[48.77646,9.17619]","","Mo-Th 07:00-22:00; Fr 10:00-20:00; Sa 07:00-22:00; Su 10:00-21:00"
"1018794","Soltau FOC","Licensed Store","Germany","Soltau","Lower Saxony","29614","Factory Outlet Center, Soltau","[52.99275,9.86029]","","Mo-Sa 09:30-20:00; Su closed"
"94907","Hamburg HBF","Licensed Store","Germany","Hamburg","Hamburg","20099","Hamburg HBF, Hamburg","[53.55218,10.00756]","+49 40 30297258","Mo-Su 06:00-20:00"
"1018787","Bremen Waterfront Kiosk","Licensed Store","Germany","Bremen","Bremen","28","AG Weser Strasse 1, Bremen","[53.10981,8.74959]","","Mo-Sa 10:00-20:00; Su 10:00-16:00"
"1052339","Koeln Rudolfplatz","Licensed Store","Germany","Cologne","North Rhine-Westphalia","50674","Habsburger Ring 24 28 50674 Koeln, Koeln","[50.93576,6.93941]","","Mo-Th 07:00-19:30; Fr 10:30-18:30; Sa 08:00-19:30; Su 10:30-18:30"
"1018786","Viernheim Rhein-Neckar-Zentrum","Licensed Store","Germany","Viernheim","Hessen","68519","Robert Schumann Strasse 2, Viernheim","[49.52650,8.56499]","","Mo-Sa 10:00-20:00; Su closed"
"1018781","Muenchen, EKZ Stachuspassagen","Licensed Store","Germany","Munich","Bavaria","80335","Einkaufszentrum Stachus Passagen, Muenchen","[48.13922,11.56610]","","Mo-Th 07:00-21:00; Fr 11:00-19:00; Sa 08:00-21:00; Su 10:30-18:00"
"1018775","Frankfurt, Fressgass","Licensed Store","Germany","Frankfurt am Main","Hessen","60313","Grosse Bockenheimer 50, Frankfurt","[50.11486,8.67362]","","Mo-Fr 07:00-21:00; Sa 07:30-21:00; Su 08:30-19:30"
"1054582","Chambourcy CC Carrefour","Licensed Store","France","Chambourcy","Île-de-France","78240","Rte de Mantes 78240 Chambourcy Francia, Chambourcy","[48.90972,2.03899]","","Mo-Fr 07:30-20:00; Sa-Su 08:00-20:00"
"19104","Saint Paul","Licensed Store","France","Paris","Île-de-France","75004","8-10, Rue de Rivoli, Paris","[48.85527,2.36119]","+33 1 44 61 91 50","Mo-Sa 07:30-20:00; Su 08:00-20:00"
"20275","Poissonniere","Licensed Store","France","Paris","Île-de-France","75002","7, Boulevard Poissonniere, Paris","[48.87082,2.34687]","+33 1 40 28 49 44","Mo-Fr 07:00-20:00; Sa-Su 08:00-20:00"
"20276","Passage du Havre","Licensed Store","France","Paris","Île-de-France","75009","10 Rue du Havre, Paris","[48.87518,2.32674]","+33 1 44 53 02 89","Mo-Fr 07:30-20:00; Sa 08:30-20:00; Su 10:30-19:00"
"20278","Belle Epine","Licensed Store","France","Thiais","Île-de-France","94320","Centre d'affaires Regional de Belle Epin, Thiais","[48.75666,2.37197]","+33 1 46 86 49 75","Mo-Fr 09:30-20:30; Sa 09:30-20:00; Su 11:00-19:00"
"20279","Odeon","Licensed Store","France","Paris","Île-de-France","75006","91 Boulevard Saint Germain, Paris","[48.85217,2.33983]","+33 1 46 34 52 68","Mo-Fr 07:00-21:00; Sa 08:00-21:00; Su 08:00-20:00"
"20244","Leonard de Vinci","Licensed Store","France","Courbevoie","Île-de-France","92400","32, Avenue Leonard de Vinci, Courbevoie","[48.89705,2.23810]","+33 1 47 68 77 95","Mo-Th 07:30-19:00; Fr-Sa 07:45-20:30; Su 07:45-19:30"
"20266","Opera 26","Licensed Store","France","Paris","Île-de-France","75002","26 Avenue de l Opera, Paris","[48.86734,2.33386]","+33 1 40 20 08 37","Mo-Su 07:00-21:00"
"20267","Montparnasse","Licensed Store","France","Paris","Île-de-France","75006","70 Boulevard du Montparnasse, Paris","[48.84363,2.32445]","+33 1 45 38 56 63","Mo-Sa 07:30-20:00; Su 08:00-20:00"
"20268","Bercy Parc","Licensed Store","France","Paris","Île-de-France","75012","5 Rue de lAmbroisie, Paris","[48.83380,2.38593]","+33 1 43 45 04 56","Mo-Fr 07:30-21:00; Sa 08:00-21:00; Su 08:30-21:00"
"20269","Petits Carreaux","Licensed Store","France","Paris","Île-de-France","75002","21 Rue des Petits Carreaux, Paris","[48.86710,2.34723]","+33 1 40 26 12 69","Mo-Fr 07:30-20:00; Sa-Su 08:00-20:00"
"20270","Monge","Licensed Store","France","Paris","Île-de-France","75005","118, rue Monge Paris, Paris","[48.83898,2.35061]","+33 1 45 35 15 33","Mo-Sa 07:30-19:00; Su 08:00-19:00"
"20272","4 Temps Dome","Licensed Store","France","Puteaux","Île-de-France","92800","Centre Commercial les 4 Temps, Puteaux","[48.89123,2.23668]","+33 1 47 74 93 64","Mo-Th 08:30-21:00; Fr 08:30-22:00; Sa 09:00-22:00; Su 09:00-21:00"
"20273","Sebastopol","Licensed Store","France","Paris","Île-de-France","75001","11, Boulevard Sebastopol, Paris","[48.85873,2.34831]","+33 1 42 36 01 11","Mo-Sa 07:30-20:00; Su 08:00-20:00"
"20277","Capucines","Licensed Store","France","Paris","Île-de-France","75002","3 Boulevard des Capucines, Paris","[48.87086,2.33383]","+33 1 42 68 11 20","Mo-Fr 07:00-22:00; Sa 07:30-23:00; Su 07:30-22:00"
"20280","Saint Antoine","Licensed Store","France","Paris","Île-de-France","75011","29, Rue du Faubourg Saint Antoine, Paris","[48.85262,2.37169]","+33 1 43 40 27 75","Mo-Sa 07:30-20:00; Su 08:00-20:00"
"20281","Forum des Halles","Licensed Store","France","Paris","Île-de-France","75001","1 place de la Rotonde, Paris","[48.86228,2.34422]","+33 1 42 33 78 53","Mo-Sa 08:00-21:00; Su 08:30-21:00"
"20328","Rue de la Republique 2","Licensed Store","France","Lyon","Auvergne-Rhône-Alpes","69001","2, Rue de la Republique, Lyon","[45.76729,4.83598]","+33 4 78 27 44 21","Mo-Fr 07:00-19:30; Sa 08:00-20:00; Su 08:00-19:30"
"20330","Saint Dominique","Licensed Store","France","Paris","Île-de-France","75007","90, Rue Saint Dominique, Paris","[48.85938,2.30567]","+33 1 45 51 12 57","Mo-Th 07:30-20:00; Fr 07:30-20:30; Sa 08:00-20:30; Su 08:00-20:00"
"20332","La Vache Noire","Licensed Store","France","Arcueil","Île-de-France","94110","Boite 620 Place de la Vache Noire - RN20, Arcueil","[48.80981,2.32654]","+33 1 49 12 90 64","Mo-Sa 09:00-20:00; Su closed"
"20324","Pepiniere","Licensed Store","France","Paris","Île-de-France","75008","2 Rue de la Pepiniere, Paris","[48.87523,2.32382]","+33 1 42 93 60 97","Mo-Fr 07:00-21:00; Sa-Su 07:30-21:00"
"20329","Echelle","Licensed Store","France","Paris","Île-de-France","75001","2, Rue de I'Echelle, Paris","[48.86352,2.33404]","+33 1 47 03 06 21","Mo-Su 07:00-21:00"
"20353","Coeur Defense","Licensed Store","France","Courbevoie","Île-de-France","92400","90-102 esplanade du General de Gaulle, Courbevoie","[48.89063,2.24359]","+33 1 47 44 92 33","Mo-Th 07:15-19:30; Fr 07:15-19:00; Sa 11:00-19:00; Su closed"
"68099","Palais des Congres","Licensed Store","France","Paris","Île-de-France","75017","2, place Porte Maillot, Paris","[48.87873,2.28205]","+33 1 56 68 92 03","Mo-Su 07:30-19:00"
"66412","Wagram","Licensed Store","France","Paris","Île-de-France","75017","23, avenue de Wagram, Paris","[48.87616,2.29651]","+33 1 40 55 02 47","Mo-Fr 07:30-20:00; Sa 08:30-20:00; Su 09:00-19:00"
"87384","Lyon Confluence","Licensed Store","France","Lyon","Auvergne-Rhône-Alpes","69002","Centre Commercial, Lyon","[45.74130,4.81761]","+33 4 72 40 06 75","Mo-Sa 08:30-20:00; Su closed"
"116310","Marseille Place Felix Baret","Licensed Store","France","Marseille","Provence-Alpes-Côte d'Azur","13006","12 rue Montgrand, Marseille","[43.29190,5.37954]","+33 4 91 35 65 09","Mo-Sa 08:00-19:30; Su 10:00-17:00"
"1005821","Saint Germain en Laye","Licensed Store","France","Saint-Germain-en-Laye","Île-de-France","78100","19  rue de la Salle, Saint Germain en Laye","[48.89721,2.09402]","+33 1 30 61 01 74","Mo-Su 08:30-21:00"
"1005881","Lyon Part Dieu","Licensed Store","France","Lyon","Auvergne-Rhône-Alpes","69003","17 rue du Docteur Bouchut, Lyon","[45.76212,4.85667]","+33 4 72 43 03 72","Mo-Fr 08:00-20:00; Sa 08:30-20:00; Su closed"
"1006377","Aeroville Store","Licensed Store","France","Tremblay-en-France","Île-de-France","93290","CC AEROVILLE, TREMBLAY EN FRANCE","[48.99009,2.52165]","+33 1 41 51 03 01","Mo-Su 10:00-20:00"
"1006805","Lyon - Saint-Exupery Airport","Licensed Store","France","Colombier-Saugnieu","Auvergne-Rhône-Alpes","69125","Lyon Saint Exupery Aeroport, Lyon","[45.71825,5.07507]","","Mo-Su 05:30-20:30"
"1013057","La Poste - Bordeaux","Franchise","France","Bordeaux","Nouvelle-Aquitaine","33000","41 Rue Chateau deau, Bordeaux","[44.83969,-0.58325]","+33 5 56 81 94 07","Mo-Fr 07:30-19:30; Sa 08:00-19:30; Su 09:00-19:00"
"1013830","CC Rives d'Arins","Franchise","France","Bègles","Nouvelle-Aquitaine","33130","Center Commercial Rives d Arcins, Begles","[44.79439,-0.52965]","+33 5 56 85 53 51","Mo-Sa 09:00-20:00; Su closed"
"1013953","Nice - Airport Terminal 1","Licensed Store","France","Nice","Provence-Alpes-Côte d'Azur","06200","Rue Costes et Bellonte, Nice","[43.66522,7.21368]","","Mo-Su 06:00-23:00"
"1014929","Ste Croix","Franchise","France","Nantes","Pays de la Loire","44000","27 RUE DE LA MARNE, Nantes","[47.21513,-1.55582]","","Mo-Fr 08:00-19:30; Sa 09:00-19:30; Su 09:00-18:30"
"1014938","Roosevelt - Toulouse","Franchise","France","Toulouse","Occitanie","31000","5 allee du President Roosevelt, Toulouse","[43.60531,1.44781]","","Mo-Sa 07:00-20:30; Su 09:00-20:30"
"1015763","Saint George","Franchise","France","Nancy","Grand Est","54000","13 Rue Saint George, Nancy","[48.69126,6.18304]","","Mo-Sa 07:30-19:30; Su 08:30-19:00"
"1016219","Mougins - Shell Aire de Bregui","Licensed Store","France","Mougins","Provence-Alpes-Côte d'Azur","06250","E80 Aire de Breguieres Nord, Mougins","[43.59178,7.03594]","","Mo-Su 07:00-19:00"
"1018212","Miramas - MacArthur Glen Outle","Licensed Store","France","Miramas","Provence-Alpes-Côte d'Azur","13140","ZI les Molieres 6 Boulevard d Espagne, Miramas","[43.59470,4.99458]","","Mo-Fr 10:00-19:00; Sa 10:00-20:00; Su closed"
"1018291","Paris - CDG Airport T1 Landsid","Licensed Store","France","Mauregard","Île-de-France","77990","CdG Airport Terminal 1 Landside, Roissy-en-France","[49.01424,2.54187]","","Mo-Su 06:00-22:00"
"1018933","Aire de Service Plaines de Bea","Licensed Store","France","Janville-en-Beauce","Centre-Val de Loire","28310","A10 RD Plaines de Beauce, Fresnay-lEveque","[48.27516,1.85513]","","Mo 08:00-20:00; Tu-Th 07:00-19:00; Fr 07:00-21:00; Sa 06:00-18:00; Su 09:00-20:00"
"1019837","CC Blagnac","Franchise","France","Blagnac","Occitanie","31700","2 Allee Emile Zola, Blagnac","[43.64396,1.37200]","","Mo-Sa 08:30-20:30; Su closed"
"1021363","DIJON TOISON","Franchise","France","Dijon","Bourgogne-Franche-Comté","21000","Route de Langres BP 77 864, Dijon","[47.35726,5.05093]","","Mo-Sa 09:00-20:00; Su closed"
"1021729","Black Swans","Franchise","France","Strasbourg","Grand Est","67100","37 Presqu Ile Andre Malraux, Strasbourg","[48.57391,7.76499]","","Mo-Sa 08:30-19:30; Su 09:30-19:30"
"1022918","Paris - CDG Airport 2G","Licensed Store","France","Mitry-Mory","Île-de-France","77290","Charles de Gaulle Airport Terminal 2G, Mitry-Mory","[49.00555,2.60203]","","Mo-Su 05:30-21:30"
"1023190","Rue de Bercy","Licensed Store","France","Paris","Île-de-France","75012","209-211 Rue de Bercy, Paris","[48.84507,2.37117]","","Mo-Fr 07:30-20:00; Sa-Su 08:00-20:00"
"1023862","Blagnac- Toulouse Airp Hall C","Licensed Store","France","Blagnac","Occitanie","31700","Aeroport Toulouse Blagnac, Blagnac","[43.63055,1.37391]","","Mo-Su 06:30-22:30"
"1023925","Longeville-les-Saint-Avold (A4","Licensed Store","France","Longeville-lès-Saint-Avold","Grand Est","57740","Aire de Service de Longeville Sud, Longeville-les-Saint-Avold","[49.13270,6.66039]","","Mo-Su 08:00-13:00"
"1024468","Compans","Franchise","France","Toulouse","Occitanie","31000","3 Esplanade Compans Cafarelli, Toulouse","[43.61138,1.43558]","","Mo-Fr 07:30-19:30; Sa 09:00-19:30; Su closed"
"87187","Paris - Orly Airport West","Licensed Store","France","Orly","Île-de-France","94310","Orly Ouest BP 404, Orly","[48.74304,2.40149]","","Mo-Su 05:30-21:00"
"1014670","Rue du Sauvage","Franchise","France","Mulhouse","Grand Est","68100","40 rue du sauvage, Mulhouse","[47.74787,7.33964]","","Mo-Sa 08:00-19:00; Su 09:00-19:00"
"1014917","Lille - Esquermoise","Franchise","France","Lille","Hauts-de-France","59800","65 Rue Esquermoise, Lille","[50.63827,3.06063]","","Mo-Sa 08:00-19:00; Su 09:00-18:30"
"1016873","Place Jean Jaures","Franchise","France","Tours","Centre-Val de Loire","37000","5 place Jean Jaures, Tours","[47.38952,0.68806]","","Mo-Sa 07:30-20:00; Su 10:00-19:00"
"1017800","Paris Chatelet - Les Halles (M","Licensed Store","France","Paris","Île-de-France","75001","Chatelet Les Halles, Paris","[48.86194,2.34701]","","Mo-Su 07:00-18:00"
"1024555","EuroAirport Basel-Mulhouse-Fre","Licensed Store","France","Saint-Louis","Grand Est","68300","EuroAirport Basel-Mulhouse-Freiburg 68300 Saint-Louis, Saint-Louis","[47.59728,7.52589]","","Mo-Th 09:30-15:30; Fr-Su 04:30-17:00"
"1025764","Metz Petit Paris","Franchise","France","Metz","Grand Est","57000","9 rue du Petit Paris, Metz","[49.11815,6.17540]","","Mo-Fr 08:00-19:00; Sa 08:00-19:30; Su 09:00-18:30"
"1025825","Farges-Allichamps-AdC. France","Licensed Store","France","Farges-Allichamps","Centre-Val de Loire","18200","Aire de Service du Centre de la France, Farges-Allichamps","[46.75252,2.41526]","","Mo 08:00-16:30; Tu-Th closed; Fr-Su 08:00-14:00"
"1026039","CC Bordeaux Lac","Franchise","France","Bordeaux","Nouvelle-Aquitaine","33300","1 avenue des 40 journaux, Bordeaux","[44.88058,-0.56504]","","Mo-Sa 08:30-20:00; Su closed"
"1026062","Drive Labege","Franchise","France","Labège","Occitanie","31670","130 rue Galilee, Labege","[43.54946,1.50417]","","Mo-Fr 07:00-20:00; Sa 07:30-20:00; Su 09:00-19:00"
"1027098","Gare de Marseille Saint Charle","Licensed Store","France","Marseille","Provence-Alpes-Côte d'Azur","13001","Place des Marseillaises, Marseille","[43.30178,5.38134]","","Mo-Su 06:00-18:30"
"1027114","Creteil Soleil","Licensed Store","France","Créteil","Île-de-France","94000","Avenue de la France libre, Creteil","[48.77980,2.45605]","","Mo-Fr 08:30-20:00; Sa 09:00-20:00; Su 10:00-19:00"
"1027115","Avenue 83","Licensed Store","France","La Valette-du-Var","Provence-Alpes-Côte d'Azur","83160","300 avenue de l'universite, La valette du var","[43.13705,6.00487]","","Mo-Sa 09:30-20:00; Su 10:00-19:00"
"1027245","Rosny 2","Licensed Store","France","Rosny-sous-Bois","Île-de-France","93110","Avenue du general de gaulle, Rosny","[48.88452,2.47799]","","Mo-Sa 10:00-20:30; Su 10:00-19:00"
"1027320","Evry 2","Licensed Store","France","EVRY2","Île-de-France","91000","2 boulevard de l europe, Evry","[48.62985,2.42621]","","Mo-Th 09:00-20:00; Fr 09:00-21:00; Sa 09:00-20:00; Su 11:00-19:00"
"1027808","Nantes Atlantique Airport Land","Licensed Store","France","Bouguenais","Pays de la Loire","44340","Nantes Atlantique Airport, Bouguenais","[47.15756,-1.60187]","",""
"1028005","Plaisir","Licensed Store","France","Plaisir","Île-de-France","78370","161 chemin departementale, PLAISIR","[48.82873,1.96130]","","Mo-Fr 09:30-19:45; Sa-Su 09:30-20:45"
"1029451","Toulouse Gare","Franchise","France","Toulouse","Occitanie","31500","64 Boulevard Pierre Smard, Toulouse","[43.61151,1.45379]","","Mo-Su 06:30-20:00"
"1030263","Valenciennes Centre","Franchise","France","Valenciennes","Hauts-de-France","59300","Place d Armes, Valenciennes","[50.35748,3.52294]","","Mo-Sa 08:00-19:30; Su closed"
"1030773","Aire D'ambrussum Nord - A9","Licensed Store","France","Villetelle","Occitanie","34400","Aire d'Ambrussum Nord, 34400 Villetelle, France, Villetelle","[43.71593,4.13366]","","Mo-Su 07:00-19:00"
"1032033","Auchan Toulouse Gramont","Franchise","France","Toulouse","Occitanie","31200","2 chemin de gabardie, Toulouse","[43.63182,1.48486]","","Mo-Sa 08:00-20:00; Su closed"
"1032474","Thionville rue de Paris","Franchise","France","Thionville","Grand Est","57100","17 RUE DE PARIS 57106 Thionville, THIONVILLE","[49.35749,6.16618]","","Mo-Fr 07:00-19:00; Sa 07:30-19:30; Su 09:00-19:00"
"1032945","CC Les Arcade - Noisy Le Grand","Licensed Store","France","Noisy-le-Grand","Île-de-France","93160","234 BD Du Mont d Est, Noisy le Grand","[48.83988,2.54818]","","Mo-Fr 08:00-20:00; Sa 09:00-20:30; Su 09:00-19:00"
"1033496","Pau Foch","Franchise","France","Pau","Nouvelle-Aquitaine","64000","24 rue marechal foch, Pau","[43.29653,-0.36810]","","Mo-Fr 07:45-19:30; Sa 08:00-19:30; Su 09:00-18:30"
"1033498","CC Place D'Arc - Orleans","Licensed Store","France","Orléans","Centre-Val de Loire","45000","Place albert 1er, Orleans","[47.90660,1.90512]","","Mo-Fr 08:00-20:00; Sa 08:30-20:00; Su 08:30-12:30"
"1033970","Tours Nationale 1","Licensed Store","France","Tours","Centre-Val de Loire","37000","Rue Nationale 1 Tours, Tours","[47.39623,0.68600]","","Mo-Fr 07:30-20:00; Sa 08:00-21:00; Su 08:30-20:00"
"1043132","Issy-les-Moulineaux General Le","Licensed Store","France","Issy-les-Moulineaux","Île-de-France","92130","Issy Coeur de ville - Rue du General Leclerc - 92130 Issy-les-Moulineaux, Issy-les-Moulineaux","[48.82454,2.27360]","","Mo-Fr 07:15-20:00; Sa 07:45-20:00; Su 08:15-20:00"
"1043800","Cergy CC Les 3 Fontaines","Licensed Store","France","Cergy","Île-de-France","95000","Rue De La Croix Des Maheux, Cergy","[49.03917,2.08318]","","Mo-Sa 10:00-20:00; Su 11:00-19:00"
"1044161","Le Central - Belfort","Franchise","France","Belfort","Bourgogne-Franche-Comté","90000","2 place corbis, Belfort","[47.63770,6.85749]","","Mo-Su 08:00-19:00"
"1044162","Albi Vigan CIC","Franchise","France","Albi","Occitanie","81000","4 PLACE DU VIGAN, ALBI","[43.92732,2.14746]","","Mo-Fr 07:30-19:00; Sa 08:00-19:00; Su 09:00-19:00"
"1044259","Rouen Rue du Gros Horloge 91","Licensed Store","France","Rouen","Normandy","76000","91 Rue du Gros Horloge 76000 Rouen France, Rouen","[49.44143,1.09134]","","Mo-Su 07:30-21:30"
"1044300","Kingersheim Drive","Franchise","France","Kingersheim","Grand Est","68260","rue de guebwiller, Kingersheim","[47.78606,7.31647]","","Mo-Fr 07:00-19:30; Sa-Su 08:00-19:30"
"1044309","Angers Atoll","Franchise","France","Beaucouzé","Pays de la Loire","49070","ATOLL RETAIL PARK RUE SAINT CLEMENT DE LA PLACE, BEAUCOUZE","[47.48474,-0.62659]","","Mo-Sa 09:30-20:00; Su closed"
"1044311","Paris - CDG Airport T1 Airside","Licensed Store","France","Mauregard","Île-de-France","95700","Charles de Gaulle Airport, Roissy-en-France","[49.01510,2.54495]","",""
"1044314","Rennes CC-Alma","Licensed Store","France","Rennes","Brittany","35200","5 Rue du Bosphore, Rennes","[48.08292,-1.67883]","","Mo-Th 09:30-20:00; Fr 08:30-20:00; Sa 09:30-20:00; Su closed"
"1044795","Paris Gare du Nord Level -2","Licensed Store","France","Paris","Île-de-France","75010","Paris Gare du Nord level n-2 (previously Costa Coffee), Paris","[48.88172,2.35465]","+33 1 48 74 93 82","Mo-Fr 06:00-20:00; Sa-Su 07:00-20:00"
"1049369","Velizy CC Westfield Velizy 2","Licensed Store","France","Vélizy-Villacoublay","Île-de-France","78140","Centre Commercial Velizy 2, 78140 Velizy-Villacoublay, Francia, Velizy-Villacoublay","[48.78278,2.21791]","","Mo-Sa 10:00-20:30; Su 10:00-20:00"
"1050561","Lieusaint CC Westfield Carre S","Licensed Store","France","Lieusaint","Île-de-France","77127","3 All. du Preambule, 77127 Lieusaint, Francia, Lieusaint","[48.61722,2.54429]","","Mo-Sa 09:00-20:30; Su 09:30-19:00"
"1050504","Serris CCR Val d'Europe","Licensed Store","France","Serris","Île-de-France","77700","14 Cr du Danube 77700 Serris Francia, Serris","[48.85511,2.77805]","","Mo-Sa 08:30-20:30; Su 09:30-20:00"
"1050895","Aix-en-Provence Pl. des August","Licensed Store","France","Aix-en-Provence","Provence-Alpes-Côte d'Azur","13100","Pl. des Augustins, 13100 Aix-en-Provence, Francia, Aix-en-Provence","[43.52711,5.44627]","","Mo-Fr 07:00-19:30; Sa-Su 08:00-19:30"
"1051628","Perpignan Vauban","Franchise","France","Perpignan","Occitanie","66000","39 QUAI SEBASTIEN VAUBAN, PERPIGNAN","[42.69982,2.89252]","","Mo-Fr 07:30-20:00; Sa 08:00-20:00; Su 09:00-20:00"
"1052981","Aulnay Sous Bois CC OParinor","Licensed Store","France","Aulnay-sous-Bois","Île-de-France","93600","Le Haut De Galy 93606 Aulnay-sous-Bois, Francia, Aulnay Sous Bois","[48.94121,2.49707]","","Mo-Sa 10:00-20:00; Su 11:00-19:00"
"1053586","Macon Carnot","Franchise","France","Mâcon","Bourgogne-Franche-Comté","71000","57 RUE CARNOT, MACON","[46.30415,4.83356]","","Mo-Su 08:00-19:00"
"1054222","Paris CC Forum Des Halles","Licensed Store","France","Paris","Île-de-France","75001","101 Porte Berger, Paris","[48.86150,2.34561]","","Mo-Fr 08:00-21:30; Sa-Su 08:00-22:00"
"1054220","Rue Du Renard Paris","Licensed Store","France","Paris","Île-de-France","75004","2 Rue du Renard 75004 Paris, Paris","[48.85785,2.35137]","","Mo-Sa 07:30-20:00; Su 08:00-20:00"
"1054221","Lyon Part Dieu 3","Licensed Store","France","Lyon","Auvergne-Rhône-Alpes","69003","17 Rue Dr Bouchut 69003 Lyon Francia, Lyon","[45.76210,4.85570]","","Mo-Sa 08:00-20:00; Su closed"
"1055127","Poitiers Rue Gambetta 42","Licensed Store","France","Poitiers","Nouvelle-Aquitaine","86000","42 Rue Gambetta Poitiers 86000, Poitiers","[46.58186,0.34040]","","Mo-Sa 08:30-19:00; Su 10:00-18:00"
"1055106","TOULOUSE LAFOURCADE","Franchise","France","Toulouse","Occitanie","31400","13 BIS PLACE LAFOURCADE, TOULOUSE","[43.59204,1.44497]","","Mo-Fr 07:30-19:30; Sa 08:00-19:30; Su 09:00-19:00"
"1055178","Metz CC Waves","Franchise","France","Lessy","Grand Est","57160","WAVES ACTISUD 1 CHEMIN DE LA PIE GRIECHE 57160 MOULINS LES METZ, MOULIN LES METZ","[49.08181,6.10300]","+33 6 13 21 30 03","Mo-Sa 08:30-20:00; Su closed"
"1055619","Pau Quartier Libre","Franchise","France","Lescar","Nouvelle-Aquitaine","64230","Centre commercial Quartier Libre 180 Bd de l'Europe, 64230 Lescar, Pau","[43.31758,-0.43418]","","Mo-Sa 10:00-20:00; Su closed"
"1055767","Gare de Montpellier","Licensed Store","France","Montpellier","Occitanie","34000","Place Auguste Gibert, Montpellier","[43.60498,3.88021]","",""
"1055758","CC Saint Sever Rouen","Licensed Store","France","Rouen","Normandy","76100","Avenue de Bretagne 76100 Rouen, Rouen","[49.43205,1.08356]","","Mo-Su 08:00-21:30"
"8526300","Gare Cannes","Licensed Store","France","Cannes","Provence-Alpes-Côte d'Azur","06400","4 Place de la Gare, Cannes","[43.55397,7.01956]","",""
"8531900","Marseille Airport T1 Airside","Licensed Store","France","Marignane","Provence-Alpes-Côte d'Azur","13700","Marseille Airport terminal 1, Marignane","[43.44141,5.22374]","",""
"1017973","Aire de Service Chartres-Bois-","Licensed Store","France","Coltainville","Centre-Val de Loire","28300","Autoroute A11, Gasville-Oiseme","[48.46836,1.57917]","","Mo 07:00-14:00; Tu 08:00-15:00; We 07:00-14:00; Th 08:00-15:00; Fr 07:00-14:00; Sa 07:00-19:00; Su 09:00-16:00"
"1043727","Paris Place Felix Eboue","Licensed Store","France","Paris","Île-de-France","75012","Place Felix Eboue, Paris","[48.83946,2.39553]","","Mo-Fr 07:30-19:00; Sa 08:00-19:00; Su 08:30-19:00"
"1054675","Villeneuve la Garenne CC Qwart","Licensed Store","France","Villeneuve-la-Garenne","Île-de-France","92390","4 Boulevard Gallieni 92390 Villeneuve la Garenne Francia, Villeneuve la Garenne","[48.92611,2.33015]","","Mo-Sa 10:00-20:30; Su 11:00-19:30"
"1054795","Labege Carrefour Kiosk","Franchise","France","Labège","Occitanie","31670","CENTRE COMMERCIAL LABEGE 2 ZAC GRANDE BORDE 31670 LABEGE, LABEGE","[43.55018,1.50727]","+33 5 61 55 54 12","Mo-Sa 09:00-20:00; Su closed"
"52064","Vaugirard","Licensed Store","France","Paris","Île-de-France","75015","297, rue de Vaugirard, Paris","[48.83918,2.30023]","+33 1 42 50 13 27","Mo-Fr 07:30-19:30; Sa 08:00-19:30; Su 08:00-19:00"
"8644300","Disney Hotel Santa Fe","Licensed Store","France","Coupvray","Île-de-France","77700","Avenue Robert Schuman, Coupvray","[48.87280,2.79549]","","Mo-Su 07:00-23:00"
"1017352","Paris - CDG Airport 2E Hall L","Licensed Store","France","Roissy-en-France","Île-de-France","95700","CdG Airport, Terminal 2E Hall L, Roissy-en-France","[49.00374,2.51008]","","Mo-Su 07:00-20:00"
"19025","Disney Village","Licensed Store","France","Chessy","Île-de-France","77700","Disney Village, Chessy","[48.86905,2.78452]","+33 1 60 42 11 49","Mo-Fr 08:00-23:00; Sa 08:00-24:00; Su 00:00-00:00,08:00-23:00"
"19027","CC Les Passages","Licensed Store","France","Boulogne-Billancourt","Île-de-France","92100","5 rue Tony Garnier, Boulogne","[48.83748,2.23983]","+33 1 46 04 05 80","Mo-Fr 08:00-20:00; Sa 09:00-20:00; Su 09:00-13:00"
"19029","Place Blanche","Licensed Store","France","Paris","Île-de-France","75009","5 Place Blanche, Paris","[48.88365,2.33235]","+33 1 48 78 06 72","Mo-Fr 07:30-21:00; Sa-Su 08:00-21:00"
"19030","65 Lyon Republique","Licensed Store","France","Lyon","Auvergne-Rhône-Alpes","69002","65 Rue de la Republique, Lyon","[45.75966,4.83519]","+33 4 78 05 74 50","Mo-Fr 07:30-19:30; Sa-Su 08:00-20:00"
"19457","Carrousel du Louvre","Licensed Store","France","Paris","Île-de-France","75001","101 Rue de Rivoli, Paris","[48.86201,2.33749]","+33 1 42 60 07 82","Mo-Fr 08:30-19:00; Sa 08:30-20:30; Su 08:30-19:00"
"19997","Motte Picquet","Licensed Store","France","Paris","Île-de-France","75015","66 avenue de la Motte Piquet, Paris","[48.84939,2.29837]","+33 1 43 06 08 01","Mo-Fr 07:30-21:00; Sa-Su 07:45-21:00"
"50981","Versailles","Licensed Store","France","Versailles","Île-de-France","78000","4, Place Lyautey, Versailles","[48.79987,2.12812]","+33 1 30 21 34 06","Mo-Th 07:30-19:30; Fr 07:30-20:00; Sa 08:00-20:00; Su 09:00-19:00"
"50993","Montmartre","Licensed Store","France","Paris","Île-de-France","75009","18, Boulevard Montmartre, Paris","[48.87190,2.34061]","+33 1 47 70 39 80","Mo-Fr 07:30-20:00; Sa-Su 08:00-20:00"
"50961","Saint Michel Cluny","Licensed Store","France","Paris","Île-de-France","75006","24 Boulevard Saint Michel, Paris","[48.85065,2.34276]","+33 1 46 33 41 55","Mo-Fr 07:30-19:00; Sa-Su 08:30-19:00"
"50966","Thiais Village","Licensed Store","France","Thiais","Île-de-France","94320","39, rue de la Resistance, Thiais","[48.75786,2.38737]","+33 1 48 84 61 67","Mo-Fr 09:00-20:00; Sa-Su 09:30-20:00"
"50974","Arcades Champs Elysees","Licensed Store","France","Paris","Île-de-France","75008","76 78 Avenue des Champs Elysees, Paris","[48.87092,2.30408]","+33 1 42 25 04 32","Mo-Fr 07:30-22:00; Sa-Su 08:30-22:00"
"50977","Boulevard Haussmann 32","Licensed Store","France","Paris","Île-de-France","75009","32 Boulevard Haussmann, Paris","[48.87275,2.33459]","+33 1 42 47 01 67","Mo-Su 07:30-21:00"
"50990","Avenue de France","Licensed Store","France","Paris","Île-de-France","75013","107 Avenue de France, Paris","[48.82977,2.37718]","+33 1 53 61 94 80","Mo-Fr 07:30-20:00; Sa 09:00-20:00; Su 09:00-19:00"
"50992","Beaubourg","Licensed Store","France","Paris","Île-de-France","75004","4, Rue Aubry Le Boucher, Paris","[48.86039,2.35026]","+33 1 48 04 77 28","Mo-Sa 07:30-20:00; Su 08:00-20:00"
"50995","Velizy 2","Licensed Store","France","Vélizy-Villacoublay","Île-de-France","78140","2 Avenue de L Europe, Velizy-Villacoublay","[48.77837,2.21629]","+33 1 30 70 01 48","Mo-Sa 09:00-20:30; Su 09:30-20:00"
"65877","77 rue Rambuteau","Licensed Store","France","Paris","Île-de-France","75001","77, rue Rambuteau, Paris","[48.86213,2.34940]","+33 1 40 41 07 76","Mo-Sa 07:30-20:00; Su 08:00-20:00"
"88249","Paris - Gare St Lazare - Mezza","Licensed Store","France","Paris","Île-de-France","75008","14 Rue Interieure, Paris","[48.87561,2.32508]","","Mo-Su 06:15-21:00"
"89395","Paris - CDG Airport S4 Airside","Licensed Store","France","Le Mesnil-Amelot","Île-de-France","77990","Charles de Gaulle Airport, Roissy-en-France","[49.00280,2.57705]","+33 1 74 37 14 29","Mo-Su 06:00-15:00"
"89864","La Defense Metro Station","Licensed Store","France","Puteaux","Île-de-France","92800","Galerie marchande de la Grande Arche, Puteaux","[48.88587,2.23900]","","Mo-Su 06:00-18:00"
"91720","Gare de Lyon - Platforme Bleue","Licensed Store","France","Paris","Île-de-France","75012","Place Louis Armand, Paris","[48.84528,2.37277]","","Mo-Su 06:00-19:00"
"92008","Levallois So Ouest","Licensed Store","France","Levallois-Perret","Île-de-France","92300","CC Levallois So Ouest, Paris","[48.89285,2.29780]","+33 1 40 87 02 96","Mo-Fr 07:30-20:00; Sa 09:00-20:00; Su 09:00-19:00"
"92621","Gare de Lyon - Salle Mediterra","Licensed Store","France","Paris","Île-de-France","75012","Place Louis Armand, Paris","[48.84528,2.37268]","","Mo-Su 06:30-16:00"
"1006003","Nice etoile","Licensed Store","France","Nice","Provence-Alpes-Côte d'Azur","06000","avenue jean medecin, nice","[43.70152,7.26788]","+33 4 93 80 10 11","Mo-Sa 08:00-19:30; Su 10:00-19:00"
"1006023","Gare de l'Est - Rail level","Licensed Store","France","Paris","Île-de-France","75010","Place du 11 Novembre 1918, Paris","[48.87620,2.35810]","","Mo-Sa 06:00-21:00; Su 11:00-21:00"
"1007407","Eurotunnel Calais Terminal","Licensed Store","France","Coquelles","Hauts-de-France","62231","Terminal Eurotunnel, Coquelles","[50.92944,1.81310]","",""
"1012285","Place Kleber","Franchise","France","Strasbourg","Grand Est","67000","Place Kleber, Strasbourg","[48.58320,7.74681]","","Mo-Sa 07:00-20:30; Su 08:00-20:00"
"1016393","CC Villeneuve V2","Franchise","France","Villeneuve-d'Ascq","Hauts-de-France","59650","Boulevard de Valmy, Valenciennes","[50.61828,3.13077]","","Mo-Sa 08:30-20:30; Su closed"
"1016983","Gare de Grenoble (CS)","Licensed Store","France","Grenoble","Auvergne-Rhône-Alpes","38000","1 Place de la Gare, Grenoble","[45.19148,5.71449]","","Mo-Su 07:00-18:00"
"1017949","Sailly-Flibeaucourt Shell Baie","Licensed Store","France","Sailly-Flibeaucourt","Hauts-de-France","80970","Aire de la Baie de Somme, Sailly-Flibeaucourt","[50.16722,1.75491]","","Mo-Su 07:00-18:00"
"1018640","CC Atlantis","Franchise","France","Saint-Herblain","Pays de la Loire","44800","Boulevard Salvador Allende, Saint-Herblain","[47.22331,-1.63138]","","Mo-Sa 09:00-20:30; Su closed"
"1019129","Gare d'Avignon TGV (Rail)","Licensed Store","France","Avignon","Provence-Alpes-Côte d'Azur","84000","Pont de l Europe, Avignon","[43.92155,4.78596]","","Mo 06:00-19:00; Tu-Th 07:00-19:00; Fr 07:00-20:00; Sa 07:00-19:00; Su 07:00-20:00"
"1019677","Lyon Airport T1 Airside","Licensed Store","France","Colombier-Saugnieu","Auvergne-Rhône-Alpes","69000","Lyon Saint Exupery Airport T1 Airside, Colombier-Saugnieu","[45.72157,5.08005]","","Mo-Su 04:45-19:00"
"1020554","CC Englos","Franchise","France","Englos","Hauts-de-France","59320","352 Route Nationale, Haubourdin","[50.63183,2.96843]","","Mo-Sa 09:00-20:00; Su closed"
"1020881","Paris - CDG Airport T2 TGV (Ra","Licensed Store","France","Le Mesnil-Amelot","Île-de-France","77990","Le Mesnil Amelot, Le Mesnil-Amelot","[49.00403,2.57146]","","Mo-Su 06:00-14:00"
"1021404","Bordeaux Victor Hugo 140","Franchise","France","Bordeaux","Nouvelle-Aquitaine","33000","140 Cours Victor Hugo, Bordeaux","[44.83479,-0.57350]","","Mo-Sa 08:00-20:00; Su 09:00-20:00"
"1021460","Maire Kuss","Franchise","France","Strasbourg","Grand Est","67000","4 Rue du Maire Kuss, Strasbourg","[48.58366,7.73793]","","Mo-Sa 08:00-19:00; Su 08:30-19:00"
"1021462","CC Muse","Franchise","France","Metz","Grand Est","57000","2 rue des Messageries, Metz","[49.10398,6.18196]","","Mo-Sa 08:30-20:00; Su closed"
"1022278","Villefontaine - Comp. d Phalsb","Licensed Store","France","Villefontaine","Auvergne-Rhône-Alpes","38090","A43 Grenoble, Villefontaine","[45.62642,5.15933]","","Mo-Sa 08:30-18:45; Su closed"
"1022619","Aire de Macon Saint Albain (A6","Licensed Store","France","Saint-Albain","Bourgogne-Franche-Comté","71260","Aire de Macon Saint Albain A6 MW, Saint-Albain","[46.41963,4.86560]","","Mo-Th 06:00-20:00; Fr-Su 06:00-22:00"
"1023110","Paris - Gare Marne La Vallee","Licensed Store","France","Chessy","Île-de-France","77700","Place des Passagers des Vents, Chessy","[48.87047,2.78281]","",""
"1023634","Paris - Gare Montparnasse Metr","Licensed Store","France","Paris","Île-de-France","75015","Gare Montparnasse, Paris","[48.84176,2.31974]","","Mo-Su 06:30-18:00"
"1023635","Paris Gare Montparnasse Platfo","Licensed Store","France","Paris","Île-de-France","75015","Gare Montparnasse, Paris","[48.84146,2.32051]","","Mo-Su 06:30-20:00"
"1024556","Nancy Republicain","Franchise","France","Nancy","Grand Est","54000","5 Bis avenue Foch, Nancy","[48.68936,6.17673]","","Mo-Sa 07:30-19:30; Su 09:00-19:00"
"1024563","Esquirol","Franchise","France","Toulouse","Occitanie","31000","5 rue des Changes, Touluse","[43.60011,1.44350]","","Mo-Fr 07:00-20:00; Sa 08:00-20:00; Su 09:00-19:30"
"1005942","Paris - Gare de L'Est - C25 Ki","Licensed Store","France","Paris","Île-de-France","75010","Gare de l'Est, 75010 Paris, Paris","[48.87679,2.35922]","",""
"1025606","Rue Des Clefs","Franchise","France","Colmar","Grand Est","68000","43 rue des Clefs, Colmar","[48.07924,7.35765]","","Mo-Sa 08:00-19:00; Su 09:00-19:00"
"1025854","Lille Faidherbe","Franchise","France","Lille","Hauts-de-France","59260","50 rue faidherbe, Lille","[50.62802,3.11162]","","Mo-Fr 07:00-19:00; Sa 07:00-19:30; Su 09:00-18:30"
"1027372","Nantes Atlantique Airport Airs","Licensed Store","France","Bouguenais","Pays de la Loire","44340","Nantes Atlantique Airport, Bouguenais","[47.15765,-1.60183]","","Mo-Su 07:00-18:00"
"1028290","Paris - Gare du Nord Station 2","Licensed Store","France","Paris","Île-de-France","75010","18 Rue de Dunkerque, Paris","[48.88165,2.35552]","","Mo-Fr 07:30-18:00; Sa-Su 06:30-19:45"
"1028348","Gare de Nantes","Licensed Store","France","Nantes","Pays de la Loire","44000","27 Boulevard de Stalingrad, Nantes","[47.21761,-1.54203]","","Mo-Su 09:00-18:00"
"1033795","CC Grand Place - Grenoble","Licensed Store","France","Grenoble","Auvergne-Rhône-Alpes","38100","55 Grand Place, Grenoble","[45.15783,5.73221]","","Mo-Sa 09:00-20:00; Su closed"
"1045435","Gare De Lyon Part Dieu H.Ville","Licensed Store","France","Lyon","Auvergne-Rhône-Alpes","69003","5 place Charles Beraudier, Lyon","[45.76109,4.85935]","",""
"1042726","Nice Massena 26","Licensed Store","France","Nice","Provence-Alpes-Côte d'Azur","06000","Rue Massena 26 Nice, Nice","[43.69730,7.26606]","+33 4 89 81 07 00","Mo-Su 07:30-20:30"
"1043296","Troyes Jaures","Franchise","France","Troyes","Grand Est","10000","17 place jean jaures, Troyes","[48.29475,4.07115]","","Mo-Fr 07:30-19:00; Sa 08:00-19:30; Su 09:00-19:00"
"1044026","Haguenau","Franchise","France","Haguenau","Grand Est","67500","54 Grand Rue, Haguenau","[48.81382,7.78808]","","Mo-Fr 07:30-19:00; Sa-Su 08:30-19:00"
"1044030","Rennes Place De La Republique","Licensed Store","France","Rennes","Brittany","35000","Pl de la Republique, Rennes","[48.11002,-1.67920]","","Mo-Fr 07:30-19:30; Sa-Su 08:00-19:30"
"1044050","Lille Rue de Bethune","Franchise","France","Lille","Hauts-de-France","59800","11 rue de bethune, Lille","[50.63497,3.06450]","","Mo-Sa 08:00-19:00; Su 09:00-18:00"
"1044090","Paris CC Italie 2","Licensed Store","France","Paris","Île-de-France","75013","30 Av d Italie 75013 Paris Francia, Paris","[48.82926,2.35521]","","Mo-Sa 08:00-20:00; Su 10:00-19:00"
"1044092","Pole Sud","Franchise","France","Basse-Goulaine","Pays de la Loire","44115","Route de Clisson, Nantes","[47.18605,-1.46288]","","Mo-Th 09:00-20:00; Fr-Sa 09:30-20:30; Su closed"
"1044563","Amiens gambetta","Franchise","France","Amiens","Hauts-de-France","80000","2 PLACE GAMBETTA, amiens","[49.89297,2.29734]","","Mo-Sa 08:00-19:00; Su 09:00-19:00"
"1045106","Paris Gare de Lyon","Licensed Store","France","Paris","Île-de-France","75012","196 rue de Bercy, Paris","[48.84517,2.37214]","",""
"1049055","Reims Pl. Drouet d Erlon 25","Licensed Store","France","Reims","Grand Est","51100","25 Pl. Drouet d'Erlon, 51100 Reims, Francia, Reims","[49.25466,4.02714]","","Mo-Fr 07:30-19:30; Sa-Su 08:30-19:30"
"1049056","Clermont-Ferrand Pl. de Jaude","Licensed Store","France","Clermont-Ferrand","Auvergne-Rhône-Alpes","63000","5 Pl. de Jaude63000 Clermont-Ferrand, Francia, Clermont-Ferrand","[45.77738,3.08263]","","Mo-Sa 08:00-19:30; Su 09:00-19:00"
"1049113","C.C LE PONTET","Licensed Store","France","Le Pontet","Provence-Alpes-Côte d'Azur","84130","533 Avenue Louis Braille, AVIGNON","[43.98327,4.88086]","","Mo-Sa 08:30-20:00; Su closed"
"1051279","Le Havre CC Docks Vauban","Licensed Store","France","Le Havre","Normandy","76600","70 Quai Frissard, Le Havre","[49.49007,0.12946]","","Mo-Sa 09:30-20:00; Su 10:30-19:00"
"1051327","CC Porter sur Garonne","Franchise","France","Toulouse","Occitanie","31120","110 BD DE L EUROPE, PORTET SUR GARONNE","[43.53746,1.38961]","","Mo-Su 09:00-20:00"
"1051356","Paris Westfield Forum des Hall","Licensed Store","France","Paris","Île-de-France","75001","101 Porte Berger 75001 Paris Francia, Paris","[48.86201,2.34709]","","Mo-Fr 07:30-20:00; Sa 08:00-20:00; Su 11:00-19:00"
"1053201","Chalon sur Saone Grand Rue","Franchise","France","Lux","Bourgogne-Franche-Comté","71100","40 GRANDE RUE, CHALONS SUR SAONE","[46.78271,4.85663]","","Mo-Sa 08:00-19:00; Su 09:00-19:00"
"1054857","Paris CC Beaugrenelle","Licensed Store","France","Paris","Île-de-France","75015","12 Rue Linois 75015 Paris Francia, Paris","[48.84843,2.28273]","","Mo-Sa 10:00-20:00; Su 11:00-19:00"
"1055527","Nimes Cap Costieres","Licensed Store","France","Nîmes","Occitanie","30900","400 avenue Claude Baillet Nimes 30900 Francia, Nimes","[43.81208,4.36087]","","Mo-Sa 09:00-20:00; Su closed"
"8567900","Paris Orly T3 Foodcourt","Licensed Store","France","Paray-Vieille-Poste","Île-de-France","94390","Orly airport, Orly","[48.72746,2.36233]","",""
"8634400","Paris - CDG Airport 2AC Airsid","Licensed Store","France","Mauregard","Île-de-France","77990","CDG Airport Terminal 2AC, Roissy","[49.01326,2.54200]","",""
"8641300","DT Tignieu Place du Dauphine","Licensed Store","France","Tignieu-Jameyzieu","Auvergne-Rhône-Alpes","38230","CC Place du Dauphine 37 Rue du Dauphine38230 Tignieu, Tignieu Jameyzieu","[45.74693,5.18117]","","Mo-Su 08:00-20:00"
"8641900","Pop-up Cart Orly4 RPDI","Licensed Store","France","Paray-Vieille-Poste","Île-de-France","94390","Orly 4 Terminal RPDI, Orly","[48.73014,2.36205]","",""
"8645100","Disney Hotel Cheyenne","Licensed Store","France","Coupvray","Île-de-France","77700","Disney's Hotel Cheyenne, Rue du Boeuf Agile, 77700 Coupvray, Coupvray","[48.87454,2.79234]","","Mo-Su 07:00-23:00"
"8779700","Gare de Vincennes RER","Licensed Store","France","Montreuil","Île-de-France","93100","Gare de Vincennes RER, Vincennes","[48.84735,2.43336]","",""
"1007164","Terrasses Du Port","Licensed Store","France","Marseille","Provence-Alpes-Côte d'Azur","13002","CC Terrasses Du port Quai Du Maroc, Marseille","[43.31026,5.36472]","+33 4 91 31 11 11","Mo-Su 09:45-20:00"
"1052189","Chartres Place Des Epars 8","Licensed Store","France","Chartres","Centre-Val de Loire","28000","8 Place des Epars 28000 Chartres Francia, Chartres","[48.44470,1.48433]","","Mo-Th 09:30-18:00; Fr 08:00-19:00; Sa 09:00-19:00; Su 10:00-18:00"
"1052762","Villebon sur Yvette DT","Licensed Store","France","Villebon-sur-Yvette","Île-de-France","91140","Chemin de Briis BP 309   91140 Villebon-sur-Yvette, Francia, Villebon sur Yvette","[48.70235,2.25243]","","Mo-Sa 07:00-20:00; Su 08:00-20:00"
"1053033","Talence Cr Liberation","Franchise","France","Talence","Nouvelle-Aquitaine","33400","289 cours de la liberation, Talence","[44.81160,-0.59127]","","Mo-Fr 07:30-19:30; Sa 08:30-19:30; Su 09:00-18:00"
"1043567","CC Iconic - Nice","Licensed Store","France","Nice","Provence-Alpes-Côte d'Azur","06000","2 avenue thiers, Nice","[43.70524,7.26359]","","Mo-Su 07:30-19:00"
"1018350","Aire des Manoirs du Perche","Licensed Store","France","Brou","Centre-Val de Loire","28160","Autoroute A11 Paris Nantes, Fraze","[48.24076,1.08256]","","Mo-Th 07:00-19:00; Fr 07:00-20:00; Sa 07:00-18:00; Su 07:30-17:00"
"1042923","Lyon La Part-Dieu (Kiosk)","Licensed Store","France","Lyon","Auvergne-Rhône-Alpes","69003","17 Rue Dr Bouchut 69003 Lyon Francia, Lyon","[45.76210,4.85570]","","Mo-Sa 08:30-20:00; Su closed"
"1054022","Marseille Airport T1 Landside","Licensed Store","France","Marignane","Provence-Alpes-Côte d'Azur","13700","Marseille Airport Terminal 1, Marignane","[43.44141,5.22374]","",""
"1053837","Paris Turbigo 17","Licensed Store","France","Paris","Île-de-France","75002","17 Rue de Turbigo 75002 Paris, Paris","[48.86417,2.34957]","","Mo-Sa 08:00-19:00; Su 10:00-19:00"
"8736100","Reims Cormontreuil DT","Licensed Store","France","Cormontreuil","Grand Est","51350","4 rue des Laps, Reims","[49.21620,4.04820]","","Mo-Sa 07:30-20:00; Su 09:00-20:00"
"1019124","Strasbourg VMP","Franchise","France","Strasbourg","Grand Est","67000","9 rue du vieux Marche aux Poissons, Starsbourg","[48.58035,7.74975]","","Mo-Fr 08:00-19:00; Sa 08:30-19:30; Su 08:30-19:00"
"69052","67 rue Lafayette","Licensed Store","France","Paris","Île-de-France","75009","67 rue Lafayette, Paris","[48.87604,2.34450]","+33 1 53 20 32 10","Mo-Sa 07:30-18:45; Su 08:00-18:45"
"1013237","CC Ste Catherine - Bordeaux","Franchise","France","Bordeaux","Nouvelle-Aquitaine","33000","9 Rue Margaux, Bordeaux","[44.84061,-0.57458]","+33 9 66 83 37 89","Mo-Sa 09:00-20:00; Su 09:00-19:30"
"1045033","Angers Foch Alsace","Franchise","France","Angers","Pays de la Loire","49100","12 Boulevard Foch, angers","[47.46945,-0.54936]","","Mo-Sa 08:00-19:00; Su closed"
"1055329","Le Mans Rue de Minimes 17","Licensed Store","France","Le Mans","Pays de la Loire","72000","17-21 Rue des Minimes 72000 Le Mans Francia, Le Mans","[48.00263,0.19750]","","Mo-Fr 08:00-19:30; Sa 08:30-19:30; Su 09:00-18:30"
"1054758","Lyon Gare Part Dieu","Licensed Store","France","Lyon","Auvergne-Rhône-Alpes","69003","4 Place basse Charles Beraudier LYON 69003, Lyon","[45.76061,4.85913]","","Mo-Fr 06:00-20:00; Sa-Su 08:30-20:00"
"1005179","Place du Tertre","Licensed Store","France","Paris","Île-de-France","75018","8/10 rue Norvins, Paris","[48.88683,2.34053]","+33 1 42 64 11 69","Mo-Su 09:30-20:00"
"1009287","Bordeaux- Airport Hall A (land","Licensed Store","France","Mérignac","Nouvelle-Aquitaine","33700","Avenue Rene Gassin, Merignac","[44.83860,-0.64510]","","Mo-Su 07:30-19:00"
"1044461","Puteaux CNIT Ground Floor","Licensed Store","France","Puteaux","Île-de-France","92800","2 Pl. de la Defense, 92092 Puteaux, Francia, Puteaux","[48.89261,2.23961]","","Mo-Fr 07:30-20:00; Sa 08:00-20:00; Su 08:00-19:30"
"1044380","Le Chesnay-Rocquencourt CC Par","Licensed Store","France","Le Chesnay-Rocquencourt","Île-de-France","78150","2 Av. Charles de Gaulle, 78150 Le Chesnay-Rocquencourt, Francia, Le Chesnay-Rocquencourt","[48.82665,2.11897]","+33 1 87 58 08 28","Mo-Sa 09:00-20:30; Su 10:00-19:30"
"1044412","Annecy CC Courier","Licensed Store","France","Annecy","Auvergne-Rhône-Alpes","74000","65 Rue Carnot 74000 Annecy Francia, Annecy","[45.90427,6.12339]","","Mo-Sa 08:30-19:30; Su closed"
"1016696","Quai Des Marques","Franchise","France","Bordeaux","Nouvelle-Aquitaine","33000","Quai des Marques, Bordeaux","[44.85318,-0.56691]","","Mo-Sa 08:00-20:00; Su 09:00-20:00"
"89073","Paris - Orly Airport South","Licensed Store","France","Orly","Île-de-France","94310","Aeroport de Paris-Orly, Orly","[48.74304,2.40140]","+33 1 74 22 10 51","Mo-Su 06:30-20:00"
"1023459","CC Noyelles","Franchise","France","Noyelles-Godault","Hauts-de-France","62950","Route National 43, Noyelles-Godault","[50.41227,2.97688]","","Mo-Sa 09:00-20:00; Su closed"
"1054645","Saint maximin drivethru","Licensed Store","France","Saint-Maximin","Hauts-de-France","60740","Rue Olympe de Gouges 60740 Saint Maximin, Saint Maximin","[49.23705,2.46450]","","Mo-Sa 08:00-20:00; Su 10:00-20:00"
"1043966","Paris Auber Station","Licensed Store","France","Paris","Île-de-France","75009","3 rue Auber, Paris","[48.87165,2.33026]","",""
"1054676","Saint Etienne CC Steel","Licensed Store","France","Saint-Jean-Bonnefonds","Auvergne-Rhône-Alpes","42650","2 Rue Ferrer, 42000 Saint Etienne Francia, Saint Etienne","[45.44517,4.41985]","","Mo-Fr 09:00-19:30; Sa 09:00-20:00; Su 12:00-19:00"
"19265","17 Marseille Republique","Licensed Store","France","Marseille","Provence-Alpes-Côte d'Azur","13002","17 Rue de la Republique, Marseille","[43.29763,5.37274]","+33 4 91 90 74 86","Mo-Sa 08:00-19:30; Su 08:30-19:30"
"1031099","CC Bayonne BAB2","Franchise","France","Anglet","Nouvelle-Aquitaine","64600","Avenue Leon laporte, Bayonne","[43.48706,-1.50106]","","Mo-Sa 09:00-20:00; Su closed"
"1031080","Rosny Sur Seine Nord (A13)","Licensed Store","France","Rosny-sur-Seine","Île-de-France","78710","47 Rue de Lommoye 78710 Rosny, Rosny","[48.99402,1.63369]","","Mo-Su 07:00-18:45"
"1019652","Troyes - MacArthur Glen Outlet","Licensed Store","France","Pont-Sainte-Marie","Grand Est","10150","Voie du Bois, Pont-Sainte-Marie","[48.32939,4.10460]","","Mo-Sa 09:30-19:30; Su 09:30-20:30"
"1013260","CC Euralille","Franchise","France","Lille","Hauts-de-France","59800","100 Centre Commercial, Lille","[50.63751,3.07136]","","Mo-Sa 08:30-20:30; Su closed"
"1051760","Narbonne republique","Franchise","France","Narbonne","Occitanie","11100","25 cours de la republique, Narbonne","[43.18276,3.00550]","","Mo-Sa 08:00-19:30; Su 10:00-19:00"
"1053316","Aire de la Correze","Licensed Store","France","Vitrac-sur-Montane","Nouvelle-Aquitaine","19800","Aire de Repos de la Correze, Vitrac-sur-Montane","[45.35944,1.93750]","",""
"1029827","Paris - CDG Airport T2D Airsid","Licensed Store","France","Tremblay-en-France","Île-de-France","93290","Charles de Gaulle Airport, Roissy-en-France","[49.00486,2.56677]","","Mo-Su 05:00-21:00"
"1029501","CC Shopping Promenade Claye So","Licensed Store","France","Claye-Souilly","Île-de-France","77410","CC Shopping Promenade Claye Souilly RN, CLAYE SOUILLY","[48.94723,2.65867]","","Mo-Su 10:00-19:30"
"1028527","Merceuil- Aire d Beaune-Tailly","Licensed Store","France","Merceuil","Bourgogne-Franche-Comté","21190","A6 Merceuil Aire de Beaune Tailly, Merceuil","[46.96124,4.83479]","","Mo-Su 09:00-19:00"
"8671600","Paris Orly T3 landside","Licensed Store","France","Paray-Vieille-Poste","Île-de-France","94390","Orly, Orly","[48.73014,2.36205]","",""
"1028500","Tourville La Rivire DT","Licensed Store","France","Tourville-la-Rivière","Normandy","76410","Centre comm Tourville La Riviere D7, Tourville-la-Rivire","[49.32952,1.10084]","","Mo-Su 07:30-20:00"
"1051678","Saint Pierre des Corps","Licensed Store","France","Saint-Pierre-des-Corps","Centre-Val de Loire","37700","67 rue Fabienne Landry 37700 Saint Pierre des Corps, Tours","[47.38605,0.72360]","",""
"1028268","Polygone","Licensed Store","France","Montpellier","Occitanie","34000","1 Rue des Pertuisanes, Montpellier","[43.60870,3.88468]","","Mo-Sa 08:30-20:00; Su closed"
"20154","46 Rivoli","Licensed Store","France","Paris","Île-de-France","75004","46 Rue de Rivoli, Paris","[48.85671,2.35480]","+33 1 44 78 94 78","Mo-Sa 07:30-20:00; Su 08:00-20:00"
"1028233","Allan - Aire de Montelimar-Est","Licensed Store","France","Allan","Auvergne-Rhône-Alpes","26780","A7 Aire de Montelimar Est, Allan","[44.51458,4.78237]","","Mo-Th 06:30-19:00; Fr 06:30-20:00; Sa-Su 06:30-19:00"
"1027864","Marseille Provence Airp T2 Air","Licensed Store","France","Marignane","Provence-Alpes-Côte d'Azur","13700","Marseille Provence Airport T2 Airside, Marignane","[43.44340,5.21873]","",""
"1027855","Aire de Ressons Est (A1/E19)","Licensed Store","France","Ressons-sur-Matz","Hauts-de-France","60490","Aire de Ressonst Est A1 E19, Ressons-sur-Matz","[49.52303,2.72263]","","Mo 06:30-20:00; Tu-Th 06:30-17:00; Fr 06:30-20:00; Sa-Su 06:30-17:00"
"1051614","Paris 2 Pl. de la Republique","Licensed Store","France","Paris","Île-de-France","75011","2 Pl. de la Republique - 54 Bd du Temple, 75011 Paris, Francia, Paris","[48.86669,2.36485]","","Mo-Th 06:45-20:00; Fr-Sa 07:30-20:00; Su 08:00-20:00"
"1052742","Strasbourg Wacken","Franchise","France","Strasbourg","Grand Est","67000","Archipel Lot V, strasbourg","[48.59892,7.76275]","+33 3 68 69 89 89","Mo-Sa 08:00-19:30; Su 09:00-19:30"
"1051513","Bordeaux Station","Licensed Store","France","Bordeaux","Nouvelle-Aquitaine","33800","Parvis Louis Armand, Bordeaux","[44.82517,-0.55694]","","Mo-Sa 06:00-20:00; Su 07:30-20:00"
"1052739","Besancon","Franchise","France","Besançon","Bourgogne-Franche-Comté","25000","Les passages Pasteurs Cellule 19, Besancon","[47.23856,6.02118]","","Mo-Fr 07:30-19:30; Sa 07:30-20:00; Su 08:30-19:00"
"20243","Victor Hugo","Licensed Store","France","Paris","Île-de-France","75016","90 Avenue Victor Hugo, Paris","[48.86980,2.28572]","+33 1 45 05 34 46","Mo-Fr 07:00-20:00; Sa 07:30-20:00; Su 07:30-19:00"
"1052166","Lyon Victor Hugo 2","Licensed Store","France","Lyon","Auvergne-Rhône-Alpes","69002","2 Rue Victor Hugo 69002 Lyon Francia, Lyon","[45.75673,4.83102]","","Mo-Fr 07:30-19:30; Sa-Su 08:30-19:30"
"1022118","La Baume - Porte de la Drome (","Licensed Store","France","La Baume-d'Hostun","Auvergne-Rhône-Alpes","26730","A49 Aire de la Porte de la Drme, La Baume-d'Hostun","[45.07567,5.21096]","","Mo 09:00-21:00; Tu-Su 09:00-15:00"
"89217","CC Cap 3000","Licensed Store","France","St-Laurent-du-Var","Provence-Alpes-Côte d'Azur","06700","avenue Eugene Donadei, Saint Laurent Du Var","[43.65873,7.19760]","+33 4 97 19 34 01","Mo-Sa 09:30-20:30; Su 09:30-19:00"
"1022537","Gare de Metz","Licensed Store","France","Metz","Grand Est","57000","1 Place du General de Gaulle, Metz","[49.10982,6.17718]","","Mo-Su 07:00-18:00"
"20301","Felix Faure","Licensed Store","France","Paris","Île-de-France","75015","43, Avenue Felix Faure, Paris","[48.84099,2.28767]","+33 1 45 54 30 25","Mo-Fr 07:30-19:15; Sa 08:00-19:30; Su 08:00-19:00"
"1022549","Wancourt (A1 Paris)","Licensed Store","France","Wancourt","Hauts-de-France","62128","A1 Rue Aire De Wancourt, Wancourt","[50.26255,2.86491]","","Mo-Fr 07:00-12:00; Sa-Su closed"
"91520","Place Charles Michels","Licensed Store","France","Paris","Île-de-France","75015","83 rue Saint Charles, Paris","[48.84700,2.28613]","+33 1 40 57 24 20","Mo-Fr 07:30-21:00; Sa 08:00-21:00; Su 08:00-20:30"
"1051545","Lille Flandres station","Licensed Store","France","Lille","Hauts-de-France","59800","1 place des Buisses 59000 Lille, Lille","[50.63678,3.07131]","",""
"1015010","Dijon Liberte","Franchise","France","Dijon","Bourgogne-Franche-Comté","21000","61 rue de la liberte, Dijon","[47.32207,5.03833]","","Mo-Sa 08:00-19:00; Su 09:00-19:00"
"1055407","Val d Europe Serris","Licensed Store","France","Serris","Île-de-France","77700","14 Cour du Danube 77700 Serris, Serris","[48.85511,2.77805]","","Mo-Fr 07:00-20:00; Sa 08:30-20:00; Su 09:00-20:00"
"1016277","Paris - CDG Airport 2F Landsid","Licensed Store","France","Roissy-en-France","Île-de-France","95700","CdG Airport, Terminal 2F, Roissy-en-France","[49.00989,2.54829]","","Mo-Su 06:30-20:00"
"1016281","Paris - CDG Airport 2F Airside","Licensed Store","France","Roissy-en-France","Île-de-France","95700","CdG Airport, Terminal 2F, Roissy-en-France","[49.00989,2.54838]","","Mo-Su 06:30-20:30"
"1023450","Haudiomont - Aire de Verdun (A","Licensed Store","France","Haudiomont","Grand Est","55160","Aire de Verdun Saint Nicolas Sud, Haudiomont","[49.11843,5.50841]","","Mo 06:00-14:00; Tu-Su 08:00-13:00"
"1032626","Arese SM Il Centro Mondadori","Licensed Store","Italy","Arese","Lombardy","20044","Via Giuseppe Eugenio Luraghi, 11, 20044 Arese MI, Arese","[45.56338,9.05408]","",""
"1048851","Bari via Argiro 112","Licensed Store","Italy","Bari","Apulia","70121","via Argiro 112, Bari","[41.12253,16.87067]","",""
"1023345","Starbucks Malpensa","Licensed Store","Italy","Province of Varese","Lombardy","21010","Aeroporto Milano Malpensa, Varese","[45.62599,8.71296]","","Mo-Su 06:30-20:00"
"1048850","Roma Terrazza Termini","Licensed Store","Italy","Rome","Lazio","00185","via Giovanni Giolitti 2, Roma","[41.90017,12.50120]","",""
"1053821","Sm Milano Fiordaliso","Licensed Store","Italy","Rozzano","Lombardy","20089","Via Eugenio Curiel 25 20089 Rozzano MI, Milano","[45.37958,9.16215]","",""
"8953300","Bolzano, shopping mall Walther","Licensed Store","Italy","Bolzano","Trentino-South Tyrol","39100","Piazza Walther 22 39100 Bolzano BZ, Bolzano","[46.49871,11.35473]","",""
"1023344","Starbucks Durini","Licensed Store","Italy","Milan","Lombardy","20122","Via Durini 28, Milano","[45.46575,9.19858]","","Mo-Th 07:30-19:30; Fr 07:30-20:00; Sa-Su 08:00-20:00"
"8947300","Noventa, Designer Outlet","Licensed Store","Italy","Noventa di Piave","Veneto","30020","Via Marco Polo 1 30020 Noventa di PiaveVE, Noventa","[45.66118,12.52938]","",""
"1023346","Starbucks Garibaldi","Licensed Store","Italy","Milan","Lombardy","20121","Corso Garibaldi 118, Milan","[45.48037,9.18683]","","Mo-Th 07:30-19:00; Fr 07:30-20:00; Sa-Su 08:00-20:00"
"1027535","Milano Restelli","Licensed Store","Italy","Milan","Lombardy","20124","Viale Francesco Restelli 5, Milano","[45.48809,9.19561]","","Mo-Fr 07:00-19:00; Sa-Su 08:00-19:00"
"1029499","Roma - San Silvestro","Licensed Store","Italy","Rome","Lazio","00187","Piazza San Silvestro 5 6 7, Roma","[41.90219,12.48099]","",""
"1029500","Erbusco","Licensed Store","Italy","Villa Pedergnano","Lombardy","25030","Via Rovato, Erbusco","[45.57995,10.00351]","",""
"1051038","La Reggia Designer Outlet","Licensed Store","Italy","Caiazzo","Campania","81013","SP 336 Sannitica, Marcianise CE, 81025, Marcianise","[41.17813,14.36946]","",""
"1048860","Firenze Via dei Cerretani","Licensed Store","Italy","Florence","Tuscany","50123","via dei Cerretani, 46/R, 50123 Firenze FI, Firenze","[43.77355,11.25291]","",""
"1048858","Roma Stazione Termini Undergro","Licensed Store","Italy","Rome","Lazio","00185","Via Giovanni Giolitti 40, Roma","[41.89841,12.50417]","",""
"8523500","Starbucks SM Gran Reno","Licensed Store","Italy","Casalecchio di Reno","Emilia-Romagna","40033","Via Marilyn Monroe, 2, 40033 Casalecchio di Reno BO, Casalecchio di Reno","[44.47824,11.27738]","",""
"1032434","Stazione Porta Nuova","Licensed Store","Italy","Turin","Piedmont","10128","Corso Vittorio Emanuele II, 10128 Torino TO, Torino","[45.06560,7.67091]","",""
"1050473","Roma Piazza Montecitorio","Licensed Store","Italy","Rome","Lazio","00186","Via della Guglia 57 00186 Roma RM, Roma","[41.90023,12.47869]","",""
"1043728","Verona, Galleria Pellicciai 2","Licensed Store","Italy","Verona","Veneto","37121","Galleria Pellicciai 2, Verona","[45.44199,10.99539]","",""
"1032452","Bergamo SM Oriocenter","Licensed Store","Italy","Orio Center","Lombardy","24050","Via Portico, 71, Bergamo","[45.66360,9.69507]","",""
"1050902","Bologna via D'Azeglio","Licensed Store","Italy","Bologna","Emilia-Romagna","40124","Bologna via D Azeglio 34, Bologna","[44.48848,11.34392]","",""
"1051700","Roma Cola di Rienzo","Licensed Store","Italy","Rome","Lazio","00192","Via Cola di Rienzo 23 00192 Roma RM, Roma","[41.90921,12.46911]","",""
"8529200","Verona, centro commerciale Adi","Licensed Store","Italy","Verona","Veneto","37135","Viale delle Nazioni 1, Verona","[45.40599,10.97669]","",""
"1025323","Starbucks Torino","Licensed Store","Italy","Turin","Piedmont","10123","Via Bruno Buozzi 5, Turin","[45.06536,7.68082]","","Mo-Fr 07:30-19:30; Sa-Su 08:00-20:00"
"8531100","Firenze, via del Corso 6","Licensed Store","Italy","Florence","Tuscany","50122","Firenze, via del Corso 6, Firenze","[43.77151,11.25739]","",""
"1044297","Brescia Elnos Shopping","Licensed Store","Italy","Province of Brescia","Lombardy","25030","Via Luigi Einaudi, 5, 25030 Roncadelle BS, Brescia","[45.53316,10.16484]","",""
"8529700","Padova, Piazza delle Erbe 1","Licensed Store","Italy","Padua","Veneto","35122","Padova Piazza delle Erbe 1, Padova","[45.40649,11.87588]","",""
"1024849","Starbucks Centrale","Licensed Store","Italy","Milan","Lombardy","20124","Piazza Luigi di Savoia 1, Milan","[45.48558,9.20586]","","Mo-Su 06:30-19:00"
"1049265","Genova via alla Porta degli Ar","Licensed Store","Italy","Genoa","Liguria","16128","via alla porta degli archi 6, Genova","[44.40596,8.93807]","",""
"1033927","Milano Scalo Milano Outlet","Licensed Store","Italy","Metropolitan City of Milan","Lombardy","20085","Via Milano, 5, 20085 Locate di Triulzi MI, Milano","[45.36127,9.21766]","",""
"1023281","Starbucks Vercelli","Licensed Store","Italy","Milan","Lombardy","20123","Corso Vercelli ang Piazzale Baracca 10, Milan","[45.46648,9.16478]","","Mo-Fr 07:30-19:00; Sa-Su 08:00-19:00"
"1044317","Firenze Santa Maria Novella St","Licensed Store","Italy","Florence","Tuscany","50123","Firenze santa maria novella 50123, Firenze","[43.77529,11.24954]","",""
"1033905","Rodengo-Saiano Franciacorta Vi","Licensed Store","Italy","Province of Brescia","Lombardy","25050","Piazza Cascina Moie, 1/2, 25050 Rodengo-Saiano BS, Rodengo-Saiano","[45.57725,10.11922]","",""
"1028758","Outlet Serravalle","Licensed Store","Italy","Serravalle&nbsp","Piedmont","15069","Via della Moda, Serravalle","[44.73522,8.83786]","","Mo-Su 08:30-21:00"
"8523400","Napoli Stazione Centrale","Licensed Store","Italy","Naples","Campania","80142","Piazza Garibaldi, Napoli","[40.85230,14.27203]","",""
"1043315","Milano Via Torino 21","Licensed Store","Italy","Milan","Lombardy","20122","Milano via Torino 21 20123, Milano","[45.46249,9.18713]","",""
"1022793","Milan Roastery","Company-Operated","Italy","Milan","Lombardy","20123","Piazza Cordusio 3, Milan","[45.46491,9.18631]","","Mo-Su 07:30-22:00"
"1053793","SM Porta di Roma","Licensed Store","Italy","Rome","Lazio","00139","Roma, Via Alberto Lionello 201, Roma","[41.97236,12.54002]","",""
"8877700","Lonato, SM Il Leone","Licensed Store","Italy","Province of Brescia","Lombardy","25017","Via Mantova, 36, 25017 Lonato BS, Lonato","[45.43108,10.51407]","",""
"8640400","Venezia Rialto","Licensed Store","Italy","Venice","Veneto","30124","Sestiere di S. Marco, 5048, 30124 Venezia VE, Venezia","[45.43406,12.33447]","",""
"1053194","SM Merlata Bloom","Licensed Store","Italy","Milano","Lombardy","20151","Via Triboniano, Milano","[45.51311,9.10577]","",""
"1049141","Napoli, Galleria Umberto I","Licensed Store","Italy","Naples","Campania","80132","napoli via santa brigida 68, Napoli","[40.83897,14.24917]","",""
"8639800","SM Pompei Maximall","Licensed Store","Italy","Torre Annunziata","Campania","80058","Via Plinio, Torre Annunziata, Torre Annunziata","[40.75049,14.47357]","",""
"1033277","Torino Outlet Village","Licensed Store","Italy","Settimo Torinese","Piedmont","10036","Via Torino, 160, 10036 Settimo Torinese TO, Settimo Torinese","[45.12835,7.73737]","",""
"1033276","Roma Outlet Castel Romano","Licensed Store","Italy","Castel Romano","Lazio","00128","Via del Ponte di Piscina Cupa, 64, 00128 Roma RM, Roma","[41.71692,12.44465]","",""
"1051986","Livorno SM Porta a Mare","Licensed Store","Italy","Livorno","Tuscany","57126","Livorno via Gaetano d'alesio 6, Livorno","[43.54430,10.30396]","",""
"1030437","Gigli Shopping Center","Licensed Store","Italy","Campi Bisenzio","Tuscany","50013","Via San Quirico 165, Campi Bisenzio","[43.84552,11.14016]","",""
"1052652","Milan Malpensa Airport T2, air","Licensed Store","Italy","Province of Varese","Lombardy","21010","Milano Malpensa Airport T2, Case Nuove (VA)","[45.63006,8.72553]","",""
"8639400","Rimini Le Befane","Licensed Store","Italy","Rimini","Emilia-Romagna","47924","via caduti di Nassiriya 20, Rimini","[44.03982,12.58664]","",""
"1044042","Bergamo Via XX Settembre","Licensed Store","Italy","Bergamo","Lombardy","24122","Via XX Settembre 63 24122 Bergamo BG, Bergamo","[45.69297,9.66697]","",""
"1022756","Sbux Telefonica","Licensed Store","Spain","Madrid","Community of Madrid","28050","Commercial Area - District Telefonica, Madrid","[40.51509,-3.66304]","","Mo-Th 07:30-16:30; Fr 07:30-14:00; Sa-Su closed"
"1054952","Santiago CC As Cancellas","Licensed Store","Spain","Santiago de Compostela","Galicia","15703","Avenida del camino frances 3 Santiago de Compostela 15703 La Coruna, Santiago de Compostela","[42.88944,-8.52644]","","Mo-Sa 09:00-22:00; Su 12:00-20:00"
"1053934","Santa Cruz de Tenerife X Sur","Licensed Store","Spain","Costa Adeje","Canary Islands","38660","Calle Lisboa 2 38660 Costa Adeje Santa Cruz de Tenerife, Santa Cruz de Tenerife","[28.08869,-16.72812]","","Mo-Su 09:00-21:00"
"1020548","Gran via 4","Licensed Store","Spain","Granada","Andalusia","18010","4 Gran Via Colon Street, Granada","[37.17628,-3.59765]","","Mo-Su 07:30-22:00"
"19399","Nassica","Licensed Store","Spain","Pinto","Community of Madrid","28320","C C Nassica Avda Rio Guadalquivir, Madrid","[40.27205,-3.69510]","+34 912 73 07 98","Mo-Su 09:00-22:00"
"1023284","C.C. Splau Barcelona","Licensed Store","Spain","El Prat de Llobregat","Catalonia","08940","Splau Shopping Center, Barcelona","[41.34770,2.07773]","","Mo-Th 09:00-20:30; Fr-Sa 09:00-22:00; Su 09:00-21:00"
"1053799","Barcelona Pau Claris 169","Licensed Store","Spain","Barcelona","Catalonia","08037","Calle Pau Claris 169 08037 Barcelona, Barcelona","[41.39559,2.16303]","","Mo-Fr 07:30-21:30; Sa 08:00-22:00; Su 08:00-21:30"
"1023598","C.C. Finestrelles","Licensed Store","Spain","Esplugues de Llobregat","Catalonia","08950","Finestrelles Shopping Center, Esplugues de Llobregat","[41.37690,2.09780]","","Mo-Su 09:00-21:00"
"1053079","Madrid Felipe II","Licensed Store","Spain","Madrid","Community of Madrid","28009","Avenida de Felipe II 15 Madrid 28009, Madrid","[40.42429,-3.67371]","","Mo-Su 07:30-22:00"
"1023619","Sbux Meloneras","Licensed Store","Spain","Maspalomas","Canary Islands","35100","C.C. Boulevard El Faro. Planta baja.  Parcela HB1.  Urb Meloneras 2-A, Las palmas de gran canarias","[27.73626,-15.60117]","","Mo-Su 08:30-22:00"
"1020257","C.C. Miramar Malaga","Licensed Store","Spain","Fuengirola","Andalusia","29640","Miramar Shopping Center, Fuengirola","[36.52926,-4.63226]","","Mo-Sa 09:00-22:00; Su 12:00-20:00"
"8795400","A Coruna CC Marineda City","Licensed Store","Spain","A Coruña","Galicia","15006","Est Banos de Arteixo 43 15008 A Coruna, A Coruna","[43.34461,-8.42767]","","Mo-Su 09:00-22:00"
"1052031","Valladolid Pza. Mayor","Licensed Store","Spain","Valladolid","Castile and León","47001","Plaza Mayor 15, Valladolid","[41.65156,-4.72909]","","Mo-Th 07:30-21:30; Fr-Sa 07:30-22:00; Su 07:30-21:30"
"1024360","Sbux La Laguna","Licensed Store","Spain","La Laguna","Canary Islands","38208","16 La Concepcion Square, Santa Cruz de Tenerife","[28.49534,-16.31772]","","Mo-Su 08:00-21:00"
"1051164","Barcelona Arco del Triunfo","Licensed Store","Spain","Barcelona","Catalonia","08018","Passeig de Lluis Companys, 08003 Barcelona, Barcelona","[41.39213,2.18062]","","Mo-Su 07:30-22:00"
"1049154","Las Rozas C.C Heron City","Licensed Store","Spain","Las Rozas de Madrid","Community of Madrid","28232","Calle Camilo Jose Cela 2, Las Rozas","[40.51517,-3.89765]","","Mo-Th 09:00-22:00; Fr-Sa 09:00-23:00; Su 09:00-22:00"
"8873100","Arona Centro Comercial Safari","Licensed Store","Spain","Arona","Canary Islands","38650","Av las Americas 5 38660 Playa de lasAmericas Tenerife, Arona","[28.05535,-16.73386]","","Mo-Su 10:00-22:00"
"1021510","C.C. La Zenia","Licensed Store","Spain","Los Dolses","Comunidad Valenciana","03189","La Zenia Shopping Center, Alicante","[37.93051,-0.73634]","","Mo-Fr 09:00-21:30; Sa 09:00-22:00; Su 09:00-21:30"
"1010112","Bilbao ECI","Licensed Store","Spain","Bilbao","Basque Country","48009","Gran Via de Don Diego Lopez de Haro, 20, Centro Comercial, 48001 Bilbao, Bilbao","[43.26360,-2.93108]","","Mo-Sa 09:30-21:30; Su closed"
"1044058","Valladolid CC Rio Shopping","Licensed Store","Spain","Arroyo de la Encomienda","Castile and León","47195","C. Me Falta un Tornillo, 3, 47195 Arroyo de la Encomienda, Valladolid, Valladolid","[41.62940,-4.78675]","","Mo-Sa 09:30-22:00; Su 12:00-20:30"
"1020542","Comercio 40","Licensed Store","Spain","Toledo","Castile-La Mancha","45001","40 Comercio Street, Toledo","[39.85920,-4.02229]","","Mo-Th 08:00-22:00; Fr-Sa 08:30-23:00; Su 08:30-22:00"
"1043251","Madrid Torre Caleido","Licensed Store","Spain","Madrid","Community of Madrid","28029","P de la Castellana 259 28046 Madrid, Madrid","[40.47670,-3.68791]","","Mo-Fr 07:30-21:00; Sa-Su 09:00-21:30"
"1033376","Sbux Plaza Sant Jaume","Licensed Store","Spain","Barcelona","Catalonia","08002","Pl de Sant Jaume 3, Barcelona","[41.38246,2.17659]","","Mo-Fr 07:30-21:30; Sa-Su 08:30-21:30"
"1033330","Malaga Pl. Constitucion 4","Licensed Store","Spain","Málaga","Andalusia","29005","Plaza de la Constitucion 4, Malaga, 29005, Malaga","[36.72084,-4.42230]","","Mo-Su 08:00-22:00"
"1009539","CC.Parque Sur","Licensed Store","Spain","Leganés","Community of Madrid","28916","Gran Bretana Avenue, Madrid","[40.33946,-3.73322]","","Mo-Th 09:00-22:00; Fr-Sa 09:00-23:00; Su 09:00-22:00"
"1009540","E C I Pozuelo","Licensed Store","Spain","Madrid","Community of Madrid","28224","Camino dsel cerro d elos gamos 2  Pozuelo 28224 Madrid, Madrid","[40.46290,-3.80774]","","Mo-Sa 10:00-22:00; Su 11:00-21:00"
"1033306","Sbux Paseo de Gracia","Licensed Store","Spain","Barcelona","Catalonia","08008","Paseo de Gracia 103, Barcelona","[41.39574,2.15979]","","Mo-Su 07:30-22:00"
"1031217","Sbux C.C Aqua","Licensed Store","Spain","Valencia","Valencian Community","46023","Carrer de Menorca 19, Valencia","[39.45665,-0.34586]","","Mo-Su 10:00-22:00"
"1018978","Sbux Plaza Escandalera","Licensed Store","Spain","Oviedo","Asturias","33003","Plaza Escandalera 1, Oviedo","[43.36257,-5.84821]","","Mo-Fr 07:30-22:00; Sa-Su 08:00-22:00"
"1027655","C.C. Mallorca Fashion Outlet","Licensed Store","Spain","Es Caulls","Illes Balears","07141","Autopista Palma-Inca, km 7,1, Palma de Mallorca","[39.63218,2.73236]","","Mo-Th 09:00-21:30; Fr-Su 09:00-22:00"
"1020481","Plaza de las Tendillas","Licensed Store","Spain","Córdoba","Andalusia","14003","2 Las Tendillas Square, Cordoba","[37.88434,-4.78005]","","Mo-Su 07:30-22:00"
"8886900","Barcelona Airport T1 LS arriva","Licensed Store","Spain","El Prat de Llobregat","Catalonia","08820","AEROPUERTO BARCELONA EL PRAT Carreteradel aeropuerto 08820 El Prat de, Barcelona","[41.29834,2.08001]","",""
"1019986","Quevedo","Licensed Store","Spain","Madrid","Community of Madrid","28015","9 Quevedo circle, Madrid","[40.43353,-3.70385]","","Mo-Fr 07:30-21:00; Sa 08:00-21:00; Su 09:00-21:00"
"1019730","C.C. Siam Mall","Licensed Store","Spain","Costa Adeje","Canary Islands","38670","Siam Mall Shopping Center, Santa Cruz de Tenerife","[28.06903,-16.72257]","","Mo-Su 10:00-22:00"
"1019230","Coso","Licensed Store","Spain","Zaragoza","Aragon","50003","15 Coso Street, Zaragoza","[41.65348,-0.88223]","",""
"1018715","Sbux ECI Alicante","Licensed Store","Spain","Alicante","Valencian Community","03003","El Corte Ingles Alicante. Kiosko exterio, ALICANTE","[38.34291,-0.49336]","","Mo-Th 09:00-21:30; Fr-Sa 09:00-22:00; Su 10:30-21:00"
"1014765","Plaza de San Miguel","Licensed Store","Spain","Madrid","Community of Madrid","28012","5 Ciudad Rodrigo Street, Madrid","[40.41576,-3.70851]","","Mo-Su 07:30-22:30"
"1053268","Sevilla CC Nervion Plaza","Licensed Store","Spain","Seville","Andalusia","41005","Calle Luis de Morales 3 41005 Sevilla, Sevilla","[37.38306,-5.97280]","","Mo-Sa 08:30-22:00; Su 09:00-22:00"
"1017928","Genova 27","Licensed Store","Spain","Madrid","Community of Madrid","28004","27 Genova Street, Madrid","[40.42599,-3.69230]","","Mo-Th 07:00-21:00; Fr 07:00-21:30; Sa-Su 08:00-21:00"
"8626900","Zaragoza Pso. Independencia 24","Licensed Store","Spain","Zaragoza","Aragon","50004","Paseo de la Independencia, 24, Casco Antiguo, 50004 Zaragoza, Zaragoza","[41.65010,-0.88341]","","Mo-Fr 08:00-22:00; Sa-Su 08:30-22:30"
"1022273","Rambla 122","Licensed Store","Spain","Barcelona","Catalonia","08008","122 Rambla Catalunya, Barcelona","[41.39527,2.15832]","","Mo-Fr 07:30-21:30; Sa 08:00-22:00; Su 08:00-21:30"
"1022275","Las Palmas - Gran Can. Airp. N","Licensed Store","Spain","Ojos de Garza","Canarias","35219","Aeropuerto de Gran Canaria Airside North, Telde","[27.94075,-15.38793]","","Mo-Su 05:00-20:00"
"8715100","A Coruna Rua Nova 2","Licensed Store","Spain","A Coruña","Galicia","15003","Rua Nova 215003 A Coruna, A Coruna","[43.36923,-8.40258]","","Mo-Th 08:30-21:30; Fr-Sa 08:30-22:00; Su 09:00-21:30"
"8777100","Gran Jonquera","Licensed Store","Spain","La Jonquera","Catalonia","17700","Avenida de Galicia 22 17700 La Jonquera, La Jonquera","[42.40244,2.88125]","","Mo-Su 08:30-21:30"
"8503800","Vitoria Plaza de la Virgen Bla","Licensed Store","Spain","Vitoria-Gasteiz","Basque Country","01001","CALLE PRADO 2 VITORIA GASTEIZ 01005, Vitoria","[42.84648,-2.67334]","","Mo-Fr 08:30-21:00; Sa 08:30-22:00; Su 08:30-21:00"
"1031469","Sbux C.C Vialia Vigo","Licensed Store","Spain","Vigo","Galicia","36201","Vigo-Urzaiz, Plaza Estacion 1, Vigo, Pontevedra, Vigo","[42.23420,-8.71379]","","Mo-Sa 08:30-22:00; Su closed"
"1022072","Ibiza - Aeroport d'Eivissa","Licensed Store","Spain","Sant Francesc de s'Estany","Balearic Islands","07818","Sant Jordi de ses Salines Illes Balears, Illes Balears","[38.87492,1.37119]","","Mo-Su 06:00-23:00"
"18779","Malaga Airport Airside","Licensed Store","Spain","Málaga","Andalusia","29004","AEROPUERTO DE MALAGA - Planta 1., Malaga","[36.67503,-4.49042]","+34 617 32 50 49","Mo-Su 06:00-21:00"
"18781","Malaga Airport Landside","Licensed Store","Spain","Málaga","Andalusia","29004","Avenida Garcia Morato s/n, Malaga","[36.67503,-4.49051]","","Mo-Su 06:00-21:00"
"8938000","Paredes-Siero Parque Principad","Licensed Store","Spain","Lugones","Asturias","33420","Autovia A 66 Km 4 5 Paredes Siero 33429Asturias, Paredes-Siero","[43.40026,-5.79916]","","Mo-Sa 09:00-22:00; Su 10:00-22:00"
"8845700","CC Alcala Magna","Licensed Store","Spain","Alcala de Henares","Community of Madrid","28806","C Valentin Juara Bellot 4, Alcala de Henares","[40.49503,-3.35951]","","Mo-Su 09:00-22:00"
"89202","Equinoccio","Licensed Store","Spain","Majadahonda","Community of Madrid","28222","Equinoccio Shopping Center, Majadahonda","[40.45496,-3.87466]","+34 912 75 21 76","Mo-Fr 07:00-22:00; Sa-Su 08:00-22:00"
"8548200","Lloret de Mar Calle de Sant Pe","Licensed Store","Spain","Lloret de Mar","Catalonia","17310","Carrer de Sant Pere 14 17310 Lloret deMar Girona, Lloret de Mar","[41.69994,2.84660]","","Mo-Su 09:00-20:00"
"1055861","Madrid Goya 73","Licensed Store","Spain","Madrid","Community of Madrid","28001","Calle Goya 73 Madrid 28001, Madrid","[40.42509,-3.67890]","","Mo-Fr 07:30-22:00; Sa-Su 08:00-22:00"
"1055374","Alicante CC Plaza Mar 2","Licensed Store","Spain","Alicante","Valencian Community","03016","Avenida de Denia s n 03016 Alicante, Alicante","[38.36914,-0.45790]","","Mo-Sa 09:00-22:00; Su 10:00-20:00"
"1055363","Madrid CC Plaza Loranca 2","Licensed Store","Spain","Fuenlabrada","Community of Madrid","28942","Avenida de Pablo Iglesias 17, Madrid","[40.30350,-3.83175]","","Mo-Th 09:00-22:00; Fr closed; Sa-Su 09:00-22:00"
"1054660","Madrid Serrano 41","Licensed Store","Spain","Madrid","Community of Madrid","28001","calle Serrano 41 Madrid 28001, Madrid","[40.42852,-3.68757]","","Mo-Fr 07:00-21:30; Sa-Su 08:00-21:30"
"2205","Sagrada Familia","Licensed Store","Spain","Barcelona","Catalonia","08013","19 Sagrada Familia Square, Barcelona","[41.40229,2.17389]","+34 935 21 19 21","Mo-Su 07:30-22:00"
"1054661","Madrid Plaza Santa Cruz 6","Licensed Store","Spain","Madrid","Community of Madrid","28012","Plaza Santa Cruz 6 Madrid, Madrid","[40.41533,-3.70564]","","Mo-Su 07:30-22:00"
"1053825","Madrid Aravaca 1","Licensed Store","Spain","Madrid","Community of Madrid","28023","Camino de la Zarzuela 1 28023 Aravaca  Madrid, Madrid","[40.46420,-3.78491]","","Mo-Fr 07:00-21:00; Sa-Su 08:00-21:00"
"1011995","ECI Capricho","Licensed Store","Spain","Marbella","Andalusia","29602","El Corte Ingles El Capricho, Malaga","[36.51094,-4.90297]","","Mo-Fr 08:00-21:00; Sa-Su 08:30-21:00"
"1052743","Valencia Xativa 20","Licensed Store","Spain","Valencia","Valencian Community","46002","C de Xativa 20 46002 Valencia, Valencia","[39.46759,-0.37803]","","Mo-Th 07:30-21:30; Fr 07:30-22:00; Sa-Su 08:00-22:00"
"1052214","Madrid Cea Bermudez 63","Licensed Store","Spain","Madrid","Community of Madrid","28003","Calle Cea Bermudez 63 Madrid, Madrid","[40.43894,-3.71614]","","Mo-Fr 07:00-21:00; Sa-Su 07:30-21:00"
"1052145","Girona C.C. Espai Girones","Licensed Store","Spain","Salt","Catalunya","17190","Cami dels Carlins 10, Gerona","[41.96711,2.78138]","","Mo-Th 09:00-21:30; Fr-Sa 09:00-22:00; Su 10:00-21:30"
"1050680","Madrid Gran Via 46","Licensed Store","Spain","Madrid","Community of Madrid","28013","C Gran Via 46 28013 Madrid, Madrid","[40.42050,-3.70604]","","Mo-Th 07:30-22:30; Fr 07:30-23:00; Sa 08:00-23:00; Su 08:00-22:30"
"1015817","Velazquez 32","Licensed Store","Spain","Madrid","Community of Madrid","28002","32 Velazquez Street, Madrid","[40.42494,-3.68394]","","Mo-Fr 07:30-21:30; Sa-Su 08:00-21:30"
"1048867","Majadahonda-C.C Gran Plaza 2","Licensed Store","Spain","Las Rozas de Madrid","Community of Madrid","28222","Calle de los Quimicos 4, Majadadonda","[40.49088,-3.89773]","","Mo-Su 09:00-22:00"
"1016299","Av. De Europa","Licensed Store","Spain","Pozuelo de Alarcón","Community of Madrid","28224","11 Europa Avenue, MADRID","[40.43818,-3.79449]","","Mo-Fr 07:30-21:00; Sa-Su 08:30-21:00"
"1016367","CC Fan","Licensed Store","Spain","Palma","Balearic Islands","07007","FAN Mallorca Shopping Center, Palm","[39.55480,2.70449]","","Mo-Sa 09:00-22:00; Su closed"
"1016347","ECI Murcia","Licensed Store","Spain","Murcia","Region of Murcia","30009","Gran Via Escultor Francisco Salcillo 42, Murcia","[37.98854,-1.13200]","","Mo-Fr 08:00-22:00; Sa 09:00-22:00; Su 09:00-21:00"
"1016349","ECI Ramon y Cajal","Licensed Store","Spain","A Coruña","Galicia","15006","El Corte Ingles Ramoon y Cajal, A CORUNA","[43.35493,-8.40290]","","Mo-Th 10:00-22:00; Fr closed; Sa 10:00-22:00; Su closed"
"1016350","Libertad San Sebastian","Licensed Store","Spain","Donostia-San Sebastian","Basque Country","20004","40 la Libertad Avenue, San Sebastian","[43.31911,-1.98403]","+34 943 98 05 77","Mo-Su 10:00-22:00"
"1016743","ECI Colon","Licensed Store","Spain","Valencia","Valencian Community","46470","El Corte Ingles Colon, Valencia","[39.46957,-0.37213]","","Mo-Th 08:00-22:00; Fr closed; Sa 08:00-22:00; Su 09:00-21:00"
"1016745","CC Habaneras","Licensed Store","Spain","Torrevieja","Valencian Community","03184","Habaneras Shopping Center, Torrevieja","[37.98977,-0.68619]","","Mo-Sa 08:00-22:00; Su 09:00-21:00"
"1016744","Puerto Venecia Zaragoza","Licensed Store","Spain","Zaragoza","Aragon","50021","Puerto Venecia Shopping Center, Zargoza","[41.60894,-0.88849]","+34 976 98 15 28","Mo-Th 09:00-22:00; Fr-Sa 09:00-23:00; Su 09:00-21:00"
"1043935","Viladecans The Style Outlets","Licensed Store","Spain","Viladecans","Catalonia","08840","Ctra Variant 245 90, Viladecans","[41.30610,2.02515]","","Mo-Sa 08:30-21:00; Su closed"
"1043044","Barcelona L'illa Diagonal","Licensed Store","Spain","Barcelona","Catalonia","08001","Avinguda Diagonal 557 08029 Barcelona, Barcelona","[41.38915,2.13382]","","Mo-Fr 09:00-21:00; Sa 09:30-21:00; Su closed"
"1033554","Madrid ECI Castellana","Licensed Store","Spain","Madrid","Community of Madrid","28003","Paseo de la Castellana 75 (El corte Ingles de Castellana), Madrid","[40.44666,-3.69428]","","Mo-Sa 10:00-22:00; Su 10:00-21:00"
"1018447","Cort Mallorca - Saint Andrews","Licensed Store","Spain","Palma","Balearic Islands","07001","14 Cort Square, Palma de Mallorca","[39.56981,2.65037]","","Mo-Th 08:30-21:00; Fr-Sa 08:30-22:00; Su 08:00-21:00"
"1018491","ECI Santander","Licensed Store","Spain","Santander","Cantabria","39011","El Corte Ingles Santander, SANTANDER","[43.43787,-3.84013]","","Mo-Sa 09:30-21:30; Su closed"
"1032715","CC Garbera","Licensed Store","Spain","Donostia-San Sebastian","Basque Country","20017","C.C. Garbera Garbera Zeharbidea, Garberako, 1, San Sebastian","[43.30854,-1.94542]","","Mo-Sa 09:00-22:00; Su 10:00-22:00"
"1019426","Rambla Mendez Nunez","Licensed Store","Spain","Alicante","Valencian Community","03002","8 Rambla Mendez Nunez, Alicante","[38.34443,-0.48305]","","Mo-Th 07:30-21:30; Fr-Su 07:30-22:00"
"1019649","C.C. Plaza Rio 2","Licensed Store","Spain","Madrid","Community of Madrid","28026","Antonio Lopez 109, Madrid","[40.39187,-3.70151]","","Mo-Su 09:00-22:00"
"1030372","Valencia International Airport","Licensed Store","Spain","Collado","Valencian Community","46940","Carretera del Aeropuerto, Valencia","[39.49573,-0.49743]","",""
"1020094","ECI Mesa Y Lopez","Licensed Store","Spain","Las Palmas de Gran Canaria","Canary Islands","35007","ECI MESA Y LOPEZ, Las Palmas de Gran Canarias","[28.13454,-15.43159]","","Mo-Su 09:30-21:30"
"1020471","C.C. Los Alisios","Licensed Store","Spain","La Suerte","Canarias","35018","Los Alisios Shopping Center, Las Palmas","[28.09455,-15.47687]","","Mo-Sa 09:30-22:00; Su 14:00-19:00"
"1021568","Barcelona Airport- Sky Center","Licensed Store","Spain","El Prat de Llobregat","Catalonia","08820","El Prat de Llobregat, Barcelona","[41.29783,2.08088]","","Mo-Su 06:00-22:00"
"1026685","McArthur","Licensed Store","Spain","Torremolinos","Andalusia","29620","Calle Alfonso Ponce de Leon 3 2, Malaga","[36.65690,-4.47862]","","Mo-Sa 09:00-22:00; Su closed"
"19261","La Maquinista","Licensed Store","Spain","Barcelona","Catalonia","08030","La Maquinista Shopping Center, Barcelona","[41.44190,2.19851]","+34 935 21 62 57","Mo-Th 09:00-21:00; Fr-Sa 09:00-22:00; Su 10:00-21:00"
"1025436","Montera 8","Licensed Store","Spain","Madrid","Community of Madrid","28013","C/ Montera 8, Madrid","[40.41782,-3.70273]","","Mo-Th 08:00-21:30; Fr-Sa 08:00-22:30; Su 08:30-22:30"
"1051187","Malaga CC Muelle Uno","Licensed Store","Spain","Málaga","Andalusia","29016","P del Muelle Uno 4 29016 Malaga, Malaga","[36.71733,-4.41305]","","Mo-Su 08:30-22:00"
"1050930","Santander Paseo Pereda 10","Licensed Store","Spain","Santander","Cantabria","39004","P. de Pereda, 10, 39004 Santander, Cantabria, Santander","[43.46198,-3.80357]","","Mo-Fr 08:00-21:00; Sa 09:00-22:00; Su 09:00-21:00"
"1022612","Ruzafa 1","Licensed Store","Spain","Valencia","Valencian Community","46002","1 Paseo Ruzafa, Valencia","[39.46900,-0.37537]","","Mo-Tu 08:30-23:00; We 08:30-22:00; Th-Su 08:00-22:00"
"1022592","C.C. Gran Via 2","Licensed Store","Spain","L'Hospitalet de Llobregat","Catalonia","08908","Avenida Gran Via 75, Barcelona","[41.35959,2.12986]","","Mo-Fr 08:30-21:00; Sa 09:00-21:00; Su closed"
"1023004","C.C. Torresevilla","Licensed Store","Spain","Seville","Andalusia","41092","Torre Sevilla Shopping Center, Sevilla","[37.39146,-6.01047]","","Mo-Su 09:00-22:00"
"1044944","Ondara CC Portal de la Marina","Licensed Store","Spain","Ondara","Valencian Community","03760","Av. Costa Blanca, 2, 03760 Ondara, Alicante, Ondara","[38.81832,0.02360]","","Mo-Sa 10:00-22:00; Su 12:00-21:00"
"1022940","Playa Las Canteras","Licensed Store","Spain","Las Palmas de Gran Canaria","Canary Islands","35007","24 Paseo las Canteras, Las Palmas","[28.14188,-15.43424]","","Mo-Su 08:30-21:00"
"1022988","Plaza Mayor 21","Licensed Store","Spain","Salamanca","Castile and León","37002","Square Mayor, 21, Salamanca","[40.96525,-5.66462]","","Mo-Su 08:00-21:30"
"1018288","Serrano 100","Licensed Store","Spain","Madrid","Community of Madrid","28006","100 Serrano Street, Madrid","[40.43365,-3.68630]","","Mo-Fr 07:00-21:30; Sa-Su 08:30-21:30"
"2243","Maremagnum","Licensed Store","Spain","Barcelona","Catalonia","08039","C C Maremagnum Moll d Espanya 7, Barcelona","[41.37478,2.18278]","+34 932 25 85 42","Mo-Su 09:00-21:00"
"2242","Palace","Licensed Store","Spain","Madrid","Community of Madrid","28014","5 Canovas del Castillo Square, Madrid","[40.41499,-3.69503]","+34 912 75 21 85","Mo-Th 07:30-22:00; Fr-Su 07:30-22:30"
"2241","Placa Universitat","Licensed Store","Spain","Barcelona","Catalonia","08007","2 Universitat Square, Barcelona","[41.38523,2.16349]","+34 934 51 76 36","Mo-Th 07:30-21:30; Fr 07:30-22:00; Sa 08:00-22:00; Su 08:00-21:30"
"2240","La Vaguada","Licensed Store","Spain","Madrid","Community of Madrid","28029","La Vaguada Shopping Center, Madrid","[40.47999,-3.70681]","+34 9127595489","Mo-Su 09:00-22:00"
"2238","CC Glories","Licensed Store","Spain","Barcelona","Catalonia","08018","Shopping Center Glories., Barcelona","[41.40567,2.19143]","","Mo-Fr 07:30-21:30; Sa 07:30-22:00; Su 09:00-21:00"
"1018958","ECI Sanchinarro","Licensed Store","Spain","Madrid","Community of Madrid","28050","El Corte Ingles San Chinarro, Madrid","[40.49785,-3.66062]","","Mo-Sa 10:00-22:00; Su 11:00-21:00"
"113392","Madrid Barajas T1 non Schengen","Licensed Store","Spain","Madrid","Community of Madrid","28042","AEROPUERTO DE BARAJAS TERMINAL 1, Madrid","[40.46804,-3.58482]","",""
"68100","Bonaire","Licensed Store","Spain","Aldaia","Valencian Community","46960","Bonaire Shopping Center, Aldaia","[39.47152,-0.48791]","+34 963 07 34 01","Mo-Sa 09:00-22:00; Su 11:30-21:00"
"1020123","ECI Tenerife 2","Licensed Store","Spain","Santa Cruz de Tenerife","Canary Islands","38003","El Corte Ingles Tenerife, Santa cruz de Tenerife","[28.45915,-16.25388]","","Mo-Sa 09:30-21:30; Su closed"
"1014930","Plaza Felix Sainz","Licensed Store","Spain","Málaga","Andalusia","29005","9 Felix Saenz Square, Malanga","[36.71917,-4.42315]","","Mo-Fr 07:30-22:00; Sa-Su 08:30-22:00"
"2237","Puerta Jerez","Licensed Store","Spain","Seville","Andalusia","41001","1 San Fernando Street, Sevilla","[37.38238,-5.99286]","+34 954 21 47 19","Mo-Su 07:30-22:00"
"1020654","C. Navarra","Licensed Store","Spain","Bilbao","Basque Country","48001","Calle Navarra 8, Bilbao","[43.26094,-2.92628]","","Mo-Su 07:30-22:00"
"1020659","Room Mate Anna 2","Licensed Store","Spain","Barcelona","Catalonia","08007","Carrer d Arago 271, Barcelona","[41.39287,2.16557]","","Mo-Su 08:00-21:00"
"8765100","Madrid Santiago Bernabeu","Licensed Store","Spain","Madrid","Community of Madrid","28036","Av. de Concha Espina, 1, Chamartin, 28036, Madrid, Madrid","[40.45243,-3.68680]","","Mo-Fr 08:30-22:00; Sa-Su 08:30-22:30"
"1020657","Moraleja Green","Licensed Store","Spain","Alcobendas","Community of Madrid","28108","Moraleja Green Shopping Center, Madrid","[40.51920,-3.65627]","","Mo-Fr 08:00-21:00; Sa-Su 10:00-21:00"
"1010425","ECI Malaga","Licensed Store","Spain","Málaga","Andalusia","29007","El Corte Ingles Malaga Hilera. Home Bdg, Malaga","[36.71834,-4.43014]","","Mo-Th 08:00-22:00; Fr 08:30-22:00; Sa 09:00-22:00; Su 09:00-21:00"
"1021256","B Hotel","Licensed Store","Spain","Barcelona","Catalonia","08015","389 Gran Via les Corts Catalanes Street, Barcelona","[41.37672,2.15051]","","Mo-Su 07:00-22:00"
"1021285","Rambla 89","Licensed Store","Spain","Barcelona","Catalonia","08002","89 Rambla Canaletas, Barcelona","[41.38209,2.17273]","","Mo-Fr 07:30-21:00; Sa-Su 08:00-21:00"
"1012019","ECI Alicante","Licensed Store","Spain","Alicante","Valencian Community","03003","El Corte Ingles Alicante, Alicante","[38.34382,-0.48935]","","Mo-Sa 10:00-21:00; Su 11:00-21:00"
"2228","Plenilunio","Licensed Store","Spain","Madrid","Community of Madrid","28022","Plenilunio Shopping Center, Madrid","[40.44684,-3.58737]","+34 912 75 19 66","Mo-Su 09:30-22:00"
"1022451","Room Mate Oscar Sbux","Licensed Store","Spain","Madrid","Community of Madrid","28004","12 Pedro Zerolo Square, Madrid","[40.42077,-3.69898]","","Mo-Fr 07:30-22:00; Sa-Su 08:00-22:00"
"1022459","Teatro Real","Licensed Store","Spain","Madrid","Community of Madrid","28013","Isabel II Square, Madrid","[40.41849,-3.71054]","","Mo-Su 07:30-22:00"
"1011051","Madrid Barajas T4 Satellite","Licensed Store","Spain","Madrid","Community of Madrid","28042","Madrid Barajas Airport Terminal 4, Madrid","[40.46804,-3.58473]","","Mo-Su 08:30-22:00"
"1022867","Barcelona Airport T1 Airside","Licensed Store","Spain","El Prat de Llobregat","Catalonia","08820","Aeroport de Barcelona el Prat, Barcelona","[41.29073,2.07398]","",""
"1011071","ECI Puerto Banus","Licensed Store","Spain","Marbella","Andalusia","29660","El Corte Ingles Puerto Banus Ramon Areces Street, Marbella","[36.49021,-4.95255]","","Mo-Sa 10:00-22:00; Su closed"
"1023051","C.C. Nevada","Licensed Store","Spain","Armilla","Andalusia","18100","Nevada Shopping Shopping Center, Granada","[37.14658,-3.61342]","","Mo-Th 09:00-21:30; Fr-Sa 09:00-22:00; Su 10:00-21:30"
"1031324","CC El Saler","Licensed Store","Spain","Valencia","Valencian Community","46013","C.C El Saler, Avenida del Profesor Lopez Pinero 16, Valencia","[39.45290,-0.35542]","","Mo-Sa 09:30-22:00; Su 10:00-21:00"
"8683300","Cordovilla CC La Morea","Licensed Store","Spain","Pamplona","Navarre","31191","Barrio La Morea, s/n, 31191 Cordovilla, Navarra, Cordovilla","[42.78299,-1.63327]","","Mo-Th 09:30-21:30; Fr 13:00-20:30; Sa 09:30-21:30; Su 13:00-20:30"
"8602800","Las Rozas Village (kiosk)","Licensed Store","Spain","Las Rozas de Madrid","Community of Madrid","28232","C. Juan Ramen Jimenez, 3, 28232 Las Rozas de Madrid, Madrid, Las Rozas de Madrid","[40.51886,-3.90272]","","Mo-Fr 09:00-21:00; Sa 09:00-22:00; Su 09:00-21:00"
"2197","Diagonal 593 Hilton","Licensed Store","Spain","Barcelona","Catalonia","08034","593 Diagonal Avenue, Barcelona","[41.38896,2.13066]","+34 935 21 92 32","Mo-Fr 07:30-21:00; Sa-Su 08:00-21:00"
"1029787","Cordoba-Mezquita","Licensed Store","Spain","Córdoba","Andalusia","14003","C Torrijos corner Medina y Corella, Cordoba","[37.87987,-4.77891]","","Mo-Th 09:00-21:30; Fr-Su 09:00-22:00"
"1033889","Barcelona Rambla 71","Licensed Store","Spain","Barcelona","Catalonia","08007","Rambla de Catalunya 71, Barcelona","[41.39136,2.16259]","","Mo-Th 07:30-21:30; Fr 07:30-22:00; Sa 08:00-22:00; Su 08:00-21:00"
"2192","Padre Damian","Licensed Store","Spain","Madrid","Community of Madrid","28036","29 Padre Damian Street, Madrid","[40.45946,-3.68563]","+34 912 75 90 81","Mo-Th 07:00-21:00; Fr-Su 07:30-21:00"
"8593000","Sta Cruz TNF Bethencourt Alfon","Licensed Store","Spain","Santa Cruz de Tenerife","Canary Islands","38002","Calle de S. Francisco, 9, 38002, Santa Cruz de Tenerife, Santa Cruz de Tenerife","[28.46761,-16.24909]","","Mo-Su 08:00-21:00"
"8591000","Malaga CC Vialia","Licensed Store","Spain","Málaga","Andalusia","29002","Explanada de la Estacion s/n 29002 Malaga, Malaga","[36.71084,-4.43075]","","Mo-Su 06:30-22:00"
"1032982","Madrid Calle Montera 38","Licensed Store","Spain","Madrid","Community of Madrid","28013","Calle de la Montera 38, Madrid","[40.41925,-3.70170]","","Mo-Su 07:30-22:00"
"8588400","Tenerife Sur Airport Airside P","Licensed Store","Spain","Aeropuerto Reina Sofia","Canarias","38610","AEROPUERTO TENERIFE SUR, Aeropuerto Tenerife Sur","[28.04675,-16.57253]","",""
"2221","Rivas","Licensed Store","Spain","Rivas-Vaciamadrid","Community of Madrid","28521","H2O - Rivas Futura Shopping Center, Madrid","[40.33787,-3.52681]","+34 9183658912","Mo-Fr 09:00-22:00; Sa-Su 09:30-22:00"
"2217","Juan Bravo 16","Licensed Store","Spain","Madrid","Community of Madrid","28006","16 Juan Bravo Street, Madrid","[40.43273,-3.68347]","+34 912 75 14 72","Mo-Fr 07:00-21:00; Sa-Su 08:00-21:00"
"2215","Islazul","Licensed Store","Spain","Madrid","Community of Madrid","28054","Islazul Shopping Center, Madrid","[40.36399,-3.73743]","+34 918 36 20 05","Mo-Fr 09:30-22:00; Sa-Su 10:00-22:00"
"2210","Princesa 40","Licensed Store","Spain","Madrid","Community of Madrid","28008","40 Princesa Street, Madrid","[40.42932,-3.71508]","+34 912 75 80 82","Mo-Fr 07:00-22:00; Sa 07:30-22:00; Su 08:00-22:00"
"2208","Gran Via 58","Licensed Store","Spain","Madrid","Community of Madrid","28013","58 Gran Via, Madrid","[40.42188,-3.70807]","+34 915 41 15 82","Mo-Su 07:30-22:00"
"2203","Diversia","Licensed Store","Spain","Alcobendas","Community of Madrid","28108","Heron Diversia Leisure Centre, Madrid","[40.53023,-3.63845]","+34 912 75 22 26","Mo-Fr 08:00-21:00; Sa-Su 08:30-21:00"
"2244","Diagonal Mar","Licensed Store","Spain","Barcelona","Catalonia","08019","Diagonal Mar Shopping Center, Barcelona","[41.41012,2.21603]","+34 935 21 70 91","Mo-Sa 09:00-21:00; Su 11:00-21:00"
"1055670","Barcelona CC San Cugat","Licensed Store","Spain","Sant Cugat del Vallès","Catalonia","08174","Avenida de la Via Augusta, 2,  08174 Sant Cugat del Valles Barcelona, Sant Cugat del Valles","[41.48270,2.05334]","","Mo-Sa 09:00-21:00; Su closed"
"20077","Alicante -Elche Airport T2","Licensed Store","Spain","Torrellano","Valencian Community","03320","AEROPUERTO DE ALICANTE Planta 2, Alicante","[38.28671,-0.55717]","+34 966 29 51 20","Mo-Su 05:00-22:30"
"2224","Reina Sofia","Licensed Store","Spain","Madrid","Community of Madrid","28014","4 Doctor Drumen Street, Madrid","[40.40905,-3.69305]","+34 912 75 24 81","Mo-Su 08:00-21:00"
"2222","Valencia San Vicente Martir","Licensed Store","Spain","Valencia","Valencian Community","46002","C. San Vicente Martir, 45, 46002 Valencia, Valencia","[39.47084,-0.37768]","","Mo-Fr 07:30-22:00; Sa-Su 08:00-22:00"
"2164","Avd Constitucion 36","Licensed Store","Spain","Seville","Andalusia","41001","36 La Constitucion Avenue, Sevilla","[37.38409,-5.99377]","+34 955 57 19 71","Mo-Fr 07:30-22:00; Sa-Su 08:30-22:00"
"2216","Dreams","Licensed Store","Spain","Madrid","Community of Madrid","28043","Palacio del Hielo Shopping Center, Madrid","[40.46306,-3.63761]","+34 912 75 92 56","Mo-Fr 09:30-22:00; Sa-Su 09:00-22:00"
"1055652","Madrid Menendez Pelayo 45","Licensed Store","Spain","Madrid","Community of Madrid","28009","Menendez Pelayo 45 Madrid 28009, Madrid","[40.41734,-3.67816]","","Mo-Su 07:30-22:00"
"2214","La Roca Village","Licensed Store","Spain","Barcelona","Catalunya","08430","La Roca Village Shopping Center, Barcelona","[41.61079,2.34394]","+34 935 21 92 81","Mo-Su 09:00-21:00"
"2168","Xanadu","Licensed Store","Spain","Parque Coimbra","Community of Madrid","28935","Xanadu Shopping Center, Madrid","[40.29943,-3.92745]","+34 912 75 14 33","Mo-Su 09:00-22:00"
"2170","Conde Penalver","Licensed Store","Spain","Madrid","Community of Madrid","28006","Conde Pe alver 10, Madrid","[40.42624,-3.67543]","+34 912 75 61 01","Mo-Th 07:30-22:00; Fr-Sa 08:00-22:30; Su 08:00-22:00"
"1033039","Sevilla Airside","Licensed Store","Spain","Seville","Andalusia","41020","Sevilla, Sevilla","[37.42121,-5.92512]","",""
"2213","Plaza Norte II","Licensed Store","Spain","San Sebastián de los Reyes","Community of Madrid","28703","Plaza Norte 2 Shopping Center, San Sebastian de los Reyes","[40.54114,-3.61446]","+34 912 75 80 57","Mo-Su 09:30-22:00"
"2178","Alcala","Licensed Store","Spain","Madrid","Community of Madrid","28014","1 2 Alcala Street, Madrid","[40.41790,-3.69948]","+34 912 75 81 11","Mo-Fr 07:00-22:00; Sa 08:00-23:00; Su 08:00-22:30"
"2209","Arenal","Licensed Store","Spain","Madrid","Community of Madrid","28013","14 Arenal Street, Madrid","[40.41715,-3.70602]","+34 915 21 29 02","Mo-Th 07:00-22:00; Fr 07:00-22:30; Sa-Su 07:30-22:30"
"2200","Rambla Cataluna","Licensed Store","Spain","Barcelona","Catalonia","08007","10 Rambla Catalunya, Barcelona","[41.38807,2.16809]","+34 933 17 93 21","Mo-Fr 07:30-22:00; Sa-Su 08:00-22:00"
"2179","Principe Pio","Licensed Store","Spain","Madrid","Community of Madrid","28008","Principe Pio Shopping Center, Madrid","[40.42161,-3.71993]","+34 915 42 08 35","Mo-Th 09:00-22:00; Fr 10:00-23:00; Sa 10:00-22:00; Su 11:00-22:00"
"2184","Pelai","Licensed Store","Spain","Barcelona","Catalonia","08001","13 Pelai Street, Barcelona","[41.38577,2.16799]","+34 933 17 58 14","Mo-Fr 07:30-22:00; Sa-Su 08:00-22:00"
"2186","Fuencarral 43","Licensed Store","Spain","Madrid","Community of Madrid","28004","43 Fuencarral Street, Madrid","[40.42305,-3.70071]","+34 912 75 81 02","Mo-Fr 07:30-22:00; Sa-Su 08:00-22:00"
"2187","Laietana 32","Licensed Store","Spain","Barcelona","Catalonia","08003","32 Via Laietana, Barcelona","[41.38507,2.17735]","+34 935 21 91 62","Mo-Fr 07:30-22:00; Sa-Su 08:00-22:00"
"2198","Plaza Espana","Licensed Store","Spain","Madrid","Community of Madrid","28013","Plaza Espana Square, Madrid","[40.42326,-3.71071]","+34 912 75 23 52","Mo-Th 07:30-22:00; Fr-Sa 07:30-23:00; Su 08:00-22:00"
"2188","Gran Via 30","Licensed Store","Spain","Madrid","Community of Madrid","28013","30 Gran Via Street, Madrid","[40.42025,-3.70262]","+34 912 75 81 61","Mo-Th 07:30-22:30; Fr-Su 08:00-23:00"
"8632900","Roquetas de Mar PC Gran Plaza","Licensed Store","Spain","Roquetas de Mar","Andalusia","04740","Ctra. de Alicun, s/n, 04740 Roquetas de Mar, Almeria, Roquetas de Mar","[36.78575,-2.60693]","","Mo-Su 08:30-22:00"
"1050898","Sevilla Fashion Outlet","Licensed Store","Spain","Seville","Andalusia","41300","P Industrial Los Espartales, A4, KM 531, 41300 San Jose de la Rinconada, Sevilla, San Jose de la Rinconada","[37.43937,-5.88542]","","Mo-Sa 10:00-22:00; Su closed"
"8516200","Castellon CC Salera","Licensed Store","Spain","Castellón de la Plana","Valencian Community","12006","Av. Enrique Gimeno, 82,  12006 Castellon de la Plana,  Castellon, Castellon","[39.97926,-0.06091]","","Mo-Sa 09:30-22:00; Su 12:00-21:00"
"1017847","Parque Warner","Licensed Store","Spain","San Martín de la Vega","Community of Madrid","28330","M-301, Km 15.5, San Martin de la Vega, Madrid","[40.23043,-3.59342]","",""
"1050539","Sevilla Martin Villa 7","Licensed Store","Spain","Seville","Andalusia","41003","C Martin Villa 7 41003 Sevilla, Sevilla","[37.39262,-5.99447]","","Mo-Su 07:30-22:00"
"1049328","Benidorm","Licensed Store","Spain","Benidorm","Valencian Community","03503","PLAZA DE LA HISPANIDAD 4 Benidorm, Alicante","[38.53693,-0.12716]","","Mo-Su 08:00-22:00"
"8526200","Porto Pi CC Palma de Mallorca","Licensed Store","Spain","Palma","Balearic Islands","07015","Avenida de Gabriel Roca 54 Ponent 07015 Palma de Mallorca, Palma de Mallorca","[39.55110,2.62179]","","Mo-Th 08:30-21:00; Fr-Sa 08:30-22:00; Su 09:00-21:00"
"2190","Rambla 109 (Canaletes)","Licensed Store","Spain","Barcelona","Catalonia","08002","109 Rambla Canaletas, Barcelona","[41.38364,2.17125]","+34 933 04 35 53","Mo-Fr 07:30-21:00; Sa-Su 08:00-21:00"
"8526000","Aeropuerto Palma de Mallorca","Licensed Store","Spain","Palma","Balearic Islands","07199","Balearic Islands 07611 Palma, Palma de Mallorca","[39.55242,2.74314]","","Mo-Su 05:30-21:00"
"8526100","Almeria CC Torrecardenas","Licensed Store","Spain","Almería","Andalusia","04009","Calle Medico Francisco Perez Company 44, Almeria","[36.86156,-2.43461]","","Mo-Sa 09:30-22:00; Su 12:00-20:00"
"1026365","C.C. Lagoh","Licensed Store","Spain","Seville","Andalusia","41012","Ronda de Circunvalacion, 614, Sevilla","[37.34350,-5.98683]","","Mo-Sa 09:30-22:00; Su 11:30-22:00"
"1044818","Alicante-Elche Departures Land","Licensed Store","Spain","Torrellano","Valencian Community","03320","L Altet Alicante Spain, Alicante","[38.28808,-0.55269]","",""
"8529500","Gijon San Bernardo 70","Licensed Store","Spain","Gijón","Asturias","33201","Calle San Bernardo 70 Gijon 33201, Gijon","[43.53926,-5.66058]","","Mo-Th 08:00-21:00; Fr-Su 08:00-22:00"
"1018287","Preciados 27","Licensed Store","Spain","Madrid","Community of Madrid","28013","27 Preciados Street, Madrid","[40.41953,-3.70628]","","Mo-Fr 07:00-22:00; Sa 07:30-22:30; Su 07:30-22:00"
"8530100","Pamplona Mercaderes 6","Licensed Store","Spain","Pamplona","Navarre","31001","Calle Mercaderes, 6 31001 Pamplona, Navarra, Pamplona","[42.81827,-1.64322]","","Mo-Su 08:00-21:00"
"2182","Av. Constitucion 11","Licensed Store","Spain","Seville","Andalusia","41004","11 la Constitucion Avenue, Sevilla","[37.38680,-5.99409]","+34 954 21 80 05","Mo-Fr 07:30-22:00; Sa-Su 08:00-22:00"
"1044163","Madrid ECI Preciados","Licensed Store","Spain","Madrid","Community of Madrid","28013","Calle de Preciados 3, Madrid","[40.41766,-3.70484]","","Mo-Sa 10:00-22:00; Su 11:00-21:00"
"2177","Concell de Cent","Licensed Store","Spain","Barcelona","Catalonia","08007","343 Concell Cent Street 2, Barcelona","[41.39140,2.16491]","+34 934 87 12 65","Mo-Fr 07:30-22:00; Sa-Su 08:00-22:00"
"2175","Factory","Licensed Store","Spain","San Sebastián de los Reyes","Community of Madrid","28702","The Style Outlets San Sebastian los Reye, Madrid","[40.56757,-3.60943]","+34 9127592012","Mo-Su 09:30-21:00"
"2173","Ronda Sant Pere","Licensed Store","Spain","Barcelona","Catalonia","08010","17 Ronda Sant Pere, Barcelona","[41.38868,2.17194]","+34 935 21 09 82","Mo-Su 08:00-22:00"
"2171","Torrelodones","Licensed Store","Spain","Torrelodones","Community of Madrid","28250","Espacio Torrelodones Shopping Center, Torrelodones","[40.56819,-3.92007]","+34 9183610112","Mo-Th 09:00-21:00; Fr 09:00-21:30; Sa 09:30-21:30; Su 10:00-21:00"
"2159","La Gavia","Licensed Store","Spain","Madrid","Community of Madrid","28051","La Gavia Shopping Center Local B118, Madrid","[40.36899,-3.59852]","+34 912 75 30 26","Mo-Su 10:00-22:00"
"1028003","C.C. Nueva Condomina","Licensed Store","Spain","Churra","Region of Murcia","30110","Autova A-7, Km. 760, Murcia","[38.04085,-1.14901]","","Mo-Fr 10:00-22:00; Sa 09:30-23:00; Su 11:00-21:00"
"1043760","Arona Metropolis Center","Licensed Store","Spain","Arona","Canary Islands","38650","C. Arenas Blancas, 5, 38650 Arona, Santa Cruz de Tenerife, Arona","[28.05860,-16.73381]","","Mo-Su 08:00-21:00"
"2202","Diagonal 640","Licensed Store","Spain","Barcelona","Catalonia","08017","640 Diagonal Avenue, Barcelona","[41.39114,2.13636]","+34 935 21 92 01","Mo-Fr 07:30-21:30; Sa 08:00-22:00; Su 08:00-21:30"
"1043700","Bilbao Pl. Moyua","Licensed Store","Spain","Bilbao","Basque Country","48009","Pl. de Don Federico Moyua, Bilbao, Vizcaya, Bilbao","[43.26265,-2.93512]","","Mo-Su 07:30-22:00"
"1028445","Marbella CC La Canada","Licensed Store","Spain","Marbella","Andalusia","29603","C Ojen S N 29600 Marbella Malaga, Marbella","[36.51292,-4.87884]","","Mo-Sa 09:00-22:00; Su closed"
"1025519","Prague Ujezd","Joint Venture","Czechia","Prague","Prague","118 00","Ujezd 428/34, Prague","[50.08266,14.40462]","+420 702 248 213","Mo-Fr 07:30-19:00; Sa-Su 08:00-19:00"
"1969","Prague, Staromestske Namesti","Joint Venture","Czechia","Prague","Prague","110 00","Staromestske Namesti 26 478, Prague","[50.08654,14.42078]","+420 602 424 154","Mo-Fr 07:00-21:00; Sa-Su 07:00-21:30"
"1011811","Prague, Meteor Krizikova","Joint Venture","Czechia","Prague","Prague","186 00","Thamova 681 32, Prague","[50.09371,14.45179]","+420 727 811 004","Mo-Fr 06:30-21:00; Sa-Su 08:00-20:00"
"1970","Prague, SC Chodov 1","Joint Venture","Czechia","Prague","Prague","148 00","Roztylska 2321/19, Praha","[50.03206,14.49098]","+420 725 881 347","Mo-Fr 07:30-21:30; Sa-Su 08:00-21:30"
"1025053","SC Palac Pardubice","Joint Venture","Czechia","Pardubice","Pardubice Region","530 02","Masarykovo namesti 2799, Pardubice","[50.03805,15.76828]","+420 702 240 559","Mo-Sa 07:00-21:00; Su 08:00-21:00"
"116393","Prague, Centrum Cerny Most","Joint Venture","Czechia","Prague","Prague","198 19","Chlumecka 765 6, Praha","[50.10782,14.58476]","+420 702 201 540","Mo-Fr 07:30-21:00; Sa-Su 08:00-21:00"
"1025349","Prague, SC Flora","Joint Venture","Czechia","Prague","Prague","130 00","Vinohradska 2828 151, Prague","[50.07899,14.46114]","+420 702 242 008","Mo-Fr 07:00-21:00; Sa-Su 08:00-21:00"
"1012098","Prague Novy Smichov","Joint Venture","Czechia","Prague","Prague","150 00","Andel Plzenska 8 Praha 5, Prague","[50.07365,14.40216]","+420 702 167 731","Mo-Fr 07:30-21:30; Sa-Su 08:00-21:00"
"1026923","Prague Quadrio","Joint Venture","Czechia","Prague","Prague","110 00","Spalena 2121/22, Prague","[50.08137,14.42088]","+420 702 200 506","Mo-Fr 07:30-21:00; Sa-Su 08:00-21:00"
"1055057","Ceske Budejovice IGY","Joint Venture","Czechia","České Budějovice","South Bohemian Region","370 04","Prazska tr. 1247/24 370 04 Ceske Budejovice, Ceske Budejovice","[48.98406,14.47262]","+420 724 172 474","Mo-Fr 07:30-21:00; Sa-Su 08:00-21:00"
"1974","Prague, Malostranske Namesti","Joint Venture","Czechia","Prague","Prague","118 00","Malostranske namesti 28 5, Prague","[50.08802,14.40405]","+420 725 562 767","Mo-Fr 07:00-20:30; Sa-Su 08:00-20:30"
"1052330","Prague Kaprova","Joint Venture","Czechia","Prague","Prague","110 00","Kaprova 45 10 Prague 1, Prague","[50.08816,14.41739]","+420 720 821 748","Mo-Fr 07:00-21:00; Sa-Su 08:00-21:00"
"1008201","Brno Vankovka","Joint Venture","Czechia","Brno","South Moravian Region","602 00","Ve Vankovce 1, Brno","[49.18778,16.61464]","+420 702 167 730","Mo-Fr 07:00-21:00; Sa-Su 08:00-20:30"
"1044264","Jihlava Citypark","Joint Venture","Czechia","Jihlava","Vysočina Region","586 01","Hradebni 1 586 01 Jihlava, Jihlava","[49.39252,15.59370]","+420 607 043 060","Mo-Su 08:00-21:00"
"1013475","Prague Fashion Arena","Joint Venture","Czechia","Prague","Prague","102 00","Zamenhofova 440, Praha","[50.07615,14.53935]","+420 702 186 826","Mo-Su 09:00-20:00"
"8829800","Prague Namesti Republiky","Joint Venture","Czechia","Prague","Prague","110 00","Namesti Republiky 1081 7 110 00 Prague 1Stare Mesto, Prague","[50.08890,14.42813]","+420 720 856 930","Mo-Fr 07:00-21:00; Sa-Su 08:00-21:00"
"1005440","Prague, Prazsky Hrad","Joint Venture","Czechia","Prague","Prague","118 00","Hradcanske namesti Kajetanka, Praha","[50.08955,14.39694]","+420 702 200 986","Mo-Su 10:00-20:00"
"1014935","Prague, SC Letnany","Joint Venture","Czechia","Prague","Prague","199 00","Veselska 663, Praha","[50.13569,14.50259]","+420 725 925 436","Mo-Su 07:30-21:00"
"1968","Prague, Palac Archa","Joint Venture","Czechia","Prague","Prague","110 00","Na Por c 24, Praha","[50.08942,14.43366]","+420 602 757 247","Mo-Fr 07:00-21:00; Sa-Su 08:00-20:00"
"1975","Prague, Praha Palladium","Joint Venture","Czechia","Prague","Prague","110 00","Namesti republiky 1, Praha","[50.08918,14.42880]","+420 725 526 644","Mo-Fr 07:30-21:30; Sa-Su 08:00-21:30"
"1016612","Brno Campus","Joint Venture","Czechia","Brno","South Moravian Region","625 00","Netroufalky 770, Brno","[49.17731,16.56676]","+420 606 056 290","Mo-Su 07:00-20:00"
"1019198","Prague, Spalena","Joint Venture","Czechia","Prague","Prague","110 00","Sp len 74 18 110 00 Prague 1, Prague","[50.08106,14.41982]","+420 601 160 165","Mo-Fr 06:30-21:00; Sa-Su 08:00-21:00"
"1023963","Prague AFI Vokovice","Joint Venture","Czechia","Prague","Prague","160 00","Evropska, Prague","[50.09564,14.34820]","+420 722 466 932","Mo-Fr 07:00-20:00; Sa-Su 08:00-19:30"
"1023746","Prague Premium Outlet","Joint Venture","Czechia","Tuchoměřice","Central Bohemian Region","252 67","Ke Kopanine, Prague","[50.12616,14.28080]","+420 722 466 938","Mo-Su 10:00-20:00"
"1976","Prague, Palladium Kiosek","Joint Venture","Czechia","Prague","Prague","110 00","Namesti republiky 1, Praha","[50.08918,14.42871]","+420 702 219 533","Mo-Fr 07:00-21:00; Sa-Su 08:30-21:00"
"1972","Prague, Metropole Zlicin","Joint Venture","Czechia","Prague","Prague","155 00","Revnicka 121 1, Prague","[50.05413,14.28791]","+420 725 836 698","Mo-Su 08:00-21:00"
"1973","Prague, Letiste Vaclava Havla","Joint Venture","Czechia","Prague","Prague","161 00","Aviaticak - terminl sever 1, Praha","[50.10751,14.26778]","+420 725 736 210","Mo-Su 06:30-22:30"
"1027244","Mlada Boleslav Bondy","Joint Venture","Czechia","Mlada Boleslav","Central Bohemian Region","293 01","Tr. Vaclava Klementa 1459, Mlada Boleslav","[50.41987,14.91499]","+420 702 274 857","Mo-Fr 07:30-21:00; Sa-Su 08:00-20:00"
"1055077","Prague_Europark","Joint Venture","Czechia","Prague","Prague","102 00","Nakupni 389 3 Praha Sterboholy, Prague","[50.07231,14.54291]","+420 720 830 119","Mo-Su 08:00-20:30"
"1023924","Prague, Old Town Square - The","Joint Venture","Czechia","Prague","Prague","110 00","Staromestske nam 21 Prague 1, Prague","[50.08692,14.42129]","+420 721 056 770","Mo-Su 07:00-21:30"
"1023962","Kladno Central","Joint Venture","Czechia","Kladno","Central Bohemian Region","272 01","Petra Bezruce 3388, Kladno","[50.14236,14.10282]","+420 722 466 930","Mo-Fr 08:00-20:00; Sa-Su 09:00-20:00"
"1967","Prague, Mustek","Joint Venture","Czechia","Prague","Prague","110 00","V clavsk n mest 40, Praha","[50.08149,14.42667]","+420 725 800 358","Mo-Fr 07:00-21:30; Sa-Su 07:30-21:30"
"1028141","Prague Galerie Harfa","Joint Venture","Czechia","Prague","Prague","190 00","Ceskomoravska 2420 15a, Prague","[50.10431,14.49088]","+420 607 017 406","Mo-Fr 07:00-21:00; Sa-Su 08:00-21:00"
"1052469","Prague Prazsky Hrad 2","Joint Venture","Czechia","Prague","Prague","119 00","Namesti sv Jiri 34 Prague 1 Hradcany, Prague","[50.09123,14.40239]","+420 724 105 200","Mo-Su 09:00-19:30"
"8751900","Prague Vodickova","Joint Venture","Czechia","Prague","Prague","110 00","Vodickova 33 709 110 00 Praha 1, Prague","[50.08155,14.42438]","+420 720 848 715","Mo-Fr 07:00-20:00; Sa-Su 08:00-20:00"
"1026520","Liberec Forum","Joint Venture","Czechia","Liberec","Liberec Region","460 01","Soukenne namesti 669/2a, Liberec","[50.76560,15.05626]","+420 702 263 119","Mo-Su 08:00-20:00"
"1024792","Prague, SC Arkady Pankrac","Joint Venture","Czechia","Prague","Prague","140 00","Na Pankraci 86 140 00 Praha 4, Prague","[50.05111,14.43898]","+420 702 236 822","Mo-Fr 07:00-21:00; Sa-Su 08:00-21:00"
"1028351","Karlovy Vary TGM","Joint Venture","Czechia","Karlovy Vary","Karlovy Vary Region","360 01","Jugoslavska 2 856, Karlovy Vary","[50.22982,12.87013]","+420 607 193 359","Mo-Fr 07:00-20:00; Sa-Su 07:30-20:00"
"1023113","Prague, Jungmannova","Joint Venture","Czechia","Prague","Prague","110 00","Jungmannova, Prague","[50.08257,14.42238]","+420 725 812 343","Mo-Fr 07:00-20:30; Sa 08:00-20:30; Su 09:00-20:00"
"8795200","Prague Savarin","Joint Venture","Czechia","Prague","Prague","110 00","Na Prikope 10 110 00 Prague 1, Prague","[50.08490,14.42505]","+420 720 856 890","Mo-Su 07:00-22:00"
"1020107","Prague, SC Chodov 2","Joint Venture","Czechia","Prague","Prague","148 00","Roztylska 2321 19, Praha","[50.03008,14.49130]","+420 702 174 055","Mo-Fr 07:30-21:00; Sa-Su 08:00-21:00"
"1020211","Hradec Kralove SC Futurum","Joint Venture","Czechia","Hradec Kralove","Hradec Králové Region","500 09","Brnenska 1825 23a, Hradec Kralove","[50.19720,15.84892]","+420 702 174 004","Mo-Su 08:00-21:00"
"89866","Prague, I. P. Pavlova","Joint Venture","Czechia","Prague","Prague","120 00","Jugosl vsk 5, Praha","[50.07562,14.43112]","+420 702 021 698","Mo-Fr 06:00-21:00; Sa-Su 07:00-21:00"
"87435","Ostrava Nova Karolina","Joint Venture","Czechia","Ostrava","Moravian-Silesian Region","702 00","Jantarova 3344 4, Ostrava","[49.83107,18.28600]","+420 702 202 793",""
"19053","Prague Muzeum","Joint Venture","Czechia","Prague","Prague","110 00","V clavsk n mest 57, Praha","[50.08009,14.43001]","+420 725 397 141","Mo-Fr 06:30-21:30; Sa 07:00-21:30; Su 07:30-21:30"
"1053482","Ceske Budejovice Mercury","Joint Venture","Czechia","České Budějovice","South Bohemian Region","370 01","Nadrazni 1759, Ceske Budejovice","[48.97288,14.48749]","+420 724 138 147","Mo-Fr 06:00-21:00; Sa-Su 07:00-21:00"
"1019540","Prague, Karlova 20","Joint Venture","Czechia","Prague","Prague","110 00","Karlova 20 intersec Liliova, Prague","[50.08594,14.41658]","+420 601 160 164","Mo-Su 08:00-20:00"
"1019960","Prague, Waltrovka","Joint Venture","Czechia","Prague","Prague","158 00","Barvitiova 934 2, Praha","[50.05650,14.37303]","+420 702 118 306","Mo-Fr 07:00-19:00; Sa-Su 09:00-17:00"
"1005731","Ostrava Avion","Joint Venture","Czechia","Ostrava","Moravian-Silesian Region","700 30","Rudna 3114 114, Ostrava","[49.80202,18.22796]","+420 724 894 035","Mo-Su 08:00-21:00"
"1010347","Brno Olympia","Joint Venture","Czechia","Modřice","South Moravian Region","664 42","U Dalnice 777, Brno","[49.13812,16.63301]","+420 727 811 026","Mo-Su 09:00-21:00"
"1020783","Chvalovice, Freeport Hate","Joint Venture","Czechia","Chvalovice","South Moravian Region","669 02","Hate 196, Chvalovice","[48.76273,16.06260]","+420 724 384 851","Mo-Su 10:00-20:00"
"1021631","Olomouc Galerie Santovka","Joint Venture","Czechia","Olomouc","Olomouc Region","779 00","Polska, Olomouc","[49.58713,17.25751]","+420 607 017 970","Mo-Su 08:00-21:00"
"1022387","Prague Florenc bus terminal","Joint Venture","Czechia","Prague","Prague","186 00","Krizikova 344 6 Praha 8, Prague","[50.08994,14.44029]","+420 721 974 437","Mo-Su 06:30-20:00"
"1012884","Brno namesti Svobody","Joint Venture","Czechia","Brno","South Moravian Region","602 00","Namesti Svobody 103 5, Brno","[49.19554,16.60827]","+420 727 946 501","Mo-Fr 07:00-21:00; Sa-Su 08:00-21:00"
"1016622","Prague Andel Novy Smichov","Joint Venture","Czechia","Prague","Prague","150 00","Plzenska 8 Praha 5, Prague","[50.07290,14.40205]","+420 720 070 012","Mo-Fr 06:00-22:00; Sa-Su 07:00-22:00"
"1026970","Teplice Galerie","Joint Venture","Czechia","Teplice","Ústí nad Labem Region","415 01","Svobody square 3316, Teplice","[50.63953,13.82403]","+420 702 273 469","Mo-Fr 07:30-21:00; Sa 08:00-20:00; Su 09:00-20:00"
"1048770","Pilsen Plaza","Joint Venture","Czechia","Pilsen","Plzeň Region","301 00","Radcicka 2 301 00 Pilsen, Pilsen","[49.74959,13.36969]","+420 721 820 210","Mo-Fr 08:00-21:00; Sa-Su 09:00-21:00"
"1971","Prague, Homepark Zlicin","Joint Venture","Czechia","Prague","Prague","155 00","Skandinavska 13 145, Praha","[50.04964,14.29760]","+420 725 768 339","Mo-Fr 07:00-21:00; Sa-Su 08:00-21:00"
"8833900","Zlin Zlate jablko","Joint Venture","Czechia","Zlín","Zlín Region","760 01","nam Miru 174 Zlin 760 01, Zlin","[49.22668,17.66911]","+420 720 872 696","Mo-Su 08:00-21:00"
"8844300","Prague Novo Plaza","Joint Venture","Czechia","Prague","Prague","142 00","Novodvorska 1800 136 142 00 Praha 4, Prague","[50.02668,14.43294]","+420 720 872 565","Mo-Fr 07:30-21:00; Sa-Su 08:00-21:00"
"19297","Prague, Dejvicka","Joint Venture","Czechia","Prague","Prague","160 00","V tezn n mest 2, Praha","[50.09961,14.39616]","+420 725 429 402","Mo-Fr 06:00-20:30; Sa-Su 07:30-20:30"
"1020200","Forum Algarve","Licensed Store","Portugal","Faro","Faro District","8005-145","Estrada Nacional N125, km 103, Faro","[37.02874,-7.94517]","","Mo-Su 08:30-23:00"
"19314","Cascais","Licensed Store","Portugal","Alcabideche","Lisbon","2645-543","Cascaishopping, EN 9, loja 0 081, Cascais","[38.73838,-9.40021]","+351 21 114 7615","Mo-Th 08:00-21:30; Fr-Sa 08:00-22:30; Su 08:00-21:30"
"5545","Alegro","Licensed Store","Portugal","Carnaxide","Lisbon","2790","Centro Comercial Alegro EN 117, Carnaxide","[38.72639,-9.24010]","+351 21 114 7600","Mo-Su 09:00-23:00"
"5543","UBBO","Licensed Store","Portugal","Brandoa","Lisbon","2650","Av Cruzeiro Seixas n 5 e 7, Amadora","[38.77912,-9.21968]","+351 21 114 7612","Mo-Th 10:00-23:00; Fr 10:00-24:00; Sa 00:00-00:00,10:00-24:00; Su 00:00-00:00,10:00-23:00"
"1027406","Porto Airport Landside Arrival","Licensed Store","Portugal","Moreira","Porto","4470-558","Francisco S Carneiro Airport, Maia","[41.23740,-8.67119]","",""
"1011965","Lisbon Airport T1 Arrivals","Licensed Store","Portugal","Lisbon","Lisbon","1950-037","Aeroporto Lisboa T1 Chegadas, Lisboa","[38.76271,-9.12954]","","Mo-Su 06:00-23:00"
"1053971","Oporto Inf Dom Afonso Henrique","Licensed Store","Portugal","Porto","Porto District","4000-165","Infante Dom Afonso Henriques 20 Oporto, Oporto","[41.14337,-8.61023]","","Mo-Su 08:30-20:30"
"8925600","Porto NorteShopping","Licensed Store","Portugal","Senhora da Hora","Porto District","4460-841","105 117 Rua Sara Afonso Vila Nova deGaia 4460 841, Porto","[41.18135,-8.65494]","","Mo-Su 10:00-23:00"
"1020810","Free Port Lisboa","Licensed Store","Portugal","Alcochete","Setubal","2890-154","Av.Euro 2004, 2890-154 Alcochete, Lisbon","[38.75233,-8.94039]","","Mo-Su 09:30-22:00"
"1053826","Lisboa Double Tree Hilton","Licensed Store","Portugal","Lisbon","Lisbon","1000-007","R. Eng. Vieira da Silva 2 1050-105 Lisboa Portugal, Lisboa","[38.73129,-9.14391]","","Mo-Fr 07:30-20:30; Sa-Su 08:30-20:30"
"5544","Belem","Licensed Store","Portugal","Lisbon","Lisbon","1300-469","Rua de Bel m n 110, Lisboa","[38.69751,-9.20368]","+351 21 114 7602","Mo-Su 08:00-21:00"
"1028947","Sintra","Licensed Store","Portugal","Sintra","Lisbon","2710","Rua Consiglieri Pedroso 6, Sintra","[38.79624,-9.39146]","","Mo-Su 09:00-18:30"
"1055702","Oporto CC Vila do Conde Outlet","Licensed Store","Portugal","Modivas","Porto","4485","Avenida Fonte Cova 400 4485-592 Vila Do Conde  Portugal, Oporto","[41.30129,-8.70648]","","Mo-Su 10:00-23:00"
"1049318","Cascais Visconde da Luz","Licensed Store","Portugal","Cascais","Lisbon","2750","Jardim Visconde da Luz, Passeio Luis Pinto Coelho 3c, Cascais","[38.69950,-9.42091]","","Mo-Su 08:00-21:00"
"5542","Almada","Licensed Store","Portugal","Almada","Setubal","2810-354","Rua Sergio Malpique, Almada","[38.66069,-9.17716]","+351 21 007 9088","Mo-Th 08:30-23:00; Fr 08:30-23:45; Sa 09:00-23:45; Su 09:00-23:00"
"18932","Rossio","Licensed Store","Portugal","Lisbon","Lisbon","1249-970","Estcao do Rossio, Lisboa","[38.71463,-9.14049]","+351 21 007 9093","Mo-Th 07:00-23:00; Fr 07:00-24:00; Sa 00:00-00:00,07:00-24:00; Su 00:00-00:00,07:00-23:00"
"1005411","Lisbon Airport T1 Airside","Licensed Store","Portugal","Lisbon","Lisbon","1700-008","Aeroporto da Portela Alameda Comunidade, Lisboa","[38.76765,-9.12931]","","Mo-Su 05:00-22:00"
"1023589","Alameda dos Oceanos","Licensed Store","Portugal","Lisbon","Lisbon","1990-207","Alameda dos Oceanos, 1.06.1.1, Lisboa","[38.76994,-9.09598]","","Mo-Fr 07:00-21:00; Sa-Su 08:00-21:00"
"1013887","ECI Gaia","Licensed Store","Portugal","Vila Nova de Gaia","Porto District","4430-999","Avenida da Republica 1435, Vila Nova de Gaia Porto","[41.12555,-8.60438]","+351 935 962 905","Mo-Th 10:00-22:00; Fr-Sa 10:00-23:30; Su 10:00-20:00"
"1020652","Mouzhino Silveira 196","Licensed Store","Portugal","Porto","Porto District","4000","Rua de Mouzinho da Silveira 196, Porto","[41.14391,-8.61276]","","Mo-Su 07:30-20:30"
"1054888","Algarve CC Aqua Portimao","Licensed Store","Portugal","Portimão","Faro District","8500","Rua de Sao Pedro 72 8500 Portimao, Portimao","[37.14699,-8.54272]","","Mo-Su 09:00-23:00"
"1023311","Clerigos","Licensed Store","Portugal","Porto","Porto District","4000","Rua dos Clerigos 73, Porto","[41.14593,-8.61299]","","Mo-Th 08:00-20:00; Fr-Sa 08:00-21:00; Su 08:00-20:00"
"1019547","Mar Shopping Loule","Licensed Store","Portugal","Loulé","Faro District","8100","Caminho dos Eucaliptos 1149 Portugal, Loule","[37.09859,-8.00083]","","Mo-Su 09:00-23:00"
"18887","Chiado","Licensed Store","Portugal","Lisbon","Lisbon","1200-094","Armaz ns do Chiado Rua do Carmo n 2, Lisboa","[38.71103,-9.13959]","+351 21 114 7621","Mo-Su 10:00-22:00"
"1052228","Lisboa Estacion Cais Do Sodre","Licensed Store","Portugal","Lisbon","Lisbon","1200","Estacion Cais Do Sodre 1200-161  Lisboa  Portugal, Lisboa","[38.70590,-9.14437]","","Mo-Fr 07:30-19:00; Sa-Su 08:30-19:00"
"1021795","Santa Cruz - Madeira Airport","Licensed Store","Portugal","Santa Cruz","Madeira","9100-105","Funchal International Airport, Santa Cruz","[32.69440,-16.77600]","","Mo-Su 00:00-00:00,05:00-24:00"
"1008238","El Corte Ingles Lisbon","Licensed Store","Portugal","Lisbon","Lisbon","1050-234","Avenida António Augusto de Aguiar 31, Lisbon","[38.73187,-9.14690]","+351 21 010 1359","Mo-Th 08:30-22:00; Fr-Sa 08:30-23:00; Su 08:30-22:00"
"8505100","Braga Largo de Sao Francisco 1","Licensed Store","Portugal","Braga","Braga","4700-307","Largo de Sao Francisco 13 4700 307 Braga, Braga","[41.55186,-8.42398]","","Mo-Th 08:00-19:00; Fr-Su 08:00-20:30"
"1056181","Algarve Hotel Faro Centro","Licensed Store","Portugal","Faro","Faro District","8000-238","Praca Dom Francisco Gomes 2, 8000 168 Faro Portugal, Faro","[37.01597,-7.93469]","","Mo-Su 08:00-20:00"
"1026263","Rua Santa Justa","Licensed Store","Portugal","Lisbon","Lisbon","1100-052","Rua Santa Justa 79, Lisboa","[38.71253,-9.13857]","","Mo-Su 08:00-20:00"
"1023602","C.C. Peninsula","Licensed Store","Portugal","Porto","Porto District","4050","Praca Bom Sucesso 159, Porto","[41.15653,-8.62994]","","Mo-Sa 09:30-20:00; Su 10:00-20:00"
"1023601","C.C. Mar Shopping","Licensed Store","Portugal","Matosinhos","Porto District","4450","Estr. Monte de Godim 460,, Porto","[41.21028,-8.68746]","","Mo-Su 10:00-23:00"
"1052415","Porto Rua Sa da Bandeira 275","Licensed Store","Portugal","Porto","Porto District","4000-434","Rua Sa da Bandeira 275 Loja 13, Oporto","[41.14870,-8.60808]","","Mo-Th 07:30-21:00; Fr-Sa 07:30-21:30; Su 07:30-21:00"
"1053658","Athens River West","Licensed Store","Greece","Egaleo","Decentralized Administration of Attica","122 41","Leoforos Kifisou 96 98, Aigaleo","[37.98027,23.67867]","+30 21 1012 5559","Mo-Th 08:30-22:00; Fr-Sa 08:30-22:30; Su 09:30-22:00"
"1024730","Athens Airport Departures Leve","Licensed Store","Greece","Spata","Decentralized Administration of Attica","190 04","Athens International Airport, Spata Artemida","[37.93621,23.94698]","",""
"1053879","Spata Designer Outlet Athens","Licensed Store","Greece","Spata","Decentralized Administration of Attica","190 04","Oikodomiko Tetragono Gialou E71, Spata","[37.98577,23.91056]","+30 21 0663 8319","Mo-Fr 09:00-22:00; Sa-Su 09:00-21:30"
"1024955","Corfu Airport Airside Departur","Licensed Store","Greece","Kerkira","Decentralized Administration of Peloponnese, Western Greece and the Ionian","491 00","Corfu International Airport, Kerkira","[39.60694,19.91472]","",""
"1042799","Thessaloniki Airport Airside 1","Licensed Store","Greece","Thessaloniki","Decentralized Administration of Macedonia and Thrace","570 01","Thessaloniki International Airport SKG, Thessaloniki","[40.52042,22.97167]","",""
"1020861","Athens Airport Departures","Licensed Store","Greece","Spata","Decentralized Administration of Attica","190 04","Attiki Odos, Spata Artemida","[37.93628,23.94706]","",""
"1018728","Kerkyra-Corfu","Licensed Store","Greece","Corfu","Decentralized Administration of Peloponnese, Western Greece and the Ionian","491 00","32 Kapodistriou Str, Kerkyra","[39.62319,19.92344]","+30 2661 100390","Mo-Su 08:00-23:00"
"3200","Kifissia","Licensed Store","Greece","Kifisia","Decentralized Administration of Attica","145 62","19 Kassaveti Str, Kifissia","[38.07202,23.81461]","+30 21 0808 3254","Mo-Th 08:00-22:00; Fr 08:00-22:30; Sa 08:30-23:30; Su 08:30-22:00"
"3198","AG.Paraskevi","Licensed Store","Greece","Agia Paraskevi","Decentralized Administration of Attica","153 42","2 4 Iroon Politechniou Str, Aghia Paraskevi","[38.01295,23.81910]","+30 21 0601 9590","Mo-Fr 08:00-22:00; Sa-Su 08:30-22:00"
"3175","Ethn Makariou Street","Licensed Store","Greece","Rhodes","Decentralized Administration of the Aegean","851 00","8 25th March Ave Ethnarhou Makariou, Rhodes","[36.44969,28.22457]","+30 2241 078797","Mo-Su 08:00-23:00"
"1022424","Rhodes Airport Diagoras Airsid","Licensed Store","Greece","Paradisi","Decentralized Administration of the Aegean","851 06","Rhodes International Airport Diagoras, Paradisi","[36.40333,28.09076]","",""
"3229","Ilissia","Licensed Store","Greece","Athens","Decentralized Administration of Attica","115 28","27 Michalakopoulou Alios Str, Athens","[37.97578,23.75222]","+30 21 0721 1077","Mo-Su 07:30-22:00"
"3172","Vrilissia 2","Licensed Store","Greece","Vrilissia","Decentralized Administration of Attica","152 38","112 114Pendelis Street, Athens","[38.04513,23.83766]","+30 21 0803 7292","Mo-Fr 08:00-21:30; Sa-Su 08:30-21:30"
"3197","Ampelokipoi Thon","Licensed Store","Greece","Athens","Decentralized Administration of Attica","115 23","4 Theofanous Str, Athens","[37.98716,23.76058]","+30 21 0645 1563","Mo-Fr 07:30-22:00; Sa-Su 08:30-22:00"
"3226","Heraklion Talos Mall","Licensed Store","Greece","Heraklion","Decentralized Administration of Crete","713 03","Sofokli Benizelou Str., Minoos, Plasgon,, Heraklio Crete","[35.34055,25.11988]","+30 281 031 4620","Mo-Fr 08:30-22:00; Sa-Su 08:30-23:00"
"1028492","Kos International Airport","Licensed Store","Greece","Irakleides","Decentralized Administration of the Aegean","853 02","Kos International Airport, Kos","[36.80184,27.09076]","",""
"3183","Nikis White Tower","Licensed Store","Greece","Thessaloniki","Decentralized Administration of Macedonia and Thrace","546 22","1 D Gounari Str, Thessaloniki","[40.62744,22.94725]","+30 231 027 3307","Mo-Th 08:30-22:30; Fr-Sa 08:30-23:00; Su 08:30-22:30"
"3184","Chania Old Port","Licensed Store","Greece","Chania","Decentralized Administration of Crete","731 32","Zabeliou 2, Crete","[35.51622,24.01789]","+30 2821 083002","Mo-Su 00:00-00:00,07:30-24:00"
"3195","Deree College","Licensed Store","Greece","Agia Paraskevi","Decentralized Administration of Attica","153 42","6 Gravias Street, Aghia Paraskevi","[38.00388,23.83095]","+30 21 0601 9580","Mo 08:00-14:30; Tu-Th 08:00-18:00; Fr 08:00-15:00; Sa-Su closed"
"3234","Golden Hall","Licensed Store","Greece","Marousi","Decentralized Administration of Attica","151 23","37A Kifissias Ave Spyrou Loui, Marousi","[38.03302,23.79456]","+30 21 0682 2311","Mo-Sa 08:30-22:00; Su 10:00-21:00"
"3186","6 Androgeo Street","Licensed Store","Greece","Heraklion","Decentralized Administration of Crete","712 02","6 Androgeo Street, Heraklio Crete","[35.33937,25.13405]","+30 281 024 3736","Mo-Fr 08:30-22:00; Sa 08:00-22:30; Su 09:30-21:30"
"3210","Korai Street","Licensed Store","Greece","Athens","Decentralized Administration of Attica","105 61","4 Korai St, Athens","[37.97981,23.73224]","+30 21 0325 7580","Mo-Fr 07:00-22:00; Sa-Su 08:00-22:00"
"3228","Heraklion 25th August","Licensed Store","Greece","Heraklion","Decentralized Administration of Crete","712 02","42 25th August Street, Heraklion","[35.34141,25.13429]","+30 281 022 5652","Mo-Sa 07:30-23:30; Su 07:30-23:00"
"3209","Passalimani","Licensed Store","Greece","Piraeus","Decentralized Administration of Attica","185 35","160 Grigoriou Labraki Str Bouboulina, Piraeus","[37.93930,23.64847]","+30 21 0429 7707","Mo-Th 08:00-22:00; Fr-Su 08:00-22:30"
"3213","Paleo Faliro","Licensed Store","Greece","Palaio Faliro","Decentralized Administration of Attica","175 61","24 Posidonos Ave 1 Atlantos Str, PFaliro","[37.92794,23.68961]","+30 21 0983 0370","Mo-Fr 07:30-22:30; Sa-Su 08:00-22:30"
"3208","Kato Kifissia","Licensed Store","Greece","Kifisia","Decentralized Administration of Attica","145 64","Ilision 20, KKifissia","[38.09204,23.79685]","+30 21 0800 3880","Mo-Fr 07:00-22:00; Sa-Su 07:30-22:00"
"3204","Chalandri","Licensed Store","Greece","Chalandri","Decentralized Administration of Attica","152 31","Kifisias 236 Lykourgou Str, Chalandri","[38.01493,23.78475]","+30 21 0675 4407","Mo-Su 07:30-22:00"
"1028009","Corfu Airport Departures Airsi","Licensed Store","Greece","Kerkira","Decentralized Administration of Peloponnese, Western Greece and the Ionian","491 00","Corfu International Airport, Corfu","[39.60865,19.91282]","",""
"1025327","Syntagma Square","Licensed Store","Greece","Athens","Decentralized Administration of Attica","105 63","Syntagma Square Karagiorgi Servias, Athens","[37.97612,23.73382]","+30 21 1013 1290","Mo-Su 06:00-23:00"
"1043763","AthensAirportNonSchengenDepart","Licensed Store","Greece","Acharnes","Decentralized Administration of Attica","136 75","Attiki Odos, Spata","[38.06769,23.72766]","",""
"1028146","Thessaloniki International Air","Licensed Store","Greece","Thessaloniki","Decentralized Administration of Macedonia and Thrace","551 03","Thessaloniki International Airport, Thessaloniki","[40.52174,22.97144]","",""
"18915","Aristotelous Square","Licensed Store","Greece","Thessaloniki","Decentralized Administration of Macedonia and Thrace","546 24","Nikis 11 Aristotelous, Thessaloniki","[40.63234,22.94007]","+30 231 026 3470","Mo-Th 08:30-22:30; Fr-Sa 08:30-23:00; Su 08:30-22:30"
"8597600","Thessaloniki Mediterranean Cos","Licensed Store","Greece","Πυλαία","Decentralized Administration of Macedonia and Thrace","570 01","11th km National Road Thessaloniki 57001, N. Moudania, Thessaloniki","[40.55597,22.99335]","","Mo-Su 09:00-22:30"
"1042739","The Mall of Athens","Licensed Store","Greece","Marousi","Decentralized Administration of Attica","151 22","Andrea Papandreou 35, Athens","[38.04461,23.79024]","+30 21 0630 0124","Mo-Fr 09:00-23:00; Sa 09:00-23:30; Su 10:00-22:00"
"3217","N. Smyni","Licensed Store","Greece","Nea Smyrni","Decentralized Administration of Attica","171 21","El Venizelou Str 27 25th Martiou Str, Athens","[37.94654,23.71513]","+30 21 0933 9730","Mo-Fr 07:00-21:30; Sa-Su 07:30-21:30"
"1011079","Glyfada","Licensed Store","Greece","Glyfada","Decentralized Administration of Attica","166 74","1, Giannitsopoulou Str. & 55, Kyprou Str, Glyfada","[37.86171,23.75488]","+30 21 0968 0740","Mo-Th 07:30-22:30; Fr 07:30-23:00; Sa-Su 08:00-23:00"
"3220","Glyfada Lampraki","Licensed Store","Greece","Glyfada","Decentralized Administration of Attica","166 75","Grigoriou Labraki 41 Lazaraki Str, Glyfada","[37.86150,23.75127]","+30 21 0894 3530","Mo-Su 07:30-22:30"
"20080","Monastiraki","Licensed Store","Greece","Athens","Decentralized Administration of Attica","105 56","80 Mitropoleos St Aiolou, Athens","[37.97610,23.72747]","+30 21 0322 4963","Mo-Fr 07:30-23:00; Sa-Su 08:00-23:30"
"1053581","PL-Lodz Sukcesja","Joint Venture","Poland","Łódź","Łódź Voivodeship","91","Aleja Politechniki 1, Lodz","[51.75022,19.44837]","",""
"68393","Warszawa, Aleje Jerozolimskie","Joint Venture","Poland","Warsaw","Masovian Voivodeship","03","Al Jerozolimskie 63, Warszawa","[52.22862,21.00551]","+48 71 386 16 07","Mo-Th 06:30-21:30; Fr 06:30-22:00; Sa 07:00-22:00; Su 07:00-21:30"
"68276","Gdynia, Swietojanska","Joint Venture","Poland","Gdynia","Pomeranian Voivodeship","81-372","ul Armii Krajowej 28 1, Gdynia","[54.51786,18.54127]","+48 71 386 15 13","Mo-Fr 06:30-21:00; Sa-Su 07:00-21:00"
"68291","Szczecin, Kaskada","Joint Venture","Poland","Szczecin","West Pomeranian Voivodeship","71","ul Niepodleglosci 36, Szczecin","[53.42779,14.55115]","+48 71 386 15 54","Mo-Sa 08:15-21:00; Su 11:15-18:00"
"68287","Warszawa Emilii Plater 53","Joint Venture","Poland","Warsaw","Masovian Voivodeship","03","ul Emilii Plater 53, Warszawa","[52.23383,21.00199]","+48 71 386 13 89","Mo-Su 07:00-22:00"
"1018943","Gdansk, Dluga","Joint Venture","Poland","Gdańsk","Pomeranian Voivodeship","80-378","ul Dluga 64 65, Gdansk","[54.34925,18.65049]","","Mo-Su 07:00-21:00"
"1018944","Warsaw, Westfield Arkadia","Joint Venture","Poland","Warsaw","Masovian Voivodeship","03","Al Jana Pawla II 82, Warsaw","[52.25649,20.98416]","+48 71 386 12 69","Mo-Th 08:00-22:00; Fr-Sa 08:00-22:30; Su 08:00-21:30"
"1056172","Wroclaw Pokoyhoff","Joint Venture","Poland","Wrocław","Lower Silesian Voivodeship","51","Swietego Antoniego 2 4, Wroclaw","[51.10870,17.02669]","+48 509 662 982","Mo-Fr 07:00-22:00; Sa-Su 08:00-22:00"
"1020606","Gdansk, Galeria Baltycka II","Joint Venture","Poland","Gdańsk","Pomeranian Voivodeship","80-265","aleja Grunwaldzka 141, Gdansk","[54.38276,18.59922]","+48 519 191 694","Mo-Sa 07:30-21:00; Su 08:30-20:00"
"1020910","Gdansk, Alchemia","Joint Venture","Poland","Gdańsk","Pomeranian Voivodeship","80-309","Al Grunwaldzka 415, Gdansk","[54.40080,18.57487]","","Mo-Fr 06:30-20:00; Sa 08:00-18:00; Su 09:00-18:00"
"1023411","Warsaw, Promenada II","Joint Venture","Poland","Warsaw","Masovian Voivodeship","03","Ostrobramska 75, Warsaw","[52.23390,21.10602]","","Mo-Th 08:30-21:00; Fr-Sa 08:30-21:30; Su 08:30-21:00"
"1023989","Warsaw, Museum Powstania","Joint Venture","Poland","Warsaw","Masovian Voivodeship","03","Przyokopowa 35, Warsaw","[52.23241,20.97920]","+48 71 386 21 47","Mo-Su 07:00-21:00"
"5499","Wroclaw, Grunwaldzki Center","Joint Venture","Poland","Wrocław","Lower Silesian Voivodeship","51","Plac Grunwaldzki 23, Wroclaw","[51.11162,17.06201]","+48 519 191 432","Mo-Fr 06:30-21:00; Sa-Su 08:00-21:00"
"90100","Szczecin, Brama Portowa","Joint Venture","Poland","Szczecin","West Pomeranian Voivodeship","71","ul Wyszynskiego 1, Szczecin","[53.42529,14.55185]","+48 71 386 19 14","Mo-Th 06:30-20:30; Fr-Sa 06:30-21:00; Su 06:30-20:30"
"69878","Bielany Wroclawskie, Czekolado","Joint Venture","Poland","Bielany Wrocławskie","Lower Silesian Voivodeship","55","ul Czekoladowa 14A, Bielany Wroclawskie","[51.04674,16.95781]","+48 519 191 674","Mo-Sa 07:00-21:00; Su 08:00-21:00"
"1027194","Poznan Polwiejska","Joint Venture","Poland","Poznań","Greater Poland Voivodeship","62","Polwiejska 2, Poznan","[52.40454,16.93041]","","Mo-Sa 06:30-21:30; Su 07:00-21:30"
"1027201","Zielona Gora Focus","Joint Venture","Poland","Zielona Góra","Lubusz Voivodeship","66","Wroclawska 17, Zielona Gra","[51.93511,15.51153]","","Mo-Th 08:15-21:00; Fr-Sa 08:15-21:30; Su 09:00-20:30"
"1044735","Rzeszow, Galeria","Joint Venture","Poland","Rzeszów","Podkarpackie Voivodeship","36","ul. Jozefa Pilsudskiego 44, 35-001 Rzeszow, Rzeszow","[50.04204,21.99794]","","Mo-Sa 08:00-21:00; Su 09:00-21:00"
"8696700","Krakow, Galicyjska Designer Ou","Joint Venture","Poland","Kraków","Lesser Poland Voivodeship","30","Galicyjska 16, Krakow","[50.05972,20.00556]","","Mo-Sa 08:00-21:00; Su 09:30-17:00"
"1054223","Szczecin Rondo Hakena","Joint Venture","Poland","Szczecin","West Pomeranian Voivodeship","71","Poludniowa 18, Szczecin","[53.39358,14.50145]","","Mo-Sa 07:30-21:00; Su 07:30-20:30"
"1015300","Sadyba","Joint Venture","Poland","Warsaw","Masovian Voivodeship","03","ul. Powsinska 31, Warsaw","[52.18745,21.06108]","","Mo-Th 08:00-21:00; Fr-Sa 08:00-21:30; Su 09:00-20:00"
"1015730","Lodz, Manufaktura","Joint Venture","Poland","Łódź","Łódź Voivodeship","91","ul Drewnowska 58, Lodz","[51.78002,19.44865]","","Mo-Th 07:30-22:00; Fr-Sa 07:30-23:00; Su 08:00-21:00"
"1015731","Katowice, Libero","Joint Venture","Poland","Katowice","Silesian Voivodeship","40","ul Kosciuszki 229, Katowice","[50.22372,18.98753]","","Mo-Sa 08:30-21:00; Su 11:00-18:00"
"1016122","Poznan, Posnania","Joint Venture","Poland","Poznań","Greater Poland Voivodeship","62","uL Pleszewska 1, Poznan","[52.39608,16.95402]","","Mo-Fr 07:00-22:15; Sa 07:30-22:00; Su 09:00-21:00"
"1016121","Posnania 2","Joint Venture","Poland","Poznań","Greater Poland Voivodeship","62","ul. Pleszewska 1, Poznan, 61-136, Poznan","[52.39646,16.95395]","","Mo-Sa 08:30-22:00; Su closed"
"1016640","Warsaw, Wilanow","Joint Venture","Poland","Warsaw","Masovian Voivodeship","03","Aleja Rzeczypospolitej 23, Warsaw","[52.16454,21.06923]","+48 71 386 13 48","Mo-Fr 07:15-21:00; Sa-Su 08:00-21:00"
"1017061","Krakow, Krupnicza","Joint Venture","Poland","Kraków","Lesser Poland Voivodeship","30","Krupnicza 10, Krakow","[50.06339,19.93077]","+48 71 386 19 55","Mo-Th 07:00-20:00; Fr 07:00-21:30; Sa-Su 07:00-20:00"
"1054432","Avenida IS","Joint Venture","Poland","Poznań","Greater Poland Voivodeship","62","Matyi 2, Poznan","[52.40216,16.91399]","","Mo-Sa 09:00-21:00; Su 09:00-20:00"
"1008205","Wroclaw, PKP","Joint Venture","Poland","Wrocław","Lower Silesian Voivodeship","51","ul Jozefa Pilsudskiego 58 1b, Wroclaw","[51.09898,17.03664]","+48 519 193 129","Mo-Th 05:00-22:00; Fr-Su 05:00-23:00"
"1005829","Katowice, Galeria Katowicka","Joint Venture","Poland","Katowice","Silesian Voivodeship","40","ul 3 maja 30, Katowice","[50.25938,19.01768]","+48 71 386 19 56","Mo-Sa 07:30-21:00; Su 09:00-20:00"
"94814","Gdansk, Grunwaldzka OBC","Joint Venture","Poland","Gdańsk","Pomeranian Voivodeship","80-309","al Grunwaldzka 472, Gdansk","[54.40281,18.57208]","+48 71 386 18 04","Mo-Fr 06:30-21:00; Sa-Su 07:00-21:00"
"1019551","Warsaw, Galeria Polnocna","Joint Venture","Poland","Warsaw","Masovian Voivodeship","03","Swiatowida, Warsaw","[52.31697,20.96733]","","Mo-Sa 08:30-22:00; Su 09:00-20:00"
"91816","Poznan, Plaza","Joint Venture","Poland","Poznań","Greater Poland Voivodeship","62","ul Druzbickiego 2, Poznan","[52.44145,16.91909]","+48 71 386 15 79","Mo-Sa 08:30-21:00; Su 11:00-20:00"
"1049143","Wroclaw, Fashion Outlet","Joint Venture","Poland","Wrocław","Lower Silesian Voivodeship","51","ul Graniczna 2, Wroclaw","[51.10727,16.94734]","+48 571 420 684","Mo-Sa 08:00-21:30; Su 09:00-20:00"
"1049047","Torun Plaza","Joint Venture","Poland","Toruń","Kuyavian-Pomeranian Voivodeship","87","Broniewskiego 90, Torun","[53.01512,18.56153]","","Mo-Sa 08:30-21:30; Su 10:00-20:30"
"1051911","Lubin Cuprum Arena","Joint Venture","Poland","Lubin","Lower Silesian Voivodeship","59","Sikorskiego 20, Lubin","[51.39398,16.20581]","","Mo-Sa 08:00-21:00; Su 10:00-20:00"
"1027632","Gdansk, Rajska","Joint Venture","Poland","Gdańsk","Pomeranian Voivodeship","80-850","Rajska 8, Gdansk","[54.35552,18.64986]","","Mo-Su 06:30-21:00"
"1011652","Krakow, Rynek 27","Joint Venture","Poland","Kraków","Lesser Poland Voivodeship","30","Rynek 27, Krakow","[50.06172,19.93541]","+48 519 191 617","Mo-Su 06:15-23:30"
"1017992","Krakow, Palac Wolodkowiczow","Joint Venture","Poland","Kraków","Lesser Poland Voivodeship","30","Lubicz 4, Krakow","[50.06515,19.94590]","","Mo-Su 05:45-21:30"
"1021783","Warsaw, Villa Metro","Joint Venture","Poland","Warsaw","Masovian Voivodeship","03","Pulawska 145B, Warszawa","[52.18090,21.02379]","","Mo-Fr 06:00-22:00; Sa-Su 06:30-22:00"
"1028319","Lodz, Piotrkowska 155","Joint Venture","Poland","Łódź","Łódź Voivodeship","91","Piotrkowska 155, Lodz","[51.75980,19.45787]","","Mo-Fr 06:30-23:00; Sa-Su 07:30-23:00"
"1017426","Warsaw, Norway House","Joint Venture","Poland","Warsaw","Masovian Voivodeship","03","ul Lwowska 19, Warsaw","[52.22271,21.01242]","","Mo-Sa 07:00-21:00; Su 08:00-21:00"
"1016895","Warsaw, Targowek","Joint Venture","Poland","Warsaw","Masovian Voivodeship","03","ul Glebocka 15, Warsaw","[52.30342,21.05784]","+48 71 386 17 56","Mo-Sa 08:00-21:00; Su 09:30-19:00"
"1019492","Bydgoszcz, Zielone Arkady","Joint Venture","Poland","Bydgoszcz","Kuyavian-Pomeranian Voivodeship","89","Wojska Polskiego 1, Bydgoszcz","[53.11595,18.01086]","+48 71 386 22 10","Mo-Sa 08:15-21:00; Su 10:00-20:00"
"8576800","Lublin Felicity","Joint Venture","Poland","Lublin","Lublin Voivodeship","20","al Wincentego Witosa 32, Lublin","[51.23275,22.61538]","","Mo-Sa 08:00-21:00; Su 08:00-20:00"
"18960","Poznan, Stary Browar","Joint Venture","Poland","Poznań","Greater Poland Voivodeship","62","ul Polwiejska 42, Poznan","[52.40245,16.92559]","+48 71 386 19 23","Mo-Sa 06:30-21:30; Su 07:30-21:30"
"1056114","San Park Mysiadlo","Joint Venture","Poland","Warsaw","Masovian Voivodeship","03","ul Pulawska 56D 05 500 Mysiadlo, Mysiadlo","[52.14467,21.02176]","","Mo-Fr 08:00-21:00; Sa 08:00-22:00; Su 09:30-20:00"
"92620","Katowice PKP","Joint Venture","Poland","Katowice","Silesian Voivodeship","40","Plac Szewczyka 1, Katowice","[50.25846,19.01675]","+48 71 386 19 02","Mo-Sa 05:00-21:00; Su 06:00-21:00"
"1053751","Gliwice_Forum","Joint Venture","Poland","Gliwice","Silesian Voivodeship","44","ul Lipowa 1 44 100 Gliwice, Gliwice","[50.30024,18.68281]","","Mo-Sa 08:00-21:00; Su 10:00-20:00"
"1016502","Poznan, King Cross","Joint Venture","Poland","Poznań","Greater Poland Voivodeship","62","Bukowska 156, Poznan","[52.41081,16.86167]","","Mo-Sa 08:15-21:15; Su 10:00-20:00"
"1051315","Bydgoszcz Focus","Joint Venture","Poland","Bydgoszcz","Kuyavian-Pomeranian Voivodeship","89","Jagielonska 39, Bydgoszcz","[53.12415,18.01669]","","Mo-Sa 08:15-21:00; Su 09:30-20:00"
"1051350","Warsaw, Rondo Daszynskiego","Joint Venture","Poland","Warsaw","Masovian Voivodeship","03","Rondo Daszynskiego 1, Warsaw","[52.22999,20.98598]","","Mo-Fr 07:00-20:30; Sa-Su 07:30-20:30"
"65769","Wroclaw, Magnolia","Joint Venture","Poland","Wrocław","Lower Silesian Voivodeship","51","ul Legnicka 58, Wroclaw","[51.11902,16.98921]","+48 519 191 609","Mo-Th 08:00-21:00; Fr-Sa 08:00-21:30; Su 11:00-18:00"
"65773","Krakow, Galeria Krakowska, Lev","Joint Venture","Poland","Kraków","Lesser Poland Voivodeship","30","ul Pawia 5, Krakow","[50.06700,19.94552]","+48 571 407 464","Mo-Fr 05:30-22:00; Sa 06:00-22:00; Su 06:30-21:00"
"8875900","Szczecin Outlet Park","Joint Venture","Poland","Szczecin","West Pomeranian Voivodeship","71","Andrzeja Struga 46, Szczecin","[53.38221,14.66944]","","Mo-Sa 08:30-22:00; Su 09:00-21:00"
"1054806","Lublin Krakowskie Przedmiescie","Joint Venture","Poland","Lublin","Lublin Voivodeship","20","Krakowskie Przedmiescie 12, Lublin","[51.24746,22.56434]","","Mo-Su 07:00-22:00"
"1011950","Krakow, Bonarka","Joint Venture","Poland","Kraków","Lesser Poland Voivodeship","30","ul Kamienskiego 11, Krakow","[50.02871,19.94921]","+48 71 386 14 79","Mo-Th 07:30-21:00; Fr-Sa 07:30-21:30; Su 08:30-20:00"
"1011973","Sopot Plaza","Joint Venture","Poland","Sopot","Pomeranian Voivodeship","81-718","Aleja Franciszka Mamuszki, Sopot","[54.44731,18.56658]","","Mo-Su 07:30-21:00"
"19242","Krakow, Galeria Krakowska 1st","Joint Venture","Poland","Kraków","Lesser Poland Voivodeship","30","ul Pawia 5, Krakow","[50.06700,19.94561]","+48 519 191 734","Mo-Sa 08:30-22:00; Su 09:30-21:00"
"1020199","Krakow, Serenada","Joint Venture","Poland","Kraków","Lesser Poland Voivodeship","30","Aleja Bora Komorowskiego, Krakow","[50.08750,19.98727]","","Mo-Sa 09:15-21:00; Su closed"
"1052713","Torun Stary Rynek","Joint Venture","Poland","Toruń","Kuyavian-Pomeranian Voivodeship","87","Stary Rynek 30, Torun","[53.01379,18.59844]","","Mo-Sa 07:45-21:00; Su 08:00-21:00"
"20129","Gdansk, Manhattan","Joint Venture","Poland","Gdańsk","Pomeranian Voivodeship","80-244","al Grunwaldzka 82, Gdansk","[54.37772,18.60798]","+48 71 386 18 76","Mo-Sa 06:30-21:00; Su 07:30-20:00"
"19335","Warsaw, Zebra","Joint Venture","Poland","Warsaw","Masovian Voivodeship","03","ul Mokotowska 1, Warszawa","[52.21812,21.01665]","+48 71 386 15 58","Mo-Fr 06:30-21:00; Sa-Su 08:30-20:30"
"1020384","Szczecin, Galaxy Centrum 2","Joint Venture","Poland","Szczecin","West Pomeranian Voivodeship","71","Al Wyzwolenia 18 20, Szczecin","[53.43398,14.55616]","","Mo-Sa 09:00-21:00; Su closed"
"1011992","Szczecin, Galaxy Centrum","Joint Venture","Poland","Szczecin","West Pomeranian Voivodeship","71","Al Wyzwolenia 18 20, Szczecin","[53.43115,14.55426]","+48 71 386 18 64","Mo-Sa 08:00-21:00; Su 10:00-20:00"
"113304","Warsaw, Wilenska","Joint Venture","Poland","Warsaw","Masovian Voivodeship","03","Targowa 72, Warszawa","[52.26039,21.04656]","+48 71 386 19 15","Mo-Sa 06:00-21:00; Su 07:30-21:00"
"1015828","Wroclaw, Galeria Dominikanska","Joint Venture","Poland","Wrocław","Lower Silesian Voivodeship","51","plac Dominikanski 3, Wroclaw","[51.10832,17.04040]","+48 505 904 836","Mo-Sa 08:00-21:00; Su 10:00-20:00"
"89011","Poznan PKP","Joint Venture","Poland","Poznań","Greater Poland Voivodeship","62","ul Dworcowa, Poznan","[52.40372,16.91229]","+48 71 386 18 42","Mo-Th 04:30-23:00; Fr-Sa 04:30-23:30; Su 04:30-23:00"
"114046","Poznan, Pasaz MM","Joint Venture","Poland","Poznań","Greater Poland Voivodeship","62","ul Sw Marcin 24, Poznan","[52.40634,16.92816]","+48 71 386 18 52","Mo-Th 06:45-21:00; Fr 06:45-21:30; Sa-Su 07:30-21:30"
"1018365","Krakow, Florianska","Joint Venture","Poland","Kraków","Lesser Poland Voivodeship","30","ul Florianska 17, Krakow","[50.06297,19.93996]","+48 71 386 17 80","Mo-Su 06:00-22:30"
"1018355","Poznan, Kaponiera","Joint Venture","Poland","Poznań","Greater Poland Voivodeship","62","ul Roosevelta 22, Poznan","[52.42355,16.92692]","+48 71 386 20 99","Mo-Sa 06:00-22:00; Su 07:00-22:00"
"5502","Warsaw, Nowy Swiat","Joint Venture","Poland","Warsaw","Masovian Voivodeship","03","ul Nowy Swiat 62, Warszawa","[52.23639,21.01839]","+48 71 386 19 53","Mo-Fr 06:30-22:00; Sa-Su 07:00-22:00"
"5501","Warsaw, Gruba Kaska","Joint Venture","Poland","Warsaw","Masovian Voivodeship","03","al Solidarnosci 68 a, Warszawa","[52.24546,21.00169]","+48 71 386 19 93","Mo-Fr 06:45-21:00; Sa-Su 07:30-21:00"
"5500","Warsaw, Zodiak","Joint Venture","Poland","Warsaw","Masovian Voivodeship","03","ul Widok 26, Warszawa","[52.23093,21.01242]","+48 71 386 16 87","Mo-Su 06:30-22:00"
"89005","Warszawa PKP","Joint Venture","Poland","Warsaw","Masovian Voivodeship","03","Al Jerozolimskie 54, Warszawa","[52.22844,21.00077]","+48 71 386 18 32","Mo-Th 04:45-23:00; Fr-Su 04:45-23:30"
"88967","Wroclaw, Sky Tower","Joint Venture","Poland","Wrocław","Lower Silesian Voivodeship","51","ul Powstanc w Slaskich 95, Wroclaw","[51.09398,17.01985]","+48 519 191 826","Mo-Sa 07:00-21:00; Su 09:00-20:00"
"8841300","Gorzow Askana Mall ILM","Joint Venture","Poland","Gorzów Wielkopolski","Lubusz Voivodeship","66","Konstytucji 3 Maja 102, Gorzow","[52.73147,15.22643]","","Mo-Sa 00:00-16:00; Su closed"
"89386","Katowice, Silesia City Center","Joint Venture","Poland","Katowice","Silesian Voivodeship","40","ul Chorzowska 107, Katowice","[50.27231,18.99130]","+48 71 386 18 06","Mo-Sa 08:30-21:00; Su 10:00-19:00"
"89067","Wroclaw, Olawska","Joint Venture","Poland","Wrocław","Lower Silesian Voivodeship","51","ul Olawska 1 1, Wroclaw","[51.10885,17.03334]","+48 519 191 807","Mo-Sa 07:00-22:00; Su 08:00-22:00"
"1005730","Warsaw, Galeria Mokotow","Joint Venture","Poland","Warsaw","Masovian Voivodeship","03","ul Woloska 12, Warszawa","[52.17976,21.00424]","+48 71 386 19 37","Mo-Sa 08:00-22:00; Su 09:00-21:00"
"8724100","Bielsko Biala , Mostowa, ILM","Joint Venture","Poland","Bielsko-Biala","Silesian Voivodeship","43","Bielsko Biala Mostowa 5, Bielsko-Biala","[49.82730,19.04971]","","Mo-Sa 08:30-21:00; Su 09:30-20:00"
"8723700","Warsaw Galeria Mlociny","Joint Venture","Poland","Warsaw","Masovian Voivodeship","03","ul Zgrupowania AK Kampinos 15 01 943Warszawa, Warsaw","[52.29469,20.93047]","","Mo-Sa 08:30-22:00; Su 09:00-21:00"
"8672100","Rzeszow, Millenium Hall, Tall","Joint Venture","Poland","Rzeszów","Podkarpackie Voivodeship","36","Aleja Majora Waclawa Kopisto 1, Rzeszow","[50.02803,22.01426]","","Mo-Sa 09:00-21:00; Su 11:00-20:00"
"8671900","Gorzow Askana ILM","Joint Venture","Poland","Gorzów Wielkopolski","Lubusz Voivodeship","66","Konstytucji 3 Maja 102, Gorzow Wielkopolski","[52.73147,15.22643]","","Mo-Sa 08:00-20:30; Su 11:00-17:30"
"1020196","Wroclaw, Wroclavia","Joint Venture","Poland","Wrocław","Lower Silesian Voivodeship","51","ul Sucha 1 Wroclaw 5 086, Wroclaw","[51.09650,17.03461]","+48 572 508 783","Mo-Fr 07:00-21:00; Sa 08:00-21:00; Su 09:00-21:00"
"8669900","Warszawa Dworzec Zachodni","Joint Venture","Poland","Warsaw","Masovian Voivodeship","03","Aleje Jerozolimskie 142, Warszawa","[52.21916,20.96595]","","Mo-Su 05:00-23:00"
"1022542","Janki, Centrum Handlowe","Joint Venture","Poland","Janki","Masovian Voivodeship","05-090","Mszczonowska 3, Janki","[52.13550,20.88952]","","Mo-Sa 08:15-21:30; Su 10:15-20:00"
"8663400","Kalisz.Gornoslaska","Joint Venture","Poland","Kalisz","Greater Poland Voivodeship","62-800","Gornoslaska 82, Kalisz","[51.74353,18.07007]","","Mo-Sa 08:15-21:15; Su 09:45-20:15"
"8616000","0001-PL-TAL-Lodz Galeria Lodzk","Joint Venture","Poland","Łódź","Łódź Voivodeship","91","Pilsudskiego 15 23, Lodz","[51.75910,19.46522]","+48 512 423 741","Mo-Sa 08:30-21:00; Su closed"
"8604400","Kielce_Korona_ILM","Joint Venture","Poland","Kielce","Świętokrzyskie Voivodeship","25","Warszawska 26, Kielce","[50.87577,20.63582]","","Mo-Sa 09:00-21:00; Su 10:00-20:00"
"1021563","Gdansk Radunia","Joint Venture","Poland","Gdańsk","Pomeranian Voivodeship","80-806","Targ Sienny Targ Rakowy, Gdansk","[54.34919,18.64380]","","Mo-Sa 08:00-21:30; Su 09:00-21:00"
"1006166","Gdynia, Riviera","Joint Venture","Poland","Gdynia","Pomeranian Voivodeship","81-304","ul Kazimierza Gorskiego 2, Gdynia","[54.50219,18.53260]","+48 71 386 16 74","Mo-Sa 10:00-21:00; Su 10:00-20:00"
"8539000","Nowy Sacz, Galeria 3 Korony","Joint Venture","Poland","Nowy Sącz","Lesser Poland Voivodeship","33","Lwowska 80, Nowy Sacz","[49.62372,20.70682]","","Mo-Sa 08:30-21:00; Su 10:00-20:00"
"1006940","Wroclaw, Coffee Square","Joint Venture","Poland","Wrocław","Lower Silesian Voivodeship","51","ul Jozefa Pitsudskiego 58 1b, Wroclaw","[51.10148,17.02966]","+48 519 193 009","Mo-Sa 06:30-21:30; Su 07:30-21:30"
"1055373","Warsaw ElektrowniaPowisle","Joint Venture","Poland","Warsaw","Masovian Voivodeship","03","ul Zajecza 2 00 351 Warszawa, Warsaw","[52.23992,21.02886]","","Mo-Su 07:00-22:00"
"1055268","Radom Galeria Sloneczna","Joint Venture","Poland","Radom","Masovian Voivodeship","26","ul Boleslawa Chrobrego 1, Radom","[51.40624,21.15521]","","Mo-Sa 09:00-21:00; Su 10:00-20:00"
"1050629","Constanta, City Park Mall","Licensed Store","Romania","Constanța","Constanța","900419","no 116c Lapusneanu street Constanta, Constanta","[44.20380,28.63233]","","Mo-Su 10:00-22:00"
"1023807","Baia Mare Vivo","Licensed Store","Romania","Baia Mare","Maramureș","","73 Victoriei St, Baia Mare","[47.65661,23.54718]","","Mo-Su 08:00-22:00"
"1009207","Costanta, Maritimo Mall","Licensed Store","Romania","Constanța","Constanța","900498","220 Aurel Vlaicu Bd, Constanta","[44.19934,28.60888]","","Mo-Su 08:00-22:00"
"1023317","Bucharest, Campus","Licensed Store","Romania","Bucharest","Bucharest","061344","6G Iuliu Maniu Bouleverd, Bucharest","[44.43489,26.05392]","","Mo-Fr 07:30-21:00; Sa-Su 09:00-18:00"
"1020739","Bucuresti Militari Drive Thru","Licensed Store","Romania","Bucharest","Bucharest","061129","536-560 Iuliu Maniu Boulevard, District 6, Bucharest","[44.43592,25.98420]","","Mo-Su 07:00-22:00"
"1020724","Aushopping Drumul Taberei Mall","Licensed Store","Romania","Bucharest","Bucharest","061444","No.25 Brasov Street, District 6, Bucharest","[44.41713,26.03575]","","Mo-Su 08:00-22:00"
"1020720","Bucharest Lipscani","Licensed Store","Romania","Bucharest","Bucharest","030167","Lipscani no 71, Bucharest","[44.43199,26.10275]","","Mo-Su 08:00-21:00"
"1020439","Galati Shopping City Mall","Licensed Store","Romania","Galați","Galați","800552","251 George Cosbuc Boulevard, Galati","[45.45254,28.03184]","","Mo-Su 08:00-22:00"
"1019933","Sibiu Piata Mare","Licensed Store","Romania","Sibiu","Sibiu","550185","16, Piata Mare Str., Sibiu","[45.79737,24.15259]","","Mo-Su 08:00-21:00"
"1016310","Bucharest, Park Lake Mall","Licensed Store","Romania","Bucharest","Bucharest","031783","str. Liviu Rebreanu nr. 4 Park Lake Plaza Bucharest Mall, Bucharest","[44.42049,26.15019]","","Mo-Su 08:00-22:00"
"1048886","AFI Arad","Licensed Store","Romania","Arad","Arad","","14 Calea Aurel Vlaicu, Arad","[46.19066,21.31768]","","Mo-Su 08:00-22:00"
"1014645","Timisoara Shopping City","Licensed Store","Romania","Timișoara","Timiș","300425","Timisoara Shopping City Calea Sagului, Timisoara","[45.72570,21.20257]","","Mo-Su 08:00-22:00"
"1053282","Bucharest Charles de Gaulle","Licensed Store","Romania","Bucharest","Bucharest","011886","Piata Charles de Gaulle nr 15, sect 1, Bucuresti, parter Charles de Gaulle Plaza, Bucharest","[44.46517,26.08708]","","Mo-Fr 07:00-20:00; Sa-Su 08:00-20:00"
"1053347","Braila Mall","Licensed Store","Romania","Vărsătura","Brăila","817026","No4B, Main street, Varsatura, Braila County, Romania, Braila","[45.23037,27.93803]","","Mo-Su 08:00-22:00"
"1053878","Ramnicu Valcea Shopping City","Licensed Store","Romania","Râmnicu Vâlcea","Vâlcea County","","no 38 Ferdinand Street Ramnicu Valcea, Ramnicu Valcea","[45.11138,24.38299]","","Mo-Su 08:00-22:00"
"1011872","Bucharest, Pipera Plaza","Licensed Store","Romania","Voluntari","Ilfov County","077190","Voluntari 14 Bucureti Nord Ilfov Coun, Bucharest","[44.49760,26.16330]","","Mo-Fr 07:30-20:00; Sa-Su 08:00-20:00"
"1056034","Iasi Mall Moldova","Licensed Store","Romania","Iași","Iași County","","121 Soseaua Pacurari Iasi Romania, Iasi","[47.17071,27.51321]","",""
"19277","Bucharest, Sun Plaza Mall","Licensed Store","Romania","Bucharest","Bucharest","","Soseaua Oltenitei 83C, Bucharest","[44.39359,26.12143]","","Mo-Su 08:00-22:00"
"1011177","Iasi City Garden","Licensed Store","Romania","Iași","Iași County","700051","Iasi 5D Palas Street, Iasi City","[47.15564,27.58874]","","Mo-Su 08:00-22:00"
"1017693","Craiova Electroputere Parc","Licensed Store","Romania","Craiova","Dolj County","207280","Craiova, 80 Calea Bucuresti, Dolj County, Craiova","[44.31296,23.83348]","","Mo-Su 08:00-22:00"
"5564","Bucharest, Baneasa Mall","Licensed Store","Romania","Bucharest","Bucharest","077190","Sos Bucuresti Ploiesti nr 42D, Bucharest","[44.50619,26.08901]","","Mo-Su 10:00-22:00"
"1017305","Bucharest, Cotroceni Mall","Licensed Store","Romania","Bucharest","Bucharest","061344","Bulevard Bd Vasile Milea nr 4 General Vas, Bucharest","[44.43172,26.05357]","","Mo-Su 08:00-22:00"
"1023054","Bucharest, Pipera Metro St","Licensed Store","Romania","Bucharest","Bucharest","020337","9 Dimitrie Pompeiu Boulevard, Bucharest","[44.48103,26.11800]","","Mo-Fr 07:00-18:00; Sa-Su closed"
"1028144","AFI Brasov","Licensed Store","Romania","Brașov","Brașov","500009","Blv 15 Noiembrie nr 78, Brasov","[45.64830,25.60818]","","Mo-Su 08:00-22:00"
"1026644","Timisoara Iulius Mall","Licensed Store","Romania","Timișoara","Timiș","300088","Str A Demetriade nr 1, Timisoara","[45.76563,21.22990]","","Mo-Su 08:00-22:00"
"5566","Bucharest, Plaza Romania Mall","Licensed Store","Romania","Bucharest","Bucharest","061331","26 B dul Timisoara, Bucharest","[44.42914,26.03507]","","Mo-Su 08:00-22:00"
"1028142","Targu Mures Shopping City","Licensed Store","Romania","Târgu Mureș","Mureş","540000","Blv 1 Decembrie 1918 nr 242, Targu Mures","[46.53085,24.59397]","","Mo-Su 08:00-22:00"
"1011803","Brasov, Coresi Mall","Licensed Store","Romania","Brașov","Brașov","500146","Str Zaharia Stancu nr 1 Coresi Mall, Brasov","[45.67319,25.61302]","","Mo-Su 08:00-22:00"
"1054174","Pitesti Arges Mall","Licensed Store","Romania","Pitești","Argeș","110186","Strada Tudor Vladimirescu, numarul 1a 110046 Pitesti, Pitesti","[44.84469,24.89439]","","Mo-Su 08:00-22:00"
"1021351","Bucharest, Victoriei Square","Licensed Store","Romania","Bucharest","Bucharest","010073","155 Bl D1 Calea Victoriei District 1, Bucharest","[44.45148,26.08516]","","Mo-Fr 08:00-21:00; Sa-Su 09:00-20:00"
"1006284","Bucharest, Promenada Floreasca","Licensed Store","Romania","Bucharest","Bucharest","014476","Calea Floreasca, Bucharest","[44.47882,26.10259]","","Mo-Su 08:00-22:00"
"1020979","Bucharest Orhideea","Licensed Store","Romania","Bucharest","Bucharest","060025","Splaiul Independentei 210 210 B Dist 6, Bucharest","[44.44552,26.06241]","","Mo-Su 07:30-21:30"
"5563","America House","Licensed Store","Romania","Bucharest","Bucharest","","Bd. Nicolae Titulescu, nr.4-8 cladirea America House, Bucharest","[44.45234,26.08456]","",""
"1010441","Bucharest, Strip Mall","Licensed Store","Romania","Voluntari","Ilfov County","077190","Erou Iancu Nicolae nr 67, Bucharest","[44.51395,26.12692]","","Mo-Su 07:30-21:00"
"1023145","Bucharest, Day Tower","Licensed Store","Romania","Bucharest","Bucharest","030833","37A Unirii Boulevard, Bucharest","[44.42686,26.11150]","","Mo-Su 08:00-20:00"
"8583000","Bucharest Romana Square","Licensed Store","Romania","Bucharest","Bucharest","030167","no.2, Cihoschi street, Bucharest, District 1, Bucharest","[44.44699,26.09787]","",""
"1015367","Constanta City Park Mall","Licensed Store","Romania","Constanța","Constanța","900419","Constanta City Park Alexandru Lapusneanu, Constanta","[44.20298,28.63109]","","Mo-Su 08:00-22:00"
"1044272","Constanta City Center","Licensed Store","Romania","Constanța","Constanța","900178","Tomis BV No 108, Constranta","[44.18273,28.64778]","","Mo-Su 08:00-22:00"
"1054622","Poiesti Winmarkt","Licensed Store","Romania","Ploiești","Prahova","100009","17-25 Republicii Boulevard, Ploiesti, Prahova County, Ploiesti","[44.94135,26.02086]","",""
"1009687","Bucharest, Hanul Manuc","Licensed Store","Romania","Bucharest","Bucharest","030167","Str Franceza No 62 64 Sector 3, Bucharest","[44.42932,26.10184]","","Mo-Su 08:00-21:00"
"5561","Cluj, Iulius Mall","Licensed Store","Romania","Cluj-Napoca","Cluj County","400394","Str Al Vaida Voievod nr 53 55, Cluj-Napoca","[46.77179,23.62568]","","Mo-Su 08:00-22:00"
"1026855","Cluj Napoca Platinia Mall","Licensed Store","Romania","Cluj-Napoca","Cluj County","400535","Calea Manastur 2 6, Cluj-Napoca","[46.76310,23.57183]","","Mo-Su 08:00-22:00"
"1021874","Pitesti Trivale Shopping Centr","Licensed Store","Romania","Pitești","Argeș","110017","12 Victoriei, Str., Pitesti","[44.85736,24.87347]","","Mo-Su 08:00-22:00"
"1027272","Bucharest, Gara de Nord","Licensed Store","Romania","Bucharest","Bucharest","010737","Piata Gara de Nord 1 3, Bucharest","[44.44717,26.07681]","","Mo-Su 06:30-21:00"
"1027980","Piata Universitatii","Licensed Store","Romania","Bucharest","Bucharest","030167","Bulevardul Regina Elisabeta 3, Bucharest","[44.43492,26.10173]","","Mo-Su 08:00-21:00"
"1024644","Suceava Iulius Mall","Licensed Store","Romania","Suceava","Suceava County","","2-22,Calea Unirii, Suceava","[47.65877,26.27095]","","Mo-Su 08:30-22:00"
"1011176","Iasi City Octagon","Licensed Store","Romania","Iași","Iași County","700259","Iasi 5D Palas Street, Iasi City","[47.15806,27.58897]","","Mo-Su 08:00-22:00"
"1011288","Bucharest, Upground","Licensed Store","Romania","Bucharest","Bucharest","077190","Sos Fabrica de Glucoza, Nr. 9B Fabrica de Glucoza Road, 2nd District, Bucharest","[44.47842,26.11494]","","Mo-Fr 08:00-16:00; Sa-Su closed"
"19418","Bucharest Mall","Licensed Store","Romania","Bucharest","Bucharest","031281","Calea Vitan nr 55 59, Bucharest","[44.42080,26.12522]","","Mo-Su 08:00-22:00"
"8508800","Bucharest Vulcan Value Centre","Licensed Store","Romania","Bucharest","Bucharest","050784","Mihail Sebastian nr 88B, Bucharest","[44.41821,26.07341]","",""
"8508900","Bacau Arena Mall","Licensed Store","Romania","Bacău","Bacău County","607316","no 28 Stefan cel Mare Street Bacau600360 Romania, Bacau","[46.58031,26.91527]","",""
"1015972","Craiova Mercur Center","Licensed Store","Romania","Craiova","Dolj County","200419","Craiova, Calea Unirii 14, Craiova","[44.31749,23.79436]","","Mo-Su 08:00-22:00"
"1016373","Cluj Polus Center","Licensed Store","Romania","Florești","Cluj County","407280","Floresti, Avram Iancu, 492-500, Cluj","[46.75148,23.53372]","","Mo-Su 09:00-22:00"
"1016467","Bucharest, Veranda Mall","Licensed Store","Romania","Bucharest","Bucharest","020695","23rd Ziduri Mosi Street 2nd Dist, Bucharest","[44.45015,26.11783]","","Mo-Su 08:00-22:00"
"1016485","Bucharest, AFI Cotroceni 2","Licensed Store","Romania","Bucharest","Bucharest","061344","Bucharest, Boulevard Vasile Milea, no 4, Bucharest","[44.43008,26.04946]","","Mo-Su 09:00-22:00"
"1016488","AFI Ploiesti","Licensed Store","Romania","Ploiești","Prahova","100176","Ploiesti, Calomfirescu Street, no 2, Ploiesti","[44.94709,26.03245]","","Mo-Su 08:00-22:00"
"1016890","Timisoara Piata Victoriei","Licensed Store","Romania","Timișoara","Timiș","050104","Marasesti Street no 1 3, Timisoara","[45.75411,21.22550]","","Mo-Su 07:30-22:00"
"1027174","Bucharest, Mega Mall","Licensed Store","Romania","Bucharest","Bucharest","021901","No 3 5 Blvd Pierre de Coubertin, Bucharest","[44.44193,26.15159]","","Mo-Su 09:00-22:00"
"1021474","Bucharest, Baneasa 2 Feeria","Licensed Store","Romania","Bucharest","Bucharest","077190","44A Bucuresti Ploiesti Road, Bucharest","[44.51022,26.08645]","","Mo-Su 08:00-22:00"
"1018723","Oradea Lotus Mall","Licensed Store","Romania","Oradea","Bihor County","410583","30 Nufarului Street, Oradea","[47.03588,21.94893]","","Mo-Su 08:00-22:00"
"1019243","Ploiesti Shopping City Mall","Licensed Store","Romania","Blejoi","Prahova","107070","Blejoi Prahova, Ploiesti","[44.96627,25.97274]","","Mo-Su 08:00-22:00"
"1019549","Brasov Piata Sfatului-","Licensed Store","Romania","Brașov","Brașov","500025","18 No, Brasov Piata Sfatului, Brasov","[45.64156,25.58853]","","Mo-Su 07:30-22:00"
"1026600","Sibiu Promenada","Licensed Store","Romania","Sibiu","Sibiu","557260","Strada Lector 1 3, Sibiu","[45.79742,24.16305]","","Mo-Fr 08:00-22:00; Sa-Su 09:00-22:00"
"1026998","Iasi Iulius Mall","Licensed Store","Romania","Iași","Iași County","700305","Blvd Tudor Vladimirescu, Iasi","[47.15471,27.60611]","","Mo-Su 08:00-22:00"
"1023118","Leiderdorp - Shell Bospoort","Licensed Store","Netherlands","Oud Ade","South Holland","2353 ZW","Rijksweg A4 nr 2, Leiderdorp","[52.16303,4.55472]","","Mo-Fr 06:30-19:00; Sa-Su 08:00-20:00"
"1018677","Rotterdam - Shell - Stadionweg","Licensed Store","Netherlands","Rotterdam","South Holland","3078 HV","Stadionweg 48, Rotterdam","[51.89457,4.53079]","","Mo-Fr 06:00-20:30; Sa-Su 08:00-20:30"
"1044051","Tilburg EmmaPassage","Licensed Store","Netherlands","Tilburg","North Brabant","5038 AN","Paleisring 27 29 5038 WD Tilburg NL, Tilburg","[51.55568,5.08851]","","Mo 12:30-17:30; Tu-We 10:00-17:30; Th 10:00-20:00; Fr-Sa 10:00-17:30; Su 11:00-18:00"
"1016878","Rijsenhout - Shell Den Ruygenh","Licensed Store","Netherlands","Rijsenhout","North Holland","2153 PD","Rijksweg A4 nr 4, Hoofddorp","[52.26023,4.68538]","","Mo-Fr 06:00-21:00; Sa 07:00-21:00; Su 08:00-21:00"
"1021116","Breukelen - Shell Ruwiel A2","Licensed Store","Netherlands","Breukelen","Utrecht","3621","Rijksweg A2 Oostzijde, Breukelen","[52.18350,4.98778]","","Mo-Fr 06:00-20:00; Sa-Su 07:00-20:00"
"1024199","Den Haag Holland Spoor (HS) -","Licensed Store","Netherlands","The Hague","South Holland","2515 BW","Stationsplein 42, Den Haag","[52.07006,4.32194]","","Mo-Fr 07:30-19:00; Sa 09:00-19:00; Su 09:00-18:00"
"1013059","Rotterdam Shell Hofplein","Licensed Store","Netherlands","Rotterdam","South Holland","3032 AL","Schiekade 988, Rotterdam","[51.92580,4.47751]","","Mo-Fr 08:00-18:00; Sa-Su closed"
"1031300","Bleiswijk Prisma","Licensed Store","Netherlands","Bleiswijk","South Holland","2665","Jadestraat, Bleiswijk","[52.04142,4.54033]","","Mo-Th 07:30-22:30; Fr-Sa 07:30-23:00; Su 07:30-22:30"
"1005560","Amsterdam Amstelveen Mall","Licensed Store","Netherlands","Amstelveen","North Holland","1181 ZA","Binnenhof 7c, Amstelveen","[52.30278,4.86224]","","Mo-We 08:00-18:00; Th 08:00-21:00; Fr-Sa 08:00-18:00; Su 10:00-18:00"
"1053699","Rotterdam Airport Airside","Licensed Store","Netherlands","Rotterdam","South Holland","3045 AP","Rotterdam Airportplein 60, Rotterdam","[51.94906,4.43392]","",""
"1024604","Amsterdam Rokin","Licensed Store","Netherlands","Amsterdam","North Holland","1012 KW","Rokin, Amsterdam","[52.37031,4.89215]","","Mo-Th 07:30-21:00; Fr-Sa 07:30-22:00; Su 08:00-21:00"
"1028286","Amersfoort Foodcourt Wiekenweg","Licensed Store","Netherlands","Amersfoort","Utrecht","3815 KL","Wiekenweg, Amersfoort","[52.16296,5.42317]","","Mo-Su 09:00-20:00"
"1016849","Rijswijk - Shell Vrijenbansela","Licensed Store","Netherlands","Rijswijk","South Holland","2289 AL","Vrijenlandsebaan 15, Rijswijk","[52.03491,4.34903]","","Mo-Fr 07:30-19:00; Sa 08:00-19:00; Su 09:00-19:00"
"5230","Schiphol Airport Plaza","Licensed Store","Netherlands","Schiphol","North Holland","1118 AP","Postbus 75041, Schiphol","[52.31071,4.76037]","","Mo-Su 06:30-21:00"
"1029188","Eindhoven Hermanus Boexstraat","Licensed Store","Netherlands","Eindhoven","North Brabant","5611 AJ","Hermanus Boexstraat, Eindhoven","[51.44109,5.47776]","","Mo-Th 07:00-20:00; Fr 07:00-21:30; Sa 08:30-21:30; Su 09:00-20:00"
"1023569","Breda - Shell Hazeldonk West (","Licensed Store","Netherlands","Breda","North Brabant","4836 LZ","Hazeldonk 5002, Breda","[51.49990,4.74153]","","Mo-Su 06:00-18:00"
"5229","Schiphol Airport Arrivals 4","Licensed Store","Netherlands","Schiphol","North Holland","1118 BB","Postbus 75041, Schiphol","[52.31070,4.75833]","","Mo-Su 07:00-21:30"
"1017442","Roermond - Outlet SC (Noord)","Licensed Store","Netherlands","Roermond","Limburg","6041 TC","Stadsweide 2 Unit A0 17, Roermond","[51.20067,5.98762]","","Mo-Su 10:00-18:00"
"1017361","Roermond - Outlet SC (Zuid)","Licensed Store","Netherlands","Roermond","Limburg","6041 TD","Stadsweide 100 Unit R00 033, Roermond","[51.19901,5.98792]","","Mo-Su 10:00-18:00"
"1017439","Apeldoorn - Shell Lange Amerik","Licensed Store","Netherlands","Apeldoorn","Gelderland","7332 BR","Lange Amerikaweg 66, Apeldoorn","[52.17888,5.98359]","","Mo-Fr 07:30-22:00; Sa-Su 09:30-22:30"
"1014486","Schiphol Airport -The Pavilion","Licensed Store","Netherlands","Schiphol","North Holland","1118","Schiphol Lounge 2 Airside Postbus 75041, Schipol","[52.30655,4.75379]","","Mo-Su 06:00-21:00"
"1007620","The Hague Grote Marktstraat","Licensed Store","Netherlands","The Hague","South Holland","2511 BJ","Grote Marktstraat, Den Haag","[52.07688,4.31264]","","Mo-We 07:00-21:00; Th-Sa 07:00-22:00; Su 08:00-21:00"
"1032364","Starbucks Nieuwegein","Licensed Store","Netherlands","Nieuwegein","Utrecht","3431 LH","Plein 1, Nieuwegein","[52.02886,5.08246]","","Mo 12:00-17:00; Tu-Th 10:00-17:00; Fr 10:00-20:00; Sa-Su 10:00-17:00"
"1044721","Groningen Herestraat 1","Licensed Store","Netherlands","Groningen","Groningen","9711 LA","Herestraat 1, 9711 LA Groningen, Paises Bajos, Groningen","[53.21791,6.56658]","","Mo-We 08:30-18:30; Th 08:30-20:30; Fr 08:30-18:30; Sa 08:30-20:30; Su 08:30-18:30"
"1022929","Albron Erasmus medical centre","Licensed Store","Netherlands","Rotterdam","South Holland","3015 CP","Zimmermanweg, Rotterdam","[51.91126,4.46769]","","Mo-Fr 07:00-18:00; Sa 10:00-17:00; Su 12:00-17:00"
"1024202","Starbucks Utrecht Jaarbeurszij","Licensed Store","Netherlands","Utrecht","Utrecht","3511 CE","Stationstraverse 3, Utrecht","[52.08918,5.10860]","","Mo-We 06:30-21:00; Th-Fr 06:30-22:00; Sa 07:00-22:00; Su 08:00-22:00"
"1051646","Capelle aan den IJssel SC Kope","Licensed Store","Netherlands","Capelle aan den IJssel","South Holland","2903 AA","Koperwiek 85, 2903 AD Capelle aan den IJssel, Paises Bajos, Capelle aan den IJssel","[51.93074,4.58925]","","Mo-Th 08:30-18:00; Fr 08:30-21:00; Sa 08:30-18:00; Su 12:00-18:00"
"1024182","Amsterdam Midden Tunnel","Licensed Store","Netherlands","Amsterdam","North Holland","1012 AB","Starbucks West Tunnel  Stationsplein 37D Amsterdam., Amsterdam","[52.37895,4.90017]","","Mo-Su 00:00-01:00,05:00-24:00"
"1028082","Amsterdam Amstel Station 2","Licensed Store","Netherlands","Amsterdam","North Holland","1097 JT","Julianaplein 1, Amsterdam","[52.34697,4.91784]","",""
"1024187","Den Haag Centraal Station","Licensed Store","Netherlands","The Hague","South Holland","2595 AA","Koningin Julianaplein 10 15, Den Haag","[52.08115,4.32324]","","Mo-We 06:30-21:00; Th-Fr 06:30-22:00; Sa 07:00-22:00; Su 08:00-22:00"
"1024203","Delft Station -","Licensed Store","Netherlands","Delft","South Holland","2611 DX","Stationsplein 13, Delft","[52.00776,4.35630]","","Mo-Fr 08:00-18:00; Sa 09:00-17:00; Su 10:00-17:00"
"1009288","Schiphol Airport - The Base","Licensed Store","Netherlands","Schiphol","North Holland","1118 CL","Evert van de Beekstraat Schiphol Centrum, Schiphol","[52.30575,4.75296]","",""
"1048705","Purmerend Baanstee (N244)","Licensed Store","Netherlands","Purmerend","North Holland","1446 AR","Visserijweg, Purmerend","[52.51358,5.01438]","","Mo-Fr 07:30-21:00; Sa-Su 10:00-21:00"
"1024204","Eindhoven Central Station -","Licensed Store","Netherlands","Eindhoven","North Brabant","5611 AD","Neckerspoel Stationsplein 22 17, Eindhoven","[51.44332,5.47919]","","Mo-Fr 06:30-21:00; Sa 07:00-21:00; Su 08:00-21:00"
"1024196","Den Bosch Centraal Station -","Licensed Store","Netherlands","'s-Hertogenbosch","North Brabant","5211 BP","Stationsplein 151, s-Hertogenbosch","[51.69062,5.29456]","","Mo-We 06:30-20:00; Th-Fr 06:30-21:00; Sa-Su 08:00-21:00"
"1024200","Breda Central Station -","Licensed Store","Netherlands","Breda","North Brabant","4811 BN","Gravinnen van Nassauboulevard 27, Breda","[51.59607,4.77972]","","Mo-Fr 07:30-19:00; Sa-Su 10:00-17:30"
"1007720","Breukelen - Shell Haarrijn","Licensed Store","Netherlands","Breukelen","Utrecht","3621","Rijksweg A2 E35 WZ nr 2, Breukelen","[52.14250,4.99917]","","Mo-Fr 06:00-20:00; Sa-Su 07:00-20:00"
"8670700","Maastricht Grotestaat","Licensed Store","Netherlands","Maastricht","Limburg","6211 EM","15 Grote Staat, Maastricht","[50.84967,5.69179]","","Mo-We 07:30-19:30; Th-Su 07:30-21:30"
"1007035","Amsterdam Ferdinand Bolstraat","Licensed Store","Netherlands","Amsterdam","North Holland","1072 VT","21580 Ferdinand Bolstraat, Amsterdam","[52.35538,4.89062]","","Mo-Fr 07:30-18:30; Sa 08:30-18:30; Su 09:00-17:30"
"1024201","Amsterdam Central Station - IJ","Licensed Store","Netherlands","Amsterdam","North Holland","1012 AA","De Ruijterkade 38B, Amsterdam","[52.37991,4.90053]","","Mo-Su 08:00-19:00"
"1024206","Tilburg Station","Licensed Store","Netherlands","Tilburg","North Brabant","5038 CA","Tilburg CS, Tilburg","[51.56046,5.08383]","","Mo-Fr 09:00-16:00; Sa-Su 10:00-17:00"
"1024189","Arnhem Centraal Station -","Licensed Store","Netherlands","Arnhem","Gelderland","6811 KL","Stationsplein 151 B, Arnhem","[51.98452,5.90095]","","Mo-We 07:00-21:00; Th-Sa 07:00-22:00; Su 08:00-22:00"
"1024207","Eindhoven Airport Airside -","Licensed Store","Netherlands","Eindhoven","North Brabant","5657 EA","Luchthavenweg 25, Eindhoven","[51.45870,5.39168]","","Mo-Su 10:00-16:00"
"1024224","Arnhem - Shell De Schaars (A12","Licensed Store","Netherlands","Arnhem","Gelderland","6816 SL","A12Utrecht, Arnhem","[52.02434,5.87998]","","Mo-Fr 06:30-19:00; Sa 07:00-19:00; Su 08:00-19:00"
"20162","Amsterdam Leidsestraat","Licensed Store","Netherlands","Amsterdam","North Holland","1017 NZ","Leidsestraat 101, Amsterdam","[52.36453,4.88357]","+31 20 624 1592","Mo-Th 07:00-20:30; Fr-Sa 07:00-22:00; Su 07:00-20:30"
"1005304","Utrecht Hollandse Toren","Licensed Store","Netherlands","Utrecht","Utrecht","3511 BN","Hollandse Toren 97, Utrecht","[52.09262,5.11460]","","Mo-We 07:30-19:30; Th 07:30-20:30; Fr 07:30-19:30; Sa 07:30-20:30; Su 08:30-19:30"
"1005305","Schiphol Airport Lounge 1","Licensed Store","Netherlands","Schiphol","North Holland","1118 BN","Postbus 75041, Schiphol","[52.30655,4.75397]","",""
"1018025","Reeuwijk - Shell De Andel","Licensed Store","Netherlands","Gouda","South Holland","2804 VW","Rijksweg A12 ZZ, Reeuwijk","[52.03957,4.70526]","","Mo-Fr 06:00-20:00; Sa 07:00-20:00; Su 08:00-20:00"
"1019596","Utrecht Hoog Catharijne","Licensed Store","Netherlands","Utrecht","Utrecht","3511 WD","Catharijne Esplanade 11 3511WK, Utrecht","[52.09180,5.11370]","","Mo-Fr 07:30-20:30; Sa 08:30-20:30; Su 09:00-19:30"
"1031671","Zwolle station","Licensed Store","Netherlands","Zwolle","Overijssel","8011 CW","16 Stationsplein, Zwolle","[52.50556,6.09064]","",""
"89132","De Meern (A12)","Licensed Store","Netherlands","Utrecht","Utrecht","3454 HP","Meerndijk 59, De Meern","[52.07143,5.02874]","","Mo-Su 08:00-20:00"
"1024179","Amsterdam Sloterdijk","Licensed Store","Netherlands","Amsterdam","North Holland","1043 DT","Orlyplein 103, Amsterdam","[52.38929,4.83750]","","Mo-Fr 07:00-21:00; Sa-Su 08:00-21:00"
"1024180","Starbucks Utrecht CS N10a","Licensed Store","Netherlands","Utrecht","Utrecht","3511 CE","Stationshal 8B, Utrecht","[52.08932,5.10862]","","Mo-Su 06:00-22:00"
"1024190","Rotterdam CS - 1 Tunnel -","Licensed Store","Netherlands","Rotterdam","South Holland","3013 AJ","Stationsplein 10, Rotterdam","[51.92407,4.46939]","","Mo-Fr 07:00-20:00; Sa 08:00-20:00; Su 08:30-20:00"
"1024181","Leiden Centraal - Main Entranc","Licensed Store","Netherlands","Leiden","South Holland","2312 AJ","Stationsplein 3e, Leiden","[52.16595,4.48260]","","Mo-We 06:30-20:00; Th-Fr 06:30-21:00; Sa 07:00-20:00; Su 08:00-20:00"
"1024184","Hilversum Starbucks","Licensed Store","Netherlands","Hilversum","North Holland","1211 EX","HILVERSUM STATION STATIONSPLEIN 14 1211EX, Hilversum","[52.22665,5.18105]","","Mo-Fr 07:00-19:00; Sa-Su 09:30-17:00"
"1024185","Groningen Centraal Station","Licensed Store","Netherlands","Groningen","Groningen","9726 AE","Stationsplein 3, Groningen","[53.21094,6.56459]","","Mo-Sa 07:00-21:00; Su 09:00-20:00"
"18721","Schiphol Airport T2D Airside","Licensed Store","Netherlands","Schiphol","North Holland","1118 AP","Postbus 75041, Schiphol","[52.30881,4.76911]","","Mo-Su 06:30-13:30"
"1024186","Amsterdam Bijlmer Station","Licensed Store","Netherlands","Amsterdam","North Holland","1101 DS","Arena Boulevard 618, Amsterdam","[52.31228,4.94762]","","Mo-Fr 08:00-19:00; Sa 09:00-19:00; Su 09:00-17:00"
"1024188","Nijmegen Centraal Station -","Licensed Store","Netherlands","Nijmegen","Gelderland","6512 AA","Stationsplein 5a, Nijmegen","[51.84349,5.85290]","","Mo-We 07:30-19:00; Th-Sa 07:30-20:00; Su 08:00-20:00"
"1024191","Amsterdam Centraal - Track 2B","Licensed Store","Netherlands","Amsterdam","North Holland","1012 AB","Stationsplein 15, Amsterdam","[52.37892,4.89950]","",""
"1013656","Shell Zuidpunt Rijksweg A16","Licensed Store","Netherlands","Dordrecht","South Holland","3316 EJ","Rijksweg A16, Dordrecht","[51.73533,4.63244]","","Mo-Fr 06:00-20:00; Sa 07:00-20:00; Su 08:00-20:00"
"1016772","Harmelen - Shell Den Hellevlie","Licensed Store","Netherlands","Harmelen","Utrecht","3481","Rijksweg A12 1, Harmelen","[52.08119,4.98424]","","Mo-Th 06:00-17:30; Fr 06:00-18:30; Sa 07:30-18:30; Su 09:00-18:30"
"1024192","Amsterdam Zuid Station -","Licensed Store","Netherlands","Amsterdam","North Holland","1077 XV","Zuidplein 11, Amsterdam","[52.33962,4.87310]","","Mo-Fr 07:00-19:00; Sa 09:00-19:00; Su 09:00-18:00"
"1024193","Amersfoort CS -","Licensed Store","Netherlands","Amersfoort","Utrecht","3818 LE","Stationsplein 85, Amersfoort","[52.15334,5.37300]","","Mo-Fr 07:30-19:00; Sa 08:00-18:00; Su 08:30-18:00"
"1024197","Rotterdam CS - 2 Hal -","Licensed Store","Netherlands","Rotterdam","South Holland","3013 AJ","Stationsplein 4, Rotterdam","[51.92536,4.46878]","","Mo-Sa 06:00-22:00; Su 07:30-22:00"
"1024198","Haarlem CS","Licensed Store","Netherlands","Haarlem","North Holland","2011 LR","Stationsplein 11, Haarlem","[52.38783,4.63838]","","Mo-Fr 07:30-18:00; Sa 08:00-18:00; Su 09:00-18:00"
"1009695","Shell Station Promenade","Licensed Store","Netherlands","The Hague","South Holland","2585 JZ","Professor B M Teldersweg 4, Den Haag","[52.09649,4.28646]","","Mo-Fr 07:00-19:30; Sa 08:30-19:30; Su 09:30-19:30"
"1020655","Rotterdam Alexandrium","Licensed Store","Netherlands","Rotterdam","South Holland","3067 KZ","Poolsterstraat 114, Rotterdam","[51.94867,4.55455]","","Mo-Th 08:30-18:30; Fr 08:30-21:00; Sa 08:00-18:30; Su 11:00-18:30"
"1043072","Rotterdam Hoogstraat","Licensed Store","Netherlands","Rotterdam","South Holland","3011 PZ","Hoogstraat 179, 3011 PM Rotterdam, Paises Bajos, Rotterdam","[51.92091,4.48441]","","Mo-Th 07:30-20:00; Fr 07:30-21:00; Sa-Su 08:00-20:00"
"116460","Amsterdam Flowermarket","Licensed Store","Netherlands","Amsterdam","North Holland","1017 AW","Singel480, Amsterdam","[52.36703,4.88974]","","Mo-Su 08:00-19:30"
"87056","Amsterdam The Bank","Licensed Store","Netherlands","Amsterdam","North Holland","1017 VH","Starbucks The Bank, Amsterdam","[52.36596,4.89768]","","Mo-Fr 07:30-19:30; Sa 08:00-20:30; Su 08:00-19:30"
"1028404","Halfweg - Neinver Sugar City","Licensed Store","Netherlands","Halfweg","North Holland","1165 PD","Kristalpromenade 7, Halfweg","[52.38470,4.74642]","","Mo-Su 10:00-16:00"
"1006319","Amsterdam Damrak","Licensed Store","Netherlands","Amsterdam","North Holland","1012 LN","Damrak80 81, Amsterdam","[52.37427,4.89443]","","Mo-Th 06:30-22:00; Fr-Sa 06:30-23:00; Su 06:30-22:00"
"1018328","Schipluiden - Shell Peulwijk O","Licensed Store","Netherlands","Den Hoorn","South Holland","2635 NB","A4 Peulwijk Oost, Schipluiden","[52.01021,4.31206]","","Mo-Fr 06:30-20:00; Sa-Su 08:30-20:00"
"1023933","Bruchem - Shell Zaltbommel (A2","Licensed Store","Netherlands","Bruchem","Gelderland","5314 LJ","A2 2a, Bruchem","[51.77490,5.26063]","","Mo-Fr 06:00-20:00; Sa 08:00-20:00; Su 09:00-20:00"
"1044316","Bruchem De Lucht West A2","Licensed Store","Netherlands","Bruchem","Gelderland","5314 LJ","2 A2, Bruchem","[51.77698,5.25746]","","Mo-Fr 06:00-20:00; Sa 08:00-20:00; Su 09:00-20:00"
"1028377","Roermond - Outlet SC (Oost)","Licensed Store","Netherlands","Roermond","Limburg","6041 TD","Stadsweide 2, Roermond","[51.19942,5.99104]","","Mo-Su 10:00-21:00"
"90101","Meerkerk (A27)","Licensed Store","Netherlands","Meerkerk","Utrecht","4231","Energieweg 116, Meerkerk","[51.89982,4.98266]","","Mo-Su 08:00-21:00"
"1043045","Almere Railway station","Licensed Store","Netherlands","Almere","Flevoland","1315 KR","Busplein 16, Almere, 1315Kr, Almere, Netherlands, Almere","[52.37494,5.21727]","","Mo-Fr 07:00-20:00; Sa-Su 08:00-20:00"
"1026514","Staphorst - Shell Dekkersland","Licensed Store","Netherlands","Staphorst","Overijssel","7951","Oude Rijksweg 15, Staphorst","[52.64242,6.20116]","","Mo-Fr 07:00-20:00; Sa-Su 08:00-20:00"
"1024195","Eindhoven Airport -","Licensed Store","Netherlands","Eindhoven","North Brabant","5657 EA","Luchthavenweg 25 047, Eindhoven","[51.45797,5.39201]","","Mo-Su 08:00-17:00"
"1020358","Schiphol Airport Pier C (Kiosk","Licensed Store","Netherlands","Schiphol","North Holland","1118 AP","Schiphol Airport Pier C Airside, Schiphol","[52.30685,4.76479]","",""
"1025526","Schiphol Airport Arrivals 1","Licensed Store","Netherlands","Schiphol","North Holland","1118 AP","Amsterdam Airport Schiphol, Schiphol","[52.30886,4.76372]","","Mo-Su 08:30-21:30"
"1026056","Westfield Mall of the Netherla","Licensed Store","Netherlands","Leidschendam","South Holland","2262 AB","Unit Korn 02, Leidschedam","[52.08766,4.38245]","","Mo-Sa 08:30-20:30; Su 09:00-20:00"
"1031400","Honselersdijk N213","Licensed Store","Netherlands","Naaldwijk","South Holland","2671 ZP","Burgemeester Elsenweg N213, Westland","[52.00577,4.21126]","","Mo-Fr 08:00-21:00; Sa-Su 10:00-21:00"
"1022007","Batavia Stad Fashion Outlet","Licensed Store","Netherlands","Lelystad","Flevoland","8242 PV","Bataviaplein 56, Lelystad","[52.52304,5.44048]","","Mo-Su 09:00-17:00"
"1043209","Maastricht CS Stationsplein 30","Licensed Store","Netherlands","Maastricht","Limburg","6221 BT","stationplein 30, 6221 bt, Masstricht, Maastricht","[50.85031,5.70479]","","Mo-Fr 06:00-20:30; Sa 06:30-20:30; Su 07:00-20:30"
"1049321","Enschede Van Heekplein 96","Licensed Store","Netherlands","Enschede","Overijssel","7511 HN","Hendrik Jan van Heekplein 96, 7511 HN Enschede, Paises Bajos, Enschede","[52.21794,6.89658]","","Mo-We 08:00-19:00; Th 08:00-21:30; Fr-Su 08:00-19:00"
"1021364","Hoogland - Shell de Slaag","Licensed Store","Netherlands","Hoogland","Utrecht","3828","Rijskweg De Slaag A1, Hoogland","[52.21208,5.34054]","","Mo-Fr 07:00-19:00; Sa 07:00-20:00; Su 08:00-20:00"
"1024405","Forum Rotterdam","Licensed Store","Netherlands","Rotterdam","South Holland","3012 AH","Forum Rotterdam, Rotterdam","[51.91969,4.47895]","","Mo-Th 07:30-20:00; Fr-Sa 07:30-22:00; Su 08:00-20:00"
"1049324","Eindhoven Rechtestraat 27","Licensed Store","Netherlands","Eindhoven","North Brabant","5611 GM","Rechtestraat 27, 5611 GM Eindhoven, Paises Bajos, Eindhoven","[51.43859,5.47831]","","Mo 09:00-18:00; Tu-Th 08:30-19:00; Fr 08:30-21:30; Sa 08:30-19:30; Su 09:30-19:00"
"20093","Schiphol Airport Lounge 3","Licensed Store","Netherlands","Schiphol","North Holland","1118 BN","Postbus 75041, Schiphol","[52.30676,4.75296]","","Mo-Su 07:30-15:00"
"1025035","Luxembourg - La Cloche dOr (SC","Licensed Store","Luxembourg","Luxembourg","Luxembourg","1821","Boulevard de Kockelscheuer, Luxembourg","[49.58240,6.12248]","","Mo-Su 08:00-18:30"
"1051642","Royal Hamilius","Licensed Store","Luxembourg","Luxembourg","Luxembourg","1661","grand rue, Luxembourg","[49.61206,6.12893]","",""
"1018007","Luxembourg - Auchan Kirchberg","Licensed Store","Luxembourg","Luxembourg","Luxembourg","2721","5 r. Alphonse, Luxembourg","[49.63365,6.16938]","","Mo-Sa 08:00-18:30; Su closed"
"1014109","Luxembourg Airport (landside)","Licensed Store","Luxembourg","Niederanven","Luxembourg","1110","Aeroport de Luxembourg lux airport, Luxembourg-Findel","[49.62942,6.21476]","","Mo-Sa 08:00-18:30; Su closed"
"1011508","Athlone Town Centre","Licensed Store","Ireland","Athlone","County Westmeath","","Unit 63,  Athlone TC,  Athlone,  Co. Westmeath, Athlone","[53.42391,-7.93586]","+353 90 647 9667","Mo-We 08:30-18:30; Th-Fr 08:30-20:00; Sa 08:30-18:30; Su 10:30-18:30"
"1027431","Marshes DT","Licensed Store","Ireland","Dundalk","County Louth","","Marshes Lower, Dundalk","[53.99881,-6.40009]","","Mo-Su 07:00-22:00"
"1024758","Connolly Station","Licensed Store","Ireland","Dublin","County Dublin","","Amiens Street, Dublin 1","[53.35139,-6.24959]","","Mo-Fr 07:00-19:00; Sa 08:00-18:00; Su 09:00-17:00"
"1017378","Eyre Square","Licensed Store","Ireland","Galway","County Galway","H91 F38YIrland","Unit 6,  Eyre Square Shopping Centre, Co. Galway, Galway","[53.27334,-9.04983]","","Mo-We 08:30-19:00; Th-Sa 08:30-20:00; Su 10:30-20:00"
"3416","Blanchardstown Odeon","Licensed Store","Ireland","Dublin","County Dublin","","Odeon Cinema, Dublin","[53.39230,-6.39130]","+353 1 822 2631","Mo-Fr 13:30-20:30; Sa-Su 10:00-20:30"
"1012295","Point Village","Licensed Store","Ireland","Dublin","County Dublin","D01 X0E9","Unit 3/20 Point Village North Wall Quay,  Dublin 1, Dublin 1","[53.34856,-6.22822]","+353 1818086","Mo-Fr 07:30-17:00; Sa 09:30-20:00; Su 09:30-16:00"
"1008647","North Earl Street","Licensed Store","Ireland","Dublin","County Dublin","D01 HN88","8 North Earl Street, Dublin 1, Dublin","[53.34986,-6.25894]","+353 1 874 8868","Mo-Fr 07:00-19:00; Sa 08:00-19:00; Su 09:00-19:00"
"1015244","Bridgewater","Licensed Store","Ireland","Arklow","County Wicklow","","Unit 3 ,T he Bridgewater Shopping Centre, Arklow, Co. Wicklow, Arklow Co Wicklow","[52.79886,-6.14722]","","Mo-We 09:30-18:00; Th-Fr 09:30-19:00; Sa-Su 09:00-18:00"
"1021740","WF Waterford SC","Licensed Store","Ireland","Waterford","County Waterford","X91 X257","Unit R3,  City Square Shopping Centre,  Co. Waterford, Waterford","[52.26009,-7.11050]","","Mo-We 08:30-18:00; Th-Fr 08:30-18:30; Sa 08:30-18:00; Su 11:00-18:00"
"3424","Blanchardstown Leisureplex","Licensed Store","Ireland","Dublin","County Dublin","","Leisureplex, Dublin","[53.39151,-6.39249]","+353 1 822 3322","Mo-Fr 08:30-17:00; Sa 09:00-18:00; Su 10:00-18:00"
"35517","Newbridge","Licensed Store","Ireland","Newbridge","County Kildare","","Unit 35B White Water SC,  Main Street,  Newbridge,  Co. Kildare, Newbridge","[53.17763,-6.79768]","+353 45 436 887","Mo-We 08:00-18:30; Th-Fr 08:00-20:00; Sa 08:00-19:00; Su 09:30-19:00"
"1049054","Unit 6 Edward Square","Licensed Store","Ireland","Galway","County Galway","","Unit 6 Edward Square Castle Street, Galway","[53.27327,-9.05054]","","Mo-Fr 08:30-17:00; Sa 08:30-18:00; Su 10:00-18:00"
"35520","Chatham Row","Licensed Store","Ireland","Dublin","County Dublin","D02 R223","3 Chatham Street Dublin 2, Dublin","[53.34080,-6.26145]","+353 1 670 8868","Mo-Su 07:30-19:00"
"1012089","St. Laurence's","Licensed Store","Ireland","Drogheda","County Louth","A92 AE78","Unit 23-24 Laurence Town Centre, Drogheda, Co. Louth, Drogheda","[53.71579,-6.35079]","","Mo-We 08:00-18:00; Th-Fr 08:00-19:00; Sa 08:00-18:00; Su 11:00-18:00"
"1027977","Dublin Airport T2 Airside","Licensed Store","Ireland","Dublin Airport","County Dublin","","Terminal 2 Swords Road County Dublin, Dublin","[53.42580,-6.24136]","","Mo-Su 04:00-17:00"
"1027657","Tralee DT","Licensed Store","Ireland","Tralee","County Kerry","V92 DH6N","Manor West Ratass, Tralee","[52.26505,-9.67915]","","Mo-Sa 07:30-20:00; Su 09:00-20:00"
"1031235","Swords Central Y & Y1","Licensed Store","Ireland","Swords","County Dublin","K67 W7D9","Swords Central Shopping Centre Malahide Road Dublin, Dublin","[53.45577,-6.22198]","","Mo-We 08:30-18:00; Th-Fr 08:30-20:00; Sa 08:30-18:00; Su 09:30-18:00"
"1031246","U27 St Stephen's Green SC","Licensed Store","Ireland","Dublin","County Dublin","D02 C803","Unit 27 Stephen's Green Shopping Centre St Stephen's Green Dublin 2, Dublin","[53.34000,-6.26118]","","Mo-Fr 07:00-19:00; Sa 08:00-19:00; Su 08:30-19:00"
"1027979","Dublin Airport T2 Pier 4 Kiosk","Licensed Store","Ireland","Dublin Airport","County Dublin","","Terminal 2 Swords Road County Dublin, Dublin","[53.42423,-6.24244]","",""
"1006400","Waterloo Road","Licensed Store","Ireland","Dublin","County Dublin","D04 X0T4","Unit 1,  Ground Floor,  St. Martin's House,  Ballsbridge,  Dublin 4, Dublin","[53.33013,-6.24465]","+353 1 660 2095","Mo-Fr 07:00-18:00; Sa-Su 08:00-18:00"
"8608800","Donaghmede Shopping Centre","Licensed Store","Ireland","Dublin","County Dublin","D13 X268","Grange Road Dublin 13 D13 E683, Dublin","[53.39513,-6.16259]","","Mo-We 08:00-19:00; Th 08:00-20:00; Fr 08:00-21:00; Sa 08:00-19:00; Su 09:00-19:00"
"1019734","Mater Kiosk","Licensed Store","Ireland","Dublin","County Dublin","D07 V294","Level 2 Whitty Wing Mater Hospital North Circular Road Entrance Dublin 7, Dublin 7","[53.35956,-6.26723]","","Mo-Fr 07:30-15:30; Sa-Su closed"
"1012172","Warrington House","Licensed Store","Ireland","Dublin","County Dublin","D02 X326","Ground Floor,  Warrington House,  Mount Street Cresent,  Dublin 2, Dublin 2","[53.33678,-6.24313]","","Mo-Fr 07:00-19:00; Sa-Su closed"
"1027976","Dublin Airport T1 Landside","Licensed Store","Ireland","Dublin Airport","County Dublin","","Terminal 1 Swords Road County Dublin, Dublin","[53.42645,-6.24049]","","Mo-Su 05:00-18:00"
"1011059","Castle Street Bray","Licensed Store","Ireland","Bray","County Wicklow","A98 W288","Unit 16-17 Castle Street Shopping Centre, Castle Street, Bray, Co. Dublin, Bray","[53.20668,-6.11213]","+353 1 276 4635","Mo-Fr 07:00-19:00; Sa 08:00-19:00; Su 08:00-18:00"
"1021847","Scotch Hall","Licensed Store","Ireland","Drogheda","County Louth","","Unit G-26,  Marshes Street,  Scotch Hall Shopping Centre,  Drogheda,  Co. Louth, Drogheda","[53.71394,-6.34574]","","Mo-We 09:00-18:00; Th-Fr 09:00-19:00; Sa 09:00-18:00; Su 11:30-18:00"
"1015243","East Wall","Licensed Store","Ireland","Dublin","County Dublin","D03 X0Y3","Block B East Wall Road Dublin 3, Dublin","[53.35695,-6.23267]","","Mo-Fr 07:00-18:00; Sa-Su 08:00-18:00"
"1015245","Georges Quay","Licensed Store","Ireland","Dublin","County Dublin","","1 2 George s Quay Dublin 2, Dublin","[53.34757,-6.25586]","+353 1 679 0973","Mo-Fr 07:00-20:00; Sa 08:00-20:00; Su 09:00-19:00"
"1010436","Mahon Point","Licensed Store","Ireland","Cork","County Cork","T12 TC99","Kiosk 7,  First Floor,  Mahon Point SC,  Cork, Cork","[51.88603,-8.39628]","+353 21 451 5423","Mo-We 08:30-19:00; Th-Fr 08:30-21:00; Sa 08:30-19:00; Su 10:00-18:30"
"90274","Custom House Quay","Licensed Store","Ireland","Dublin","County Dublin","","Unit 32,  CHQ Building,  IFSC,  Docklands,  Dublin 1, Dublin","[53.34948,-6.24796]","+353 1 829 0218","Mo-Fr 07:00-18:00; Sa-Su 10:00-17:00"
"90264","Blanchardstown Shopping Centre","Licensed Store","Ireland","Dublin","County Dublin","","Unit 137, Blanchardstown Shopping Centre, Blanchardstown, Dublin 15, Dublin","[53.39217,-6.38898]","+353 1 823 8985","Mo-Tu 08:00-19:00; We-Fr 08:00-21:00; Sa 08:00-19:00; Su 08:00-18:00"
"1044194","2 Grafton Street","Licensed Store","Ireland","Dublin","County Dublin","D02 Y527","2 Grafton Street Dublin 2 D02Y527, Dublin","[53.34303,-6.25922]","","Mo-Fr 07:00-19:00; Sa-Su 09:00-19:00"
"1006311","The Square Tallaght","Licensed Store","Ireland","Dublin","County Dublin","D24 V56X","Unit 361,  The Square Shopping Centre,  Tallaght,  Dublin 24, Dublin","[53.28670,-6.37136]","+353 1 451 9528","Mo-Tu 09:00-18:00; We 09:00-19:00; Th-Fr 09:00-21:00; Sa 09:00-19:00; Su 11:00-18:00"
"1027530","Naas Newhall DT","Licensed Store","Ireland","Newhall Retail Park","County Kildare","","Naas Retail Park, Jigginstown","[53.20939,-6.70377]","","Mo-We 06:30-19:00; Th-Fr 06:30-20:00; Sa-Su 08:00-19:00"
"1027189","Liffey Valley DT","Licensed Store","Ireland","Dublin","County Dublin","","Quarry Vale, Dublin","[53.35446,-6.40069]","","Mo-Sa 06:00-22:00; Su 07:00-21:00"
"68397","30-34 Westmoreland Street","Licensed Store","Ireland","Dublin","County Dublin","D02 HK35","30 34 Westmoreland Street Dublin 2, Dublin","[53.34610,-6.25889]","+353 1 679 9545","Mo-Fr 07:30-19:00; Sa 08:00-19:00; Su 09:00-19:00"
"8676500","Navan Town Centre SC","Licensed Store","Ireland","Navan","County Meath","C15 KW62","Unit 6 Navan Shopping Centre Kennedy Road Navan C15 RV04, Navan","[53.65359,-6.68866]","","Mo-Th 08:00-18:00; Fr 08:00-19:00; Sa 09:00-19:00; Su 11:00-18:00"
"90261","College Green","Licensed Store","Ireland","Dublin","County Dublin","D02 XH97","1 College Green Dublin 2, Dublin","[53.34449,-6.26118]","+353 1 675 0638","Mo-Fr 06:00-21:00; Sa 06:30-21:00; Su 08:00-21:00"
"1006749","Leeson Street","Licensed Store","Ireland","Dublin","County Dublin","D02 AH51","62 Lower Leeson Street, Dublin 2, Dublin","[53.33349,-6.25392]","+353 1 678 9803","Mo-Fr 07:00-19:00; Sa-Su 09:00-17:00"
"1007267","O'Connell Bridge","Licensed Store","Ireland","Dublin","County Dublin","","56 Lower O Connell Street Dublin 1, Dublin","[53.34759,-6.25950]","+353 1 874 7020","Mo-Fr 06:00-18:00; Sa 07:00-19:00; Su 08:00-18:00"
"90262","Dundrum Town Centre","Licensed Store","Ireland","Dublin","County Dublin","D16 F5P5","Unit 17, Level 2, Dundrum TC,  Sandyford Road,  Dundrum,  Dublin 16, Dublin","[53.28640,-6.24161]","+353 1 207 9817","Mo-Sa 07:30-21:00; Su 08:30-20:00"
"1011627","Ashleaf","Licensed Store","Ireland","Dublin","County Dublin","D12 PKX7","Unit 11/12 Ashleaf Shopping Centre, Crumlin Cross, Crumlin, Dublin 12, Dublin","[53.31642,-6.31764]","+353 1 455 0040","Mo-Th 08:00-19:00; Fr-Sa 08:00-20:00; Su 09:00-19:00"
"1009653","Marshes Dundalk","Licensed Store","Ireland","Dundalk","County Louth","","Unit 14,  Marshes SC,  Dundalk,  Co. Louth, Dublin","[54.00353,-6.39541]","+353 42 932 7322","Mo-We 08:30-19:00; Th-Fr 08:30-21:00; Sa 08:30-19:00; Su 11:00-18:00"
"1015729","Dungarvan","Licensed Store","Ireland","Dungarvan","County Waterford","","Unit 24 Dungarvan SC, Dungarvan, Co. Waterford, Waterford","[52.09042,-7.62461]","","Mo-Sa 08:00-18:00; Su 09:00-18:00"
"1006042","Rathmines","Licensed Store","Ireland","Dublin","County Dublin","D06 P6X5","224-228 Lower Rathmines Road,  Rathmines,  Dublin 6, Dublin","[53.32334,-6.26530]","+353 1 491 3357","Mo-Fr 08:00-20:00; Sa-Su 08:30-20:00"
"1025288","Belgard Retail Park","Licensed Store","Ireland","Dublin","County Dublin","","Belgard Retail Park,  Belgard Road,  Tallaght,  Dublin 24, Dublin","[53.29366,-6.37048]","","Mo-Fr 06:30-20:00; Sa 08:00-20:00; Su 09:00-20:00"
"90263","Harcourt Street","Licensed Store","Ireland","Dublin","County Dublin","D02 F721","Unit 1 Harcourt Building, Harcourt Street, Dublin 2, Dublin","[53.33292,-6.26232]","+353 1 411 0930","Mo-Fr 06:30-18:00; Sa 10:00-15:00; Su closed"
"87031","Ilac Shopping Centre","Licensed Store","Ireland","Dublin","County Dublin","","Unit 23/31 Ilac SC,  Henry Street,  Dublin 1, Dublin","[53.35080,-6.26466]","+353 1 828 8993","Mo-Sa 08:30-19:30; Su 10:00-18:30"
"90271","Beacon South Quarter","Licensed Store","Ireland","Dublin","County Dublin","D18 T1D0","Unit B1-R5, Beacon South Quarter,  Sandyford,  Dublin 18, Dublin","[53.27713,-6.21808]","+353 1 293 7855","Mo-Fr 06:30-19:00; Sa 08:00-19:00; Su 09:00-19:00"
"1010435","McDonagh Junction","Licensed Store","Ireland","Kilkenny","County Kilkenny","R95 RW2T","18 Workhouse Square Shopping Centre, Kilkenny","[52.65528,-7.24802]","+353 56 775 2799","Mo-We 08:00-18:30; Th-Fr 08:00-20:00; Sa 08:00-18:30; Su 10:00-18:30"
"1022839","O'Connell St, Limerick","Licensed Store","Ireland","Limerick","County Limerick","V94 VY20","132 133 O Connell Street Co Limerick, Limerick","[52.66385,-8.62700]","","Mo-Su 07:00-20:00"
"90272","Malahide","Licensed Store","Ireland","Malahide","County Dublin","K36 VF22","Unit 2 The Green Strand Street, Malahide","[53.45238,-6.15288]","+353 1 828 3310","Mo-Fr 07:00-20:00; Sa-Su 08:00-20:00"
"1011072","Henry Street - Dublin","Licensed Store","Ireland","Dublin","County Dublin","D01 YH79","39 Henry Street Dublin 1, Dublin 2","[53.34966,-6.26160]","+353 1 872 7833","Mo-Sa 08:00-19:00; Su 11:00-19:00"
"1016182","Ballincollig","Licensed Store","Ireland","Cork","County Cork","P31 CK77","Unit 34,  Ballincollig SC.  Ballingcollig,  Co Cork, Cork","[51.88925,-8.59200]","","Mo-Fr 07:30-19:00; Sa-Su 08:00-19:00"
"1012105","22-23 Lower Liffey Street","Licensed Store","Ireland","Dublin","County Dublin","D01 XP29","22 23 Liffey Street Lower Dublin 1, Dublin 1","[53.34753,-6.26360]","+353 1 872 7241","Mo-Fr 08:00-19:00; Sa-Su 09:00-19:00"
"90275","Shelbourne Road","Licensed Store","Ireland","Dublin","County Dublin","D04 V4Y8","Unit 2 - The Oval, Shelbourne Road, Dublin","[53.33125,-6.23129]","+353 1 660 1897","Mo-Fr 06:30-17:00; Sa-Su 09:00-17:00"
"1012111","Limerick Train Station","Licensed Store","Ireland","Limerick","County Limerick","","Limerick Colbert Station,  Parnell Street,  Limerick, Limerick","[52.65870,-8.62452]","+353 61 313 588","Mo-We 06:30-19:00; Th-Fr 06:30-20:00; Sa-Su 07:00-19:00"
"90276","Blanchardstown Pavillion","Licensed Store","Ireland","Dublin","County Dublin","","Unit 409 Blanchardstown Retail Park,  Blanchardstown,  Dublin 15, Dublin","[53.39471,-6.39127]","+353 1 821 7742","Mo-Sa 07:30-19:00; Su 09:00-19:00"
"90277","Pavilions Swords","Licensed Store","Ireland","Swords","County Dublin","","The Pavilions Shopping Centre, Unit G25, Swords","[53.45357,-6.21904]","+353 1 890 3997","Mo-We 08:00-19:30; Th-Fr 08:00-21:00; Sa 08:00-19:30; Su 09:30-19:30"
"1016791","Castletroy","Licensed Store","Ireland","Limerick","County Limerick","","Unit 11,  Castletroy Shopping centre, Castletroy, Co. Limerick, Limerick","[52.66653,-8.55356]","","Mo-Sa 07:30-20:00; Su 08:30-19:00"
"1011060","Douglas","Licensed Store","Ireland","Cork","County Cork","","Unit 30-34 Douglas Shopping Centre, Douglas, Co. Cork, Douglas","[51.87797,-8.43714]","+353 21 489 3197","Mo-We 08:30-18:00; Th-Fr 08:30-19:00; Sa 09:00-18:00; Su 10:00-18:00"
"1015857","Blackpool Cork","Licensed Store","Ireland","Cork","County Cork","T23 KF34","31A Blackpool SC,  Cork, Cork","[51.91589,-8.47123]","+353 21 421 2277","Mo-Fr 07:00-19:00; Sa 08:00-19:00; Su 09:00-19:00"
"1013299","Bishop's Square","Licensed Store","Ireland","Dublin","County Dublin","D08 TNH3","Ground Floor Unit,  Bishop Square, Dublin 8, Dublin","[53.33744,-6.26611]","+353 1 478 8850","Mo-Fr 08:00-17:00; Sa-Su closed"
"1020839","Starbucks Shannon DT","Licensed Store","Ireland","Shannon","County Clare","V14 T863","Airport Avenue,  Shannon Free Zone West,  Shannon Airport,  Co Clare, Shannon Airport","[52.69693,-8.90368]","","Mo-Fr 07:00-19:00; Sa-Su 08:30-19:00"
"1013584","Space 54, Kildare Village - Re","Licensed Store","Ireland","Kildare","County Kildare","R51 R265","Unit 54, Kildare Village Outlet,  Nurney Road,  Kildare Town,  Co. Kildare, Kildare","[53.15417,-6.91636]","","Mo-Fr 09:30-19:00; Sa-Su 08:30-19:00"
"8745100","Limerick Parkway Drive Thru","Licensed Store","Ireland","Limerick","County Limerick","V94 227D","Unit 40 Parkway SC Dublin Road, Limerick","[52.66249,-8.59713]","","Mo-Fr 07:30-19:00; Sa-Su 08:00-19:00"
"1013298","Bloomfields","Licensed Store","Ireland","Dublin","County Dublin","","Unit 6,  Bloomfields SC,  Convent Lane,  Dun Laoghaire,  Co. Dublin,, Dublin","[53.29302,-6.13922]","+353 1 230 3615","Mo-Sa 08:00-19:00; Su 10:00-18:00"
"1015061","Cherrywood Ireland","Licensed Store","Ireland","Dublin","County Dublin","D18 K7W4","Unit 2, Block C,  Cherrywood Science & Technology Park,  Cabinteely,  Dublin 18, Cabinteely Dublin","[53.24429,-6.13939]","","Mo-Fr 07:00-18:00; Sa 08:30-18:00; Su 09:00-18:00"
"1011430","Princes Street","Licensed Store","Ireland","Cork","County Cork","T12 EFK8","39 Princes Street, Cork","[51.89770,-8.47356]","+353 21 427 8989","Mo-Sa 08:00-18:00; Su 09:00-18:00"
"1012335","Airside Smyth's","Licensed Store","Ireland","Swords","County Dublin","","Part Ground Floor,  Unit 1,  Airside Retail Park,  Swords,  Co. Dublin,, Dublin","[53.44598,-6.22748]","+353 1 890 1893","Mo-Sa 07:00-19:00; Su 08:30-19:00"
"1011413","Lucan Shopping Centre","Licensed Store","Ireland","Lucan","County Dublin","","Unit 1-3,  Lucan SC,  Newcastle Road,  Lucan,  Co. Dublin, Lucan","[53.34788,-6.45199]","+353 1 610 5052","Mo-Fr 07:00-20:00; Sa-Su 07:30-19:00"
"1051578","Lucan Drive Thru","Licensed Store","Ireland","Lucan","County Dublin","","Lucan Retail Park Ballydowd Lucan Co Dublin, Dublin","[53.35883,-6.42314]","","Mo-Fr 06:00-20:00; Sa-Su 07:00-19:00"
"1006688","Citygate - Cork","Licensed Store","Ireland","Cork","County Cork","T12 W7CV","Unit A4,  City Gate Park,  Cork, Cork","[51.88624,-8.40517]","+353 21 435 9007","Mo-Fr 07:00-17:00; Sa-Su 08:00-17:00"
"113659","Stillorgan Village","Licensed Store","Ireland","Dublin","County Dublin","A94 C840","Unit 44,45,45A Stillorgan SC,  Lower Kilmacud Road,  Stillorgan,  Co. Dublin, Dublin","[53.28905,-6.20036]","+353 1 320 9050","Mo-Fr 07:30-20:00; Sa 08:00-20:00; Su 08:30-20:00"
"113871","Starbucks Nutgrove","Licensed Store","Ireland","Dublin","County Dublin","","F1-F2 Nutgrove SC,  Rathfarnham,  Dublin 14, Dublin","[53.29027,-6.26720]","+353 1 406 9387","Mo-Tu 08:00-18:30; We 08:00-19:30; Th-Fr 08:00-20:30; Sa 08:30-19:00; Su 09:30-19:00"
"113882","Omni","Licensed Store","Ireland","Dublin","County Dublin","","Unit 1-5/3 Omni SC, Santry,  Swords Road,  Dublin 9, Dublin","[53.39167,-6.24834]","+353 1 862 3608","Mo-Fr 07:00-21:00; Sa-Su 08:00-20:00"
"1011431","Sutton Cross","Licensed Store","Ireland","Dublin","County Dublin","D13 RW68","Unit 6,  Supervalu Shopping Centre, Sutton Cross, Dublin 13, Dublin","[53.39012,-6.10902]","+353 1 839 4570","Mo-Fr 07:00-18:00; Sa-Su 09:00-18:00"
"1016747","Cashel","Licensed Store","Ireland","Cashel","County Tipperary","E25 EF82","Unit 4/5,  Cashel Town SC,  Cashel,  Co Tipperary, Cashel Co Tipperary","[52.51047,-7.89069]","","Mo-Th 08:30-18:00; Fr 08:30-18:30; Sa 09:00-18:30; Su 10:00-18:00"
"1013699","Crampton Quay","Licensed Store","Ireland","Dublin","County Dublin","D02 X434","1 3 Crampton Quay Dublin 2, Dublin 2","[53.34621,-6.26229]","","Mo-Fr 08:00-18:00; Sa-Su 09:00-18:00"
"1011625","Opera Lane","Licensed Store","Ireland","Cork","County Cork","T12 AH2F","Unit 19, Opera Lane, Co. Cork, Cork","[51.89949,-8.47293]","+353 21 427 4785","Mo-Fr 07:00-20:00; Sa-Su 08:00-20:00"
"1006147","Dun Laoghaire","Licensed Store","Ireland","Dublin","County Dublin","A96 P9H6","6-7 Marine Road, Dun Laoghaire, Co. Dublin, Dublin","[53.29379,-6.13480]","+353 1 230 3589","Mo-Sa 07:00-20:00; Su 08:00-20:00"
"1013698","Harbour House","Licensed Store","Ireland","Dublin","County Dublin","D13 E9H9","Harbour House,  Harbour Road,  Howth,  Co. Dublin, Howth","[53.38809,-6.07014]","+353 1 839 6046","Mo-Su 08:00-19:00"
"1054652","Odense Rosengaardcenter","Licensed Store","Denmark","Odense","Region of Southern Denmark","5220","Oerbaekvej 75 5220 Odense, Odense","[55.38344,10.42559]","+45 21 72 98 65","Mo-Fr 08:30-19:00; Sa 09:30-18:00; Su 09:30-17:30"
"1013700","Fotex Vejle","Licensed Store","Denmark","Vejle","Region of Southern Denmark","7100","Norregade 6, Vejle","[55.71055,9.53475]","+45 76 43 80 75","Mo-Th 09:00-18:00; Fr 09:00-19:00; Sa 09:00-16:00; Su closed"
"1053242","Copenhagen Industriens Hus","Licensed Store","Denmark","Copenhagen","Capital Region of Denmark","1620","Vesterbrogade 1e, 1550 Copenhaguen, Copenhaguen","[55.67513,12.56670]","+45 24 66 22 23","Mo-Fr 07:30-20:00; Sa 08:00-21:00; Su 08:00-20:00"
"1008605","Bilka Skalborg","Licensed Store","Denmark","Aalborg","North Denmark Region","9200","Hobrovej 450, Aalborg SV","[57.00335,9.87883]","+45 98 79 70 75","Mo-Fr 08:30-19:00; Sa 09:00-18:00; Su 10:00-18:00"
"1012163","Copenhagen Fisketorvet Fotex","Licensed Store","Denmark","Frederiksberg","Capital Region of Denmark","2000","Kalvebod brygge 59, Copenhaguen","[55.67706,12.51332]","+45 23 70 83 73","Mo-Fr 08:30-20:00; Sa-Su 09:30-20:00"
"1013975","Frederiksberg Centret","Licensed Store","Denmark","Frederiksberg","Capital Region of Denmark","2000","Falkoner Alle 21, Frederiksberg","[55.68150,12.53397]","+45 23 70 83 46","Mo-Fr 08:00-20:00; Sa 09:00-18:00; Su 10:00-18:00"
"1012327","Copenhagen-Frederiksborggade","Licensed Store","Denmark","Copenhagen","Capital Region of Denmark","1360","Frederiksborggade 15, Copenhaguen","[55.68373,12.57098]","+45 23 70 83 10","Mo-Fr 07:00-20:00; Sa 08:00-19:00; Su 09:00-19:00"
"1008403","Copenhagen Central Station","Licensed Store","Denmark","Copenhagen","Capital Region of Denmark","1577","Kobenhavn Hovedbanegard, Copenhagen","[55.67341,12.56462]","","Mo-Th 06:00-21:00; Fr-Sa 06:00-22:00; Su 07:00-21:00"
"1052736","Copenhaguen Fiolstraede","Licensed Store","Denmark","Copenhagen","Capital Region of Denmark","1171","Fiolstraede 20, Copenhaguen","[55.68092,12.57296]","+45 20 51 56 86","Mo-Fr 07:30-19:30; Sa 08:30-19:30; Su 08:30-18:00"
"1006049","Bilka Naestved","Licensed Store","Denmark","Næstved","Region Zealand","4700","Naestved Storcenter 1, Naestved","[55.25241,11.78335]","+45 55 78 90 75","Mo-Fr 09:00-20:00; Sa 09:00-18:00; Su 10:00-17:00"
"1005517","Aarhus - Salling Department St","Licensed Store","Denmark","Aarhus","Central Denmark Region","8000","Salling Department Store Sondergade 27, Arhus","[56.15446,10.20678]","+45 87 78 61 34","Mo-Fr 07:30-20:00; Sa 09:00-19:00; Su 10:00-18:00"
"1028336","Odense Vestergrade","Licensed Store","Denmark","Odense","Region of Southern Denmark","5000","Vestergade 21 Fyn, Odense C","[55.39642,10.38711]","+45 23 39 85 75","Mo-Fr 08:00-19:00; Sa 09:00-19:00; Su 09:30-18:00"
"1008140","Bilka Hundige","Licensed Store","Denmark","Greve Strand","Region Zealand","2670","Over Boelgen 1, Greve","[55.59867,12.32559]","+45 43 95 50 75","Mo-Fr 09:00-19:00; Sa-Su 10:00-17:00"
"1008138","Bilka Kolding","Licensed Store","Denmark","Kolding","Region of Southern Denmark","6000","Skovvangen 40, Kolding","[55.51192,9.45921]","+45 76 34 60 75","Mo-Fr 09:00-20:00; Sa 09:30-18:00; Su 10:00-17:30"
"1015659","Aarhus - Borgporten","Licensed Store","Denmark","Aarhus","Central Denmark Region","8000","Store Torv 18, Aarhus C","[56.15761,10.20787]","+45 20 48 55 37","Mo-Fr 08:00-19:00; Sa 09:00-19:00; Su 10:00-18:00"
"1008112","Salling Alborg","Licensed Store","Denmark","Aalborg","North Denmark Region","9000","Salling Department Store Algade, Alborg","[57.04830,9.92244]","+45 87 78 65 61","Mo-Fr 07:30-19:00; Sa 09:00-17:00; Su 10:00-17:00"
"1011055","Copenhagen - Radhuspladsen Net","Licensed Store","Denmark","Copenhagen","Capital Region of Denmark","1550","Radhuspladsen Absalons Gaard, Copenhagen","[55.67669,12.56900]","+45 29 39 67 09","Mo-Fr 07:30-21:00; Sa 09:00-21:00; Su 09:00-20:00"
"1012085","Vienna Airport - landside (Kio","Licensed Store","Austria","Schwechat","Lower Austria","1300","Wien Flughafen, Schwechat","[48.12543,16.55522]","","Mo-Su 05:00-20:00"
"116308","Schottengasse","Company-Operated","Austria","Vienna","Vienna","1010","Schottengasse 9, Wien","[48.21318,16.36280]","+43 1 3366332525","Mo-Th 06:30-21:00; Fr 08:00-21:00; Sa-Su 07:30-21:30"
"1020656","Parndorf Fashion Outlet Center","Licensed Store","Austria","Parndorf","Burgenland","7111","Strasse 1, Parndorf","[47.97961,16.85046]","","Mo-We 09:00-20:00; Th-Fr 09:00-21:00; Sa 08:30-18:00; Su closed"
"1009017","SCS","Company-Operated","Austria","Vösendorf","Lower Austria","2334","SCS Strasse, Vosendorf","[48.11179,16.31867]","+43 1 3366332531","Mo-We 08:00-19:30; Th 08:00-20:00; Fr closed; Sa 08:00-18:30; Su closed"
"1055844","Singerstrasse","Company-Operated","Austria","Vienna","Vienna","1010","Singerstrasse 2, Vienna","[48.20770,16.37207]","+43 1 3366332537","Mo-Th 06:30-21:30; Fr 08:00-21:30; Sa 08:00-22:00; Su 08:00-21:30"
"169","Rotenturmstrasse","Company-Operated","Austria","Vienna","Vienna","1010","Rotenturmstrasse 22, Wien","[48.21129,16.37609]","+43 1 3366332515","Mo-Th 07:00-21:00; Fr 07:00-22:00; Sa 08:00-22:00; Su 08:00-21:00"
"164","Millennium City","Company-Operated","Austria","Vienna","Vienna","1200","Handelskai 94-96, Wien","[48.24034,16.38698]","+43 1 3366332502","Mo-Th 07:00-21:00; Fr 08:00-21:00; Sa 08:00-22:00; Su 08:00-21:30"
"160","Mariahilfer Strasse","Company-Operated","Austria","Vienna","Vienna","1060","Mariahilfer Strasse 23-25, Wien","[48.20070,16.35863]","+43 1 3366332505","Mo-Th 07:15-21:30; Fr 07:30-21:30; Sa 07:30-22:00; Su 07:30-21:30"
"1025037","Oper","Company-Operated","Austria","Vienna","Vienna","1010","Karntnerstrasse 53, Wien","[48.20286,16.37022]","+43 1 3366332532","Mo-We 06:30-22:00; Th 06:30-23:00; Fr 07:00-22:00; Sa-Su 07:00-23:00"
"171","AKH Allgemeines Krankenhaus","Company-Operated","Austria","Vienna","Vienna","1090","Wahringer Gurtel 18 20, Wien","[48.22040,16.34747]","+43 1 3366332512","Mo-Th 06:00-19:00; Fr-Su 09:00-19:00"
"8860400","Fischapark","Company-Operated","Austria","Wiener Neustadt","Lower Austria","2700","Zehnerguertel 24, Wiener Neustadt","[47.81931,16.21789]","+43 1 3366332539","Mo-Th 08:30-19:30; Fr closed; Sa 08:30-18:30; Su closed"
"19331","Donauzentrum","Company-Operated","Austria","Vienna","Vienna","1220","Wagramer Strasse 81, Wien","[48.24324,16.43410]","+43 1 3366332523","Mo-Th 07:00-20:30; Fr closed; Sa 08:00-18:30; Su closed"
"172","Invalidenstrasse","Company-Operated","Austria","Vienna","Vienna","1030","Invalidenstrasse 11, Wien","[48.20581,16.38584]","+43 1 3366332521","Mo-Th 06:00-21:00; Fr-Su 07:00-21:00"
"168","Karlsplatzpassage","Company-Operated","Austria","Vienna","Vienna","1010","Karlsplatz Hauptpassage, Wien","[48.20078,16.36876]","+43 1 3366332520","Mo-Th 06:30-20:30; Fr 06:30-21:00; Sa-Su 08:00-21:00"
"170","Michaelerplatz","Company-Operated","Austria","Vienna","Vienna","1010","Reitschulgasse 4, Wien","[48.20762,16.36709]","+43 1 3366332514","Mo-Fr 07:30-20:00; Sa-Su 08:00-20:00"
"161","Neubaugasse","Company-Operated","Austria","Vienna","Vienna","1070","Neubaugasse 4, Wien","[48.19865,16.35005]","+43 1 3366332507","Mo-Th 06:30-21:00; Fr 08:00-20:00; Sa 07:30-21:00; Su 08:00-20:00"
"1005551","Westbahnhof","Company-Operated","Austria","Vienna","Vienna","1150","Bahnhof City Wien West, Wien","[48.19662,16.33760]","+43 1 3366332527","Mo-Th 06:00-21:00; Fr 08:00-20:00; Sa 07:00-21:00; Su 07:30-21:00"
"52054","Braunerstrasse","Company-Operated","Austria","Vienna","Vienna","1010","Braunerstrasse 2, Wien","[48.20855,16.36944]","+43 1 3366332524","Mo-Th 07:00-21:00; Fr 08:00-20:00; Sa 08:00-21:30; Su 08:00-21:00"
"1009369","Hauptbahnhof Wien","Company-Operated","Austria","Vienna","Vienna","1100","Bahnhof City Wien Hauptbahnhof, Wien","[48.18498,16.37752]","+43 1 3366332530","Mo-Th 06:00-22:00; Fr 06:30-21:00; Sa 06:00-22:00; Su 06:00-21:30"
"1053800","Helsinki Central Station","Licensed Store","Finland","Helsinki","Uusimaa","00100","Kaivokatu 1, Helsinki","[60.17187,24.94140]","",""
"1049076","Helsinki Airport LS Departures","Licensed Store","Finland","Vantaa","Uusimaa","01530","Helsinki Airport T2 Departures Floor, 01530 Vantaa, Vantaa","[60.31861,24.96806]","",""
"92174","HEL - T2 Airside, Non-Schengen","Licensed Store","Finland","Vantaa","Uusimaa","01530","Terminal 2, Airside, Non-Schengen, Vantaa","[60.31890,24.96809]","","Mo 06:00-23:00; Tu 06:30-23:00; We 06:00-23:00; Th 06:30-23:00; Fr-Sa 06:00-23:00; Su 06:30-23:00"
"1008089","Stockmann Bookstore","Licensed Store","Finland","Helsinki","Uusimaa","00100","Esplanadi 39, Helsinki","[60.16793,24.94329]","","Mo-Fr 08:00-20:00; Sa 09:00-19:00; Su 12:00-18:00"
"1026874","Dawret Il-Gzejjer","Licensed Store","Malta","St. Paul's Bay","","","Islet Promenade, Bugibba","[35.95383,14.41722]","","Mo-Su 08:00-20:00"
"1032437","Pama Shopping Village","Licensed Store","Malta","Mosta","","","PAMA Shopping Village, Triq Valletta, Il-Mosta MST 9017, Mosta","[35.90454,14.43568]","","Mo-Su 07:00-21:30"
"1032979","Victoria Gozo","Licensed Store","Malta","Victoria","","","Triq Fortunato Mizzi Victoria Gozo, Victoria","[36.04356,14.24647]","","Mo-Su 07:30-19:00"
"8595800","St Julian's Eden","Licensed Store","Malta","St. Julian's","","","Triq Santu Wistin St Julians, St Julians","[35.92376,14.48758]","","Mo-Th 07:00-21:30; Fr-Sa 07:00-22:00; Su 07:00-21:30"
"1024380","St Paul's Bay Perched Beach","Licensed Store","Malta","St. Paul's Bay","","","Islet Promanade, Bugibba","[35.95384,14.41728]","","Mo-Th 08:00-19:30; Fr-Sa 08:00-20:00; Su 08:00-18:00"
"1025157","Adeera","Licensed Store","Malta","Mellieħa","","","Marfa Road, Mellieha Bay","[35.96611,14.35585]","","Mo-Th 07:30-20:30; Fr 07:30-21:30; Sa-Su 08:00-21:00"
"1029751","Mriehel the Quad","Licensed Store","Malta","Birkirkara","","","Mriehal Bypass Q3 Unit 2, Mriehel","[35.89114,14.45883]","","Mo-Su 07:00-21:00"
"1033837","Pretty Bay Birzebbuga","Licensed Store","Malta","Birżebbuġa","","","23 Pretty Bay Birzebbuga BBG, Birzebbuga","[35.82479,14.52810]","","Mo-Su 08:00-19:30"
"1033314","L-Imsida Campus Hub","Licensed Store","Malta","Msida","","","Campus Hub, L-Imsida","[35.90214,14.48055]","","Mo-Fr 07:00-21:00; Sa-Su 07:30-21:00"
"1033908","Naxxar Centre","Licensed Store","Malta","Naxxar","","","17 Triq Tal Labour Naxxar NXR 1018, Naxxar","[35.91399,14.44394]","","Mo-Su 07:30-19:00"
"1033993","Gzira Ix -Xatt","Licensed Store","Malta","Gżira","","GZR 0001","174 The Strand Gzira Malta, Gzira","[35.90544,14.49659]","","Mo-Su 07:00-18:00"
"1028896","Mellieha Sanctuary Square","Licensed Store","Malta","Mellieħa","","","Sanctuary Square Misrah Iz-Zjara Tal Papa, Mellieha, Mellieha Village","[35.95945,14.36162]","","Mo-Su 08:00-19:00"
"1053263","Qormi Centerparc","Licensed Store","Malta","Marsa","","","Centerparc Triq it Tigrija Qormi Malta, Qormi","[35.87946,14.48412]","","Mo-Sa 07:30-20:30; Su 08:00-20:30"
"1033671","St Julian's Mercury House","Licensed Store","Malta","St. Julian's","","","St George s Road St Julians, St Julians","[35.92220,14.49018]","","Mo-Su 07:00-21:00"
"1030351","The Strand Sliema","Licensed Store","Malta","Sliema","","","Sotto Zero The Strand Sliema SLM 1026, Sliema","[35.90927,14.50505]","","Mo-Su 07:00-21:00"
"1028488","Valletta Republic Street","Licensed Store","Malta","Valletta","","VLT 1105","Republic Street, Valletta","[35.89701,14.51046]","","Mo-Su 07:00-22:00"
"1052730","Shoreline","Licensed Store","Malta","Kalkara","","","The Shoreline, Triq Santu Rokku, Il-Kalkara, Kalkara","[35.89210,14.54154]","","Mo-Su 09:00-20:00"
"1026135","Sliema Piazzetta","Licensed Store","Malta","Sliema","","SLM 1562","Tower Road, Sliema","[35.91205,14.50658]","","Mo-Su 07:00-21:00"
"1030106","Metropolis Mall Larnaca","Licensed Store","Cyprus","Larnaca","Larnaca","6043","Giorgou Christodoulidi Griva Digeni, Larnaca","[34.92493,33.60414]","","Mo-Fr 08:30-22:00; Sa-Su 08:30-22:30"
"1048877","Pafos Kings Avenue Mall","Licensed Store","Cyprus","Paphos","Paphos","8046","kings avenue mall, Pafos","[34.76557,32.41372]","","Mo-Fr 08:30-22:00; Sa-Su 08:30-22:30"
"1023660","Nicosia Mall","Licensed Store","Cyprus","Lakatamia","Nicosia","2306","KOPENHAGEN STR LAKATAMIA, NICOSIA","[35.13215,33.28627]","","Mo-Th 08:30-21:30; Fr 08:30-22:00; Sa-Su 09:00-22:00"
"1966","Lydras","Licensed Store","Cyprus","Nicosia","Nicosia","1011","170 Lydras Ave, Nicosia","[35.17236,33.36240]","","Mo-Th 08:00-21:30; Fr-Sa 08:00-22:30; Su 08:00-21:30"
"1963","Lemessos","Licensed Store","Cyprus","Limassol","Limassol","3035","Grida Digeni Anastasi Sioukri Str, Lemesos","[34.68445,33.05264]","","Mo-Su 06:30-22:30"
"1959","Lemessos Germasoia","Licensed Store","Cyprus","Germasogeia","Limassol","4045","8, Georgiou A.,, Lemesos","[34.69701,33.09236]","","Mo-Su 06:30-23:00"
"1960","Lemessos Enaerios","Licensed Store","Cyprus","Limassol","Limassol","3106","3, Makarioy Ave.,, Lemesos","[34.68491,33.05978]","","Mo-Su 07:00-22:30"
"1016652","Q City Center","Licensed Store","Cyprus","Larnaca","Larnaca","6021","D.N. Dimitriou, PC 6022, Larnaka","[34.91365,33.63477]","","Mo-Th 08:00-20:00; Fr-Su 08:00-21:00"
"1964","Anexartisias","Licensed Store","Cyprus","Limassol","Limassol","3040","Megaro Anexartisias, Lemesos","[34.68019,33.04325]","","Mo-Fr 07:00-22:00; Sa-Su 07:30-22:00"
"1965","Themistokli Dervi Griva Digeni","Licensed Store","Cyprus","Nicosia","Nicosia","1066","Griva Digeni 48, Nicosia","[35.16317,33.35873]","","Mo-Su 06:30-23:00"
"1958","Larnaca Foinikoudes","Licensed Store","Cyprus","Larnaca","Larnaca","6023","18,Athinon Str,, Larnaca","[34.91426,33.63751]","","Mo-Fr 07:30-21:00; Sa-Su 08:00-22:00"
"1961","Kato Pafos","Licensed Store","Cyprus","Paphos","Paphos","8041","1 2 Semeli House Posidonos Ave, Paphos","[34.75640,32.41715]","","Mo-Su 07:00-22:30"
"1962","Shacolas Emporium Park","Licensed Store","Cyprus","Strovolos","Nicosia","2030","3 Verginas Str Strovolos, Nicosia","[35.12997,33.36926]","","Mo-Th 08:30-23:00; Fr-Sa 08:30-23:30; Su 08:30-23:00"
"1022513","Nicosia Mall of Cyprus","Licensed Store","Cyprus","Strovolos","Nicosia","2030","VERGINAS STR 3 STROVOLOS, NICOSIA","[35.13029,33.37082]","","Mo-Su 08:30-21:00"
"1022445","Protaras Amochostou","Licensed Store","Cyprus","Paralimni","Famagusta","5296","PROTARAS ROAD FIG TREE BAY AREA, PROATARAS","[35.01153,34.05674]","","Mo-Su 08:30-21:30"
"1025599","Kato Polemidia","Licensed Store","Cyprus","Kato Polemidia","Limassol","4154","20 Katsantonaion Str Kato polemidia, Lemesos","[34.68664,33.01129]","","Mo-Su 06:30-21:00"
"8710800","Nicosia Stavrou","Licensed Store","Cyprus","Strovolos","Nicosia","2035","47 Stavrou, Nicosia","[35.13615,33.35304]","+357 22 540300","Mo-Su 06:30-22:30"
"1014099","Engomi Student Residence","Licensed Store","Cyprus","Egkomi","Nicosia","2414","16 Porfiriou Dikeou Str, Nicosia","[35.16429,33.31722]","","Mo-Fr 07:00-22:30; Sa-Su 07:30-22:30"
"1023675","Bratislava Bory Mall","Licensed Store","Slovakia","Bratislava","Bratislava Region","840 02","Lama 6780, Bratislava","[48.20560,17.03393]","","Mo-Su 09:00-21:00"
"1029360","Bratislava, Stanica Nivy","Licensed Store","Slovakia","Bratislava","Bratislava Region","821 09","Mlynske Nivy, Bratislava","[48.14719,17.12706]","","Mo-Su 07:00-21:00"
"1019214","Bratislava, Central Shopping M","Licensed Store","Slovakia","Bratislava","Bratislava Region","831 03","Metodova 6, Bratislava","[48.16225,17.12936]","","Mo-Fr 07:00-21:00; Sa-Su 08:00-21:00"
"1056142","Kosice Hlavna","Licensed Store","Slovakia","Košice","Košice Region","040 01","Hlavna 111 Stare Mesto 040 01 Kosice, Kosice","[48.71966,21.25914]","","Mo-Fr 07:00-21:00; Sa-Su 08:30-21:00"
"1028962","Presov Forum","Licensed Store","Slovakia","Prešov","Prešov Region","080 01","Namestie legionarov 6824 1, Presov","[48.99273,21.24229]","","Mo-Fr 07:30-21:00; Sa-Su 08:30-21:00"
"8963800","Zilina Na Strelnici Drive Thru","Licensed Store","Slovakia","Žilina","Žilina Region","010 01","Na Strelnici 01001 Zilina, Zilina","[49.22833,18.74606]","",""
"1025745","Zilina Aupark","Licensed Store","Slovakia","Žilina","Žilina Region","010 01","Velka Okruzna 59A, Zilina","[49.22069,18.74048]","","Mo-Fr 07:30-21:00; Sa-Su 09:00-21:00"
"1016682","Bratislava, Avion Shopping Par","Licensed Store","Slovakia","Bratislava","Bratislava Region","821 04","Ivanska cesta 16, Bratislava","[48.16493,17.18149]","","Mo-Su 08:00-21:00"
"1015388","Bratislava, AuPark","Licensed Store","Slovakia","Bratislava","Bratislava Region","851 01","Einsteinova 3541/18, Bratislava","[48.13275,17.10808]","","Mo-Fr 08:00-21:00; Sa-Su 08:30-21:00"
"1015485","Bratislava, Eurovea","Licensed Store","Slovakia","Bratislava","Bratislava Region","821 09","Pribinova 8 811 09 Bratislava, Bratislava","[48.14045,17.12098]","","Mo-Su 08:30-21:00"
"8516500","Banska Bystrica Europa","Licensed Store","Slovakia","Banská Bystrica","Banská Bystrica Region","974 01","Na Troskach 25, Banska Bystrica","[48.73086,19.13686]","","Mo-Fr 07:30-21:00; Sa-Su 08:30-21:00"
"1028409","Nitra OC Mlyny","Licensed Store","Slovakia","Nitra","Nitra Region","949 01","Stefanikova trieda 35 61, Nitra","[48.30711,18.08702]","","Mo-Fr 07:30-21:00; Sa-Su 09:00-21:00"
"1051674","Trencin, Laugaricio","Licensed Store","Slovakia","Trenčín","Trenčín Region","911 01","7271 Bela 911 01 Trencin, Trencin","[48.86578,18.02044]","","Mo-Fr 08:00-21:00; Sa-Su 08:00-20:00"
"1026957","Bratislava Sedlarska","Licensed Store","Slovakia","Bratislava","Bratislava Region","811 01","Sedlarska 12, Bratislava","[48.14341,17.10763]","","Mo-Fr 07:00-21:00; Sa-Su 08:00-21:00"
"1055804","Bratislava Vivo","Licensed Store","Slovakia","Bratislava","Bratislava Region","831 04","Vajnorska 100, Bratisllava, Nove Mesto, 83104, Bratislava","[48.16823,17.13840]","","Mo-Fr 07:30-21:00; Sa-Su 08:30-21:00"
"1044186","Kosice Aupark","Licensed Store","Slovakia","Košice","Košice Region","040 01","Namestie osloboditelov 1 040 01 Kosice, Kosice","[48.71787,21.26361]","","Mo-Fr 07:30-21:00; Sa-Su 08:00-21:00"
"1014602","Budapest, Egyetem ter","Joint Venture","Hungary","Budapest","Budapest","1053","4 Egyetem sqr, Budapest","[47.49055,19.05888]","","Mo-Fr 07:00-19:00; Sa 08:00-19:00; Su 09:00-18:00"
"68302","Budapest, Bazilika","Joint Venture","Hungary","Budapest","Budapest","1051","Hercegprimas utca 7, Budapest","[47.50019,19.05337]","+36 70 682 1914","Mo-Fr 07:30-20:30; Sa 08:30-21:00; Su 08:30-20:30"
"1029432","Budapest Szervita","Joint Venture","Hungary","Budapest","Budapest","1052","Pet fi S ndor u 17 19, Budapest","[47.49492,19.05358]","","Mo-Fr 07:00-21:00; Sa-Su 08:00-21:00"
"1020614","Budaors Sport Street","Joint Venture","Hungary","Budaörs","Pest County","2040","2-4 Sport str, Budaors","[47.45494,18.94333]","","Mo-Fr 07:00-20:30; Sa 08:00-20:30; Su 08:00-20:00"
"1022595","Debrecen Golden Bull","Joint Venture","Hungary","Debrecen","Hajdú-Bihar","4025","Piac str. 11-15, Debrecen","[47.53066,21.62434]","","Mo-Th 08:00-20:00; Fr-Sa 08:00-21:00; Su 08:00-20:00"
"1026389","Budapest, Gellert ter","Joint Venture","Hungary","Budapest","Budapest","1111","Gellert ter 3, Budapest","[47.48318,19.05347]","","Mo-Fr 07:00-21:00; Sa 08:00-21:00; Su 09:00-20:00"
"1026665","Szeged, Karasz","Joint Venture","Hungary","Szeged","Csongrád","6728","Karasz utca 5, Szeged","[46.25200,20.08496]","","Mo-Su 07:30-19:00"
"1005350","Budapest Arkad","Joint Venture","Hungary","Budapest","Budapest","1106","Kerepesi ut 61, Budapest","[47.50267,19.13688]","+36 70 682 1918","Mo-Sa 08:00-21:00; Su 08:00-20:00"
"1029900","Budapest, Etele Plaza","Joint Venture","Hungary","Budapest","Budapest","1119","12 Etele str, Budapest","[47.46439,19.02424]","","Mo-Fr 07:00-21:00; Sa 08:00-21:00; Su 08:00-20:00"
"1029780","Vecses, Market Central","Joint Venture","Hungary","Vecsés","Pest County","2220","Vecses, Fo ut 246-248, Vecses","[47.41650,19.25000]","","Mo-Su 07:00-21:00"
"19016","Budapest, Westend","Joint Venture","Hungary","Budapest","Budapest","1062","Vaci ut 1 3, Budapest","[47.51248,19.05762]","+36 70 682 1910","Mo-Fr 07:00-21:00; Sa-Su 08:00-21:00"
"65779","Budapest, Szena","Joint Venture","Hungary","Budapest","Budapest","1024","Margit krt 91, Budapest","[47.50811,19.02613]","+36 70 682 1916","Mo-Fr 06:30-20:00; Sa-Su 08:00-20:00"
"19398","Budapest, Kiraly","Joint Venture","Hungary","Budapest","Budapest","1073","Erzs bet krt 53, Budapest","[47.50331,19.06575]","+36 70 682 1907","Mo-We 06:30-20:00; Th-Sa 06:30-21:00; Su 06:30-19:00"
"1023146","Budapest Gozsdu 2","Joint Venture","Hungary","Budapest","Budapest","1061","22 Kirly str, Budapest","[47.49932,19.05827]","","Mo-Fr 07:00-20:00; Sa-Su 08:00-20:00"
"19375","Budapest, Mammut","Joint Venture","Hungary","Budapest","Budapest","1024","Lovohaz utca 2 6, Budapest","[47.50884,19.02724]","+36 70 682 1912","Mo-Sa 08:00-21:00; Su 09:00-20:00"
"1011124","Budapest, Oktogon","Joint Venture","Hungary","Budapest","Budapest","1067","4 Oktogon sqr H 1067 Budapest, Budapest","[47.50561,19.06336]","+36 70 682 1801","Mo-Fr 07:00-21:00; Sa 08:00-21:00; Su 08:00-20:00"
"1022675","Budapest Ferenciek","Joint Venture","Hungary","Budapest","Budapest","1053","Ferenciek sqr 2, Budapest","[47.49265,19.05507]","","Mo-Su 07:00-20:00"
"1015529","Budapest, Castle Hilton","Joint Venture","Hungary","Budapest","Budapest","1014","1 3 Hess Andras str, Budapest","[47.50262,19.03430]","","Mo-Fr 08:30-21:00; Sa-Su 08:30-20:00"
"1020574","Szeged Arkad","Joint Venture","Hungary","Szeged","Csongrád","6724","Szeged Londoni krt 3, Szeged","[46.25439,20.13801]","","Mo-Sa 08:00-20:00; Su 09:00-19:00"
"1026832","Pecs Arkad","Joint Venture","Hungary","Pécs","Baranya","7622","Bajcsy-Zsilinszki u. 11/1, Pecs","[46.07237,18.23208]","","Mo-Fr 07:00-20:00; Sa 08:00-20:00; Su 08:00-19:00"
"1025682","Budapest, Duna Plaza","Joint Venture","Hungary","Budapest","Budapest","1138","Vaci, Budapest","[47.54834,19.07283]","","Mo-Sa 08:30-20:00; Su 08:30-19:00"
"1022293","Debrecen Forum","Joint Venture","Hungary","Debrecen","Hajdú-Bihar","4024","Csapo str 30, Debrecen","[47.53264,21.62934]","","Mo 08:00-20:00; Tu-Sa 09:00-20:00; Su 09:00-18:00"
"1053623","Kecskemet Malom","Joint Venture","Hungary","Kecskemét","Bács-Kiskun","6000","Kecskemet, Korona utca 2, Kecskemet","[46.90778,19.68882]","","Mo-Fr 07:00-20:00; Sa 08:00-20:00; Su 08:00-19:00"
"1009458","Budapest, Allee","Joint Venture","Hungary","Budapest","Budapest","1117","8 10 Oktober 23 Street, Budapest","[47.46727,19.05547]","+36 70 682 1802","Mo-Fr 07:00-21:00; Sa 07:30-21:00; Su 08:00-20:00"
"1029147","Budapest, Podmaniczky","Joint Venture","Hungary","Budapest","Budapest","1051","Podmaniczky, Budapest","[47.50281,19.05415]","","Mo-Fr 07:00-20:00; Sa-Su 08:00-20:00"
"1029316","Budapest, Fovam","Joint Venture","Hungary","Budapest","Budapest","1056","Fovam sqr, Budapest","[47.48751,19.05703]","","Mo-Fr 07:00-20:00; Sa 08:00-20:00; Su 09:00-20:00"
"1020404","Budapest Westend 2","Joint Venture","Hungary","Budapest","Budapest","1062","Vaci str 1 3, Budapest","[47.51392,19.05903]","","Mo-Sa 07:00-21:00; Su 08:00-20:00"
"1027328","Dunakeszi Retail Park","Joint Venture","Hungary","Dunakeszi","Pest County","2120","Ndas u. 6, Dunakeszi","[47.60693,19.11598]","","Mo-Sa 08:00-20:00; Su 09:00-19:00"
"8536700","Budapest Airport Sky Court","Licensed Store","Hungary","Vecsés","Pest County","2220","Budapest Airport Terminal 2B 1185Budapest Hungary, Budapest","[47.43856,19.25414]","",""
"1013807","Budapest Corvin","Joint Venture","Hungary","Budapest","Budapest","1082","37 Futo str, Budapest","[47.48611,19.07444]","+36 70 682 1929","Mo-Fr 07:00-21:00; Sa 08:00-21:00; Su 08:00-20:00"
"1023839","Biatorbagy Premier Outlet Buda","Joint Venture","Hungary","Biatorbágy","Pest County","2051","Budaorsi 4., Biatorbagy","[47.46471,18.88886]","","Mo-Su 09:30-20:00"
"1016689","Budapest Astoria","Joint Venture","Hungary","Budapest","Budapest","1088","1-3 Rakoczi str, Budapest","[47.49425,19.06080]","","Mo-Sa 07:00-20:00; Su 08:00-19:00"
"1027045","Budapest Kolosy","Joint Venture","Hungary","Budapest","Budapest","1037","Kolosy ter 2, Budapest","[47.52823,19.03641]","","Mo-Fr 07:00-21:00; Sa 08:00-21:00; Su 08:00-20:00"
"1024095","Budapest Polus","Joint Venture","Hungary","Budapest","Budapest","1152","Szentmihlyi t 131, Budapest","[47.55275,19.14367]","","Mo-Sa 08:00-20:00; Su 09:00-19:00"
"69041","Budapest, Arena","Joint Venture","Hungary","Budapest","Budapest","1087","Kerepesi t 9, Budapest","[47.49830,19.09161]","+36 70 682 1920","Mo-Sa 09:00-21:00; Su 09:00-20:00"
"89136","Budapest Fashion Street","Joint Venture","Hungary","Budapest","Budapest","1041","De k Ferenc utca 23, Budapest","[47.49723,19.05373]","+36 70 682 1908","Mo-We 07:00-22:00; Th-Sa 07:00-23:00; Su 07:00-22:00"
"1016676","Budapest Keleti","Joint Venture","Hungary","Budapest","Budapest","1074","14 Baross square, Budapest","[47.50057,19.08159]","","Mo-We 06:30-20:00; Th-Sa 06:30-21:00; Su 06:30-19:00"
"1027227","Budapest, Mechwart","Joint Venture","Hungary","Budapest","Budapest","1024","Margit Krt 43, Budapest","[47.51127,19.03261]","","Mo-Fr 06:30-20:00; Sa-Su 08:00-20:00"
"1019413","Budapest Promenade","Joint Venture","Hungary","Budapest","Budapest","1052","Vigado sqr, Budapest","[47.49524,19.04892]","","Mo-Th 07:00-21:00; Fr-Sa 07:00-22:00; Su 08:00-21:00"
"1018375","Budapest, Nyugati","Joint Venture","Hungary","Budapest","Budapest","1065","Nyugati sqr 1-2, Budapest","[47.50972,19.05590]","","Mo-Su 07:00-21:00"
"1022119","Sofia, Bulgaria Mall","Licensed Store","Bulgaria","Sofia","Sofia City Province","1404","69 Bulgaria Blvd, Sofia","[42.66469,23.28834]","","Mo-Fr 07:30-21:00; Sa-Su 08:00-21:00"
"273","Sofia, Nansen and Levski","Licensed Store","Bulgaria","Sofia","Sofia City Province","1142","V Lefski Blvd Frityof Nansen, Sofia","[42.68613,23.32145]","","Mo-Fr 07:30-21:00; Sa-Su 08:00-21:00"
"272","Sofia Gurko","Licensed Store","Bulgaria","Sofia","Sofia City Province","1142","Vas Lefski Bulvd and Gurko street, Sofia","[42.68993,23.33143]","","Mo-Fr 07:30-21:00; Sa-Su 08:30-21:30"
"271","Burgas Plaza Mall","Licensed Store","Bulgaria","Burgas","Burgas","8008","Stefan Stambolov Blvd Transportna Str, Burgas","[42.53040,27.45717]","","Mo-Su 09:00-21:00"
"1056055","Sofia_Business Park_Building 5","Licensed Store","Bulgaria","Sofia","Sofia City Province","1766","Building 5, Business Park Sofia, 5A, 1766, Mladost 4, Sofia, Bulgaria, Sofia","[42.62427,23.37749]","",""
"18919","Sofia, The Mall","Licensed Store","Bulgaria","Sofia","Sofia City Province","1784","Tsarigradsko Blvd, Sofia","[42.66049,23.38243]","","Mo-Fr 07:30-21:30; Sa-Su 08:00-21:30"
"1022693","Plovdiv Mall","Licensed Store","Bulgaria","Plovdiv","Plovdiv Province","4002","Perushtitsa 8 Plovdiv Mall, Plovdiv","[42.14150,24.71950]","","Mo-Su 08:00-21:00"
"1023697","Plovdiv Plaza","Licensed Store","Bulgaria","Plovdiv","Plovdiv Province","4019","3 Dr Georgi Stranski str, Plovdiv","[42.14498,24.78242]","","Mo-Su 09:00-21:00"
"1020506","Sofia, Ring Mall","Licensed Store","Bulgaria","Sofia","Sofia City Province","1434","214 Okolovrusten put, Sofia","[42.62470,23.35237]","","Mo-Fr 08:00-21:00; Sa-Su 08:00-21:30"
"1019245","Sofia Saborna","Licensed Store","Bulgaria","Sofia","Sofia City Province","1000","Saborna 1, Sofia","[42.69559,23.32487]","","Mo-Su 08:00-21:30"
"1019282","Galleria Burgas","Licensed Store","Bulgaria","Burgas","Burgas","8001","6 Yanko Komitov str, Burgas","[42.51274,27.45513]","","Mo-Su 09:00-21:00"
"1022494","Varna, Roman Tower","Licensed Store","Bulgaria","Varna","Varna","9000","13 Voden Str, Varna","[43.20340,27.91669]","","Mo-Fr 07:30-21:00; Sa-Su 08:00-21:00"
"1021009","Sofia, Serdika Center","Licensed Store","Bulgaria","Sofia","Sofia City Province","1505","48 Sitnyakovo Blvd, Sofia","[42.69234,23.35461]","","Mo-Su 08:30-22:00"
"1051673","Sofia Airport Airside","Licensed Store","Bulgaria","Sofia","Sofia City Province","1528","1 Christopher Colombus Blvd, Sofia","[42.68841,23.41359]","",""
"1024774","Varna, Delta Planet","Licensed Store","Bulgaria","Varna","Varna","9009","Republica Blvd, Varna","[43.22742,27.87529]","","Mo-Su 08:30-20:30"
"1044017","Sofia, Slaveykov Square","Licensed Store","Bulgaria","Sofia","Sofia City Province","1000","Ulitsa Georgi S. Rakovski 151, Sofia,  Bulgaria, Sofia","[42.69152,23.32496]","","Mo-Fr 07:30-21:30; Sa-Su 08:00-21:30"
"1044274","Varna, Grand Mall","Licensed Store","Bulgaria","Varna","Varna","9009","Varna 2 Andrey Sakharov Street, Varna","[43.22218,27.87320]","","Mo-Su 08:30-22:00"
"1007268","Sofia, Paradise Mall","Licensed Store","Bulgaria","Sofia","Sofia City Province","1407","100 Cherni Vrah Blvd, Sofia","[42.65708,23.31561]","","Mo-Su 08:00-21:30"
